2025-03-24 02:28:26.396 [] [] INFO  [restartedMain] sn.fr.samagp.SamaGpApiApplication - Starting SamaGpApiApplication using Java 17.0.7 with PID 13952 (/Users/mac/Desktop/samaGp/samagp-api-ms/target/classes started by mac in /Users/mac/Desktop/samaGp/samagp-api-ms)
2025-03-24 02:28:26.398 [] [] INFO  [restartedMain] sn.fr.samagp.SamaGpApiApplication - The following 1 profile is active: "dev"
2025-03-24 02:28:26.445 [] [] INFO  [restartedMain] o.s.b.d.e.DevToolsPropertyDefaultsPostProcessor - Devtools property defaults active! Set 'spring.devtools.add-properties' to 'false' to disable
2025-03-24 02:28:26.445 [] [] INFO  [restartedMain] o.s.b.d.e.DevToolsPropertyDefaultsPostProcessor - For additional web related logging consider setting the 'logging.level.web' property to 'DEBUG'
2025-03-24 02:28:27.362 [] [] INFO  [restartedMain] o.s.i.c.DefaultConfiguringBeanFactoryPostProcessor - No bean named 'errorChannel' has been explicitly defined. Therefore, a default PublishSubscribeChannel will be created.
2025-03-24 02:28:27.375 [] [] INFO  [restartedMain] o.s.i.c.DefaultConfiguringBeanFactoryPostProcessor - No bean named 'integrationHeaderChannelRegistry' has been explicitly defined. Therefore, a default DefaultHeaderChannelRegistry will be created.
2025-03-24 02:28:28.020 [] [] INFO  [restartedMain] o.s.b.w.e.tomcat.TomcatWebServer - Tomcat initialized with port 8084 (http)
2025-03-24 02:28:28.045 [] [] INFO  [restartedMain] o.a.catalina.core.StandardService - Starting service [Tomcat]
2025-03-24 02:28:28.046 [] [] INFO  [restartedMain] o.a.catalina.core.StandardEngine - Starting Servlet engine: [Apache Tomcat/10.1.36]
2025-03-24 02:28:28.128 [] [] INFO  [restartedMain] o.a.c.c.C.[.[localhost].[/samagp] - Initializing Spring embedded WebApplicationContext
2025-03-24 02:28:28.128 [] [] INFO  [restartedMain] o.s.b.w.s.c.ServletWebServerApplicationContext - Root WebApplicationContext: initialization completed in 1682 ms
2025-03-24 02:28:28.957 [] [] INFO  [restartedMain] o.s.b.d.a.OptionalLiveReloadServer - LiveReload server is running on port 35729
2025-03-24 02:28:29.051 [] [] INFO  [restartedMain] o.s.i.endpoint.EventDrivenConsumer - Adding {logging-channel-adapter:_org.springframework.integration.errorLogger} as a subscriber to the 'errorChannel' channel
2025-03-24 02:28:29.052 [] [] INFO  [restartedMain] o.s.i.c.PublishSubscribeChannel - Channel 'samagp.errorChannel' has 1 subscriber(s).
2025-03-24 02:28:29.053 [] [] INFO  [restartedMain] o.s.i.endpoint.EventDrivenConsumer - started bean '_org.springframework.integration.errorLogger'
2025-03-24 02:28:29.121 [] [] INFO  [restartedMain] o.s.b.w.e.tomcat.TomcatWebServer - Tomcat started on port 8084 (http) with context path '/samagp'
2025-03-24 02:28:29.136 [] [] INFO  [restartedMain] sn.fr.samagp.SamaGpApiApplication - Started SamaGpApiApplication in 3.592 seconds (process running for 4.324)
2025-03-24 02:30:53.258 [] [] INFO  [SpringApplicationShutdownHook] o.s.b.w.e.tomcat.GracefulShutdown - Commencing graceful shutdown. Waiting for active requests to complete
2025-03-24 02:30:53.281 [] [] INFO  [tomcat-shutdown] o.s.b.w.e.tomcat.GracefulShutdown - Graceful shutdown complete
2025-03-24 02:30:53.321 [] [] INFO  [SpringApplicationShutdownHook] o.s.i.endpoint.EventDrivenConsumer - Removing {logging-channel-adapter:_org.springframework.integration.errorLogger} as a subscriber to the 'errorChannel' channel
2025-03-24 02:30:53.322 [] [] INFO  [SpringApplicationShutdownHook] o.s.i.c.PublishSubscribeChannel - Channel 'samagp.errorChannel' has 0 subscriber(s).
2025-03-24 02:30:53.323 [] [] INFO  [SpringApplicationShutdownHook] o.s.i.endpoint.EventDrivenConsumer - stopped bean '_org.springframework.integration.errorLogger'
2025-03-24 02:30:55.876 [] [] INFO  [restartedMain] sn.fr.samagp.SamaGpApiApplication - Starting SamaGpApiApplication using Java 17.0.7 with PID 16302 (/Users/mac/Desktop/samaGp/samagp-api-ms/target/classes started by mac in /Users/mac/Desktop/samaGp/samagp-api-ms)
2025-03-24 02:30:55.878 [] [] INFO  [restartedMain] sn.fr.samagp.SamaGpApiApplication - The following 1 profile is active: "dev"
2025-03-24 02:30:55.934 [] [] INFO  [restartedMain] o.s.b.d.e.DevToolsPropertyDefaultsPostProcessor - Devtools property defaults active! Set 'spring.devtools.add-properties' to 'false' to disable
2025-03-24 02:30:55.935 [] [] INFO  [restartedMain] o.s.b.d.e.DevToolsPropertyDefaultsPostProcessor - For additional web related logging consider setting the 'logging.level.web' property to 'DEBUG'
2025-03-24 02:30:56.905 [] [] INFO  [restartedMain] o.s.i.c.DefaultConfiguringBeanFactoryPostProcessor - No bean named 'errorChannel' has been explicitly defined. Therefore, a default PublishSubscribeChannel will be created.
2025-03-24 02:30:56.919 [] [] INFO  [restartedMain] o.s.i.c.DefaultConfiguringBeanFactoryPostProcessor - No bean named 'integrationHeaderChannelRegistry' has been explicitly defined. Therefore, a default DefaultHeaderChannelRegistry will be created.
2025-03-24 02:30:57.512 [] [] INFO  [restartedMain] o.s.b.w.e.tomcat.TomcatWebServer - Tomcat initialized with port 8084 (http)
2025-03-24 02:30:57.526 [] [] INFO  [restartedMain] o.a.catalina.core.StandardService - Starting service [Tomcat]
2025-03-24 02:30:57.526 [] [] INFO  [restartedMain] o.a.catalina.core.StandardEngine - Starting Servlet engine: [Apache Tomcat/10.1.36]
2025-03-24 02:30:57.589 [] [] INFO  [restartedMain] o.a.c.c.C.[.[localhost].[/samagp] - Initializing Spring embedded WebApplicationContext
2025-03-24 02:30:57.590 [] [] INFO  [restartedMain] o.s.b.w.s.c.ServletWebServerApplicationContext - Root WebApplicationContext: initialization completed in 1654 ms
2025-03-24 02:30:58.352 [] [] INFO  [restartedMain] o.s.b.d.a.OptionalLiveReloadServer - LiveReload server is running on port 35729
2025-03-24 02:30:58.444 [] [] INFO  [restartedMain] o.s.i.endpoint.EventDrivenConsumer - Adding {logging-channel-adapter:_org.springframework.integration.errorLogger} as a subscriber to the 'errorChannel' channel
2025-03-24 02:30:58.445 [] [] INFO  [restartedMain] o.s.i.c.PublishSubscribeChannel - Channel 'samagp.errorChannel' has 1 subscriber(s).
2025-03-24 02:30:58.446 [] [] INFO  [restartedMain] o.s.i.endpoint.EventDrivenConsumer - started bean '_org.springframework.integration.errorLogger'
2025-03-24 02:30:58.509 [] [] INFO  [restartedMain] o.s.b.w.e.tomcat.TomcatWebServer - Tomcat started on port 8084 (http) with context path '/samagp'
2025-03-24 02:30:58.522 [] [] INFO  [restartedMain] sn.fr.samagp.SamaGpApiApplication - Started SamaGpApiApplication in 3.405 seconds (process running for 4.125)
2025-03-24 02:31:39.076 [] [] INFO  [SpringApplicationShutdownHook] o.s.b.w.e.tomcat.GracefulShutdown - Commencing graceful shutdown. Waiting for active requests to complete
2025-03-24 02:31:39.088 [] [] INFO  [tomcat-shutdown] o.s.b.w.e.tomcat.GracefulShutdown - Graceful shutdown complete
2025-03-24 02:31:39.119 [] [] INFO  [SpringApplicationShutdownHook] o.s.i.endpoint.EventDrivenConsumer - Removing {logging-channel-adapter:_org.springframework.integration.errorLogger} as a subscriber to the 'errorChannel' channel
2025-03-24 02:31:39.119 [] [] INFO  [SpringApplicationShutdownHook] o.s.i.c.PublishSubscribeChannel - Channel 'samagp.errorChannel' has 0 subscriber(s).
2025-03-24 02:31:39.120 [] [] INFO  [SpringApplicationShutdownHook] o.s.i.endpoint.EventDrivenConsumer - stopped bean '_org.springframework.integration.errorLogger'
2025-03-24 12:48:15.791 [] [] INFO  [restartedMain] sn.fr.samagp.SamaGpApiApplication - Starting SamaGpApiApplication using Java 17.0.7 with PID 4194 (/Users/mac/Desktop/samaGp/samagp-api-ms/target/classes started by mac in /Users/mac/Desktop/samaGp/samagp-api-ms)
2025-03-24 12:48:15.793 [] [] INFO  [restartedMain] sn.fr.samagp.SamaGpApiApplication - The following 1 profile is active: "dev"
2025-03-24 12:48:15.844 [] [] INFO  [restartedMain] o.s.b.d.e.DevToolsPropertyDefaultsPostProcessor - Devtools property defaults active! Set 'spring.devtools.add-properties' to 'false' to disable
2025-03-24 12:48:15.845 [] [] INFO  [restartedMain] o.s.b.d.e.DevToolsPropertyDefaultsPostProcessor - For additional web related logging consider setting the 'logging.level.web' property to 'DEBUG'
2025-03-24 12:48:17.004 [] [] INFO  [restartedMain] o.s.i.c.DefaultConfiguringBeanFactoryPostProcessor - No bean named 'errorChannel' has been explicitly defined. Therefore, a default PublishSubscribeChannel will be created.
2025-03-24 12:48:17.021 [] [] INFO  [restartedMain] o.s.i.c.DefaultConfiguringBeanFactoryPostProcessor - No bean named 'integrationHeaderChannelRegistry' has been explicitly defined. Therefore, a default DefaultHeaderChannelRegistry will be created.
2025-03-24 12:48:17.759 [] [] INFO  [restartedMain] o.s.b.w.e.tomcat.TomcatWebServer - Tomcat initialized with port 8084 (http)
2025-03-24 12:48:17.777 [] [] INFO  [restartedMain] o.a.catalina.core.StandardService - Starting service [Tomcat]
2025-03-24 12:48:17.777 [] [] INFO  [restartedMain] o.a.catalina.core.StandardEngine - Starting Servlet engine: [Apache Tomcat/10.1.36]
2025-03-24 12:48:17.840 [] [] INFO  [restartedMain] o.a.c.c.C.[.[localhost].[/samagp] - Initializing Spring embedded WebApplicationContext
2025-03-24 12:48:17.843 [] [] INFO  [restartedMain] o.s.b.w.s.c.ServletWebServerApplicationContext - Root WebApplicationContext: initialization completed in 1997 ms
2025-03-24 12:48:17.926 [] [] WARN  [restartedMain] o.s.b.w.s.c.AnnotationConfigServletWebServerApplicationContext - Exception encountered during context initialization - cancelling refresh attempt: org.springframework.beans.factory.UnsatisfiedDependencyException: Error creating bean with name 'annonceController' defined in file [/Users/mac/Desktop/samaGp/samagp-api-ms/target/classes/sn/fr/samagp/apicontroller/AnnonceController.class]: Unsatisfied dependency expressed through constructor parameter 0: Error creating bean with name 'annonceServiceImp' defined in file [/Users/mac/Desktop/samaGp/samagp-api-ms/target/classes/sn/fr/samagp/services/impl/AnnonceServiceImp.class]: Unsatisfied dependency expressed through constructor parameter 0: No qualifying bean of type 'sn.fr.samagp.repository.AnnonceRepository' available: expected at least 1 bean which qualifies as autowire candidate. Dependency annotations: {}
2025-03-24 12:48:17.934 [] [] INFO  [restartedMain] o.a.catalina.core.StandardService - Stopping service [Tomcat]
2025-03-24 12:48:17.954 [] [] INFO  [restartedMain] o.s.b.a.l.ConditionEvaluationReportLogger - 

Error starting ApplicationContext. To display the condition evaluation report re-run your application with 'debug' enabled.
2025-03-24 12:48:17.985 [] [] ERROR [restartedMain] o.s.b.d.LoggingFailureAnalysisReporter - 

***************************
APPLICATION FAILED TO START
***************************

Description:

Parameter 0 of constructor in sn.fr.samagp.services.impl.AnnonceServiceImp required a bean of type 'sn.fr.samagp.repository.AnnonceRepository' that could not be found.


Action:

Consider defining a bean of type 'sn.fr.samagp.repository.AnnonceRepository' in your configuration.

2025-03-24 12:50:07.848 [] [] INFO  [restartedMain] sn.fr.samagp.SamaGpApiApplication - Starting SamaGpApiApplication using Java 17.0.7 with PID 5927 (/Users/mac/Desktop/samaGp/samagp-api-ms/target/classes started by mac in /Users/mac/Desktop/samaGp/samagp-api-ms)
2025-03-24 12:50:07.851 [] [] INFO  [restartedMain] sn.fr.samagp.SamaGpApiApplication - The following 1 profile is active: "dev"
2025-03-24 12:50:07.916 [] [] INFO  [restartedMain] o.s.b.d.e.DevToolsPropertyDefaultsPostProcessor - Devtools property defaults active! Set 'spring.devtools.add-properties' to 'false' to disable
2025-03-24 12:50:07.916 [] [] INFO  [restartedMain] o.s.b.d.e.DevToolsPropertyDefaultsPostProcessor - For additional web related logging consider setting the 'logging.level.web' property to 'DEBUG'
2025-03-24 12:50:09.590 [] [] INFO  [restartedMain] o.s.i.c.DefaultConfiguringBeanFactoryPostProcessor - No bean named 'errorChannel' has been explicitly defined. Therefore, a default PublishSubscribeChannel will be created.
2025-03-24 12:50:09.606 [] [] INFO  [restartedMain] o.s.i.c.DefaultConfiguringBeanFactoryPostProcessor - No bean named 'integrationHeaderChannelRegistry' has been explicitly defined. Therefore, a default DefaultHeaderChannelRegistry will be created.
2025-03-24 12:50:10.259 [] [] INFO  [restartedMain] o.s.b.w.e.tomcat.TomcatWebServer - Tomcat initialized with port 8084 (http)
2025-03-24 12:50:10.277 [] [] INFO  [restartedMain] o.a.catalina.core.StandardService - Starting service [Tomcat]
2025-03-24 12:50:10.278 [] [] INFO  [restartedMain] o.a.catalina.core.StandardEngine - Starting Servlet engine: [Apache Tomcat/10.1.36]
2025-03-24 12:50:10.342 [] [] INFO  [restartedMain] o.a.c.c.C.[.[localhost].[/samagp] - Initializing Spring embedded WebApplicationContext
2025-03-24 12:50:10.342 [] [] INFO  [restartedMain] o.s.b.w.s.c.ServletWebServerApplicationContext - Root WebApplicationContext: initialization completed in 2425 ms
2025-03-24 12:50:10.407 [] [] WARN  [restartedMain] o.s.b.w.s.c.AnnotationConfigServletWebServerApplicationContext - Exception encountered during context initialization - cancelling refresh attempt: org.springframework.beans.factory.UnsatisfiedDependencyException: Error creating bean with name 'annonceController' defined in file [/Users/mac/Desktop/samaGp/samagp-api-ms/target/classes/sn/fr/samagp/apicontroller/AnnonceController.class]: Unsatisfied dependency expressed through constructor parameter 0: Error creating bean with name 'annonceServiceImp' defined in file [/Users/mac/Desktop/samaGp/samagp-api-ms/target/classes/sn/fr/samagp/services/impl/AnnonceServiceImp.class]: Unsatisfied dependency expressed through constructor parameter 0: No qualifying bean of type 'sn.fr.samagp.repository.AnnonceRepository' available: expected at least 1 bean which qualifies as autowire candidate. Dependency annotations: {}
2025-03-24 12:50:10.411 [] [] INFO  [restartedMain] o.a.catalina.core.StandardService - Stopping service [Tomcat]
2025-03-24 12:50:10.434 [] [] INFO  [restartedMain] o.s.b.a.l.ConditionEvaluationReportLogger - 

Error starting ApplicationContext. To display the condition evaluation report re-run your application with 'debug' enabled.
2025-03-24 12:50:10.466 [] [] ERROR [restartedMain] o.s.b.d.LoggingFailureAnalysisReporter - 

***************************
APPLICATION FAILED TO START
***************************

Description:

Parameter 0 of constructor in sn.fr.samagp.services.impl.AnnonceServiceImp required a bean of type 'sn.fr.samagp.repository.AnnonceRepository' that could not be found.


Action:

Consider defining a bean of type 'sn.fr.samagp.repository.AnnonceRepository' in your configuration.

2025-03-24 12:53:32.808 [] [] INFO  [restartedMain] sn.fr.samagp.SamaGpApiApplication - Starting SamaGpApiApplication using Java 17.0.7 with PID 9105 (/Users/mac/Desktop/samaGp/samagp-api-ms/target/classes started by mac in /Users/mac/Desktop/samaGp/samagp-api-ms)
2025-03-24 12:53:32.810 [] [] INFO  [restartedMain] sn.fr.samagp.SamaGpApiApplication - The following 1 profile is active: "dev"
2025-03-24 12:53:32.869 [] [] INFO  [restartedMain] o.s.b.d.e.DevToolsPropertyDefaultsPostProcessor - Devtools property defaults active! Set 'spring.devtools.add-properties' to 'false' to disable
2025-03-24 12:53:32.870 [] [] INFO  [restartedMain] o.s.b.d.e.DevToolsPropertyDefaultsPostProcessor - For additional web related logging consider setting the 'logging.level.web' property to 'DEBUG'
2025-03-24 12:53:33.966 [] [] INFO  [restartedMain] o.s.i.c.DefaultConfiguringBeanFactoryPostProcessor - No bean named 'errorChannel' has been explicitly defined. Therefore, a default PublishSubscribeChannel will be created.
2025-03-24 12:53:33.982 [] [] INFO  [restartedMain] o.s.i.c.DefaultConfiguringBeanFactoryPostProcessor - No bean named 'integrationHeaderChannelRegistry' has been explicitly defined. Therefore, a default DefaultHeaderChannelRegistry will be created.
2025-03-24 12:53:34.694 [] [] INFO  [restartedMain] o.s.b.w.e.tomcat.TomcatWebServer - Tomcat initialized with port 8084 (http)
2025-03-24 12:53:34.726 [] [] INFO  [restartedMain] o.a.catalina.core.StandardService - Starting service [Tomcat]
2025-03-24 12:53:34.727 [] [] INFO  [restartedMain] o.a.catalina.core.StandardEngine - Starting Servlet engine: [Apache Tomcat/10.1.36]
2025-03-24 12:53:34.814 [] [] INFO  [restartedMain] o.a.c.c.C.[.[localhost].[/samagp] - Initializing Spring embedded WebApplicationContext
2025-03-24 12:53:34.815 [] [] INFO  [restartedMain] o.s.b.w.s.c.ServletWebServerApplicationContext - Root WebApplicationContext: initialization completed in 1942 ms
2025-03-24 12:53:34.895 [] [] WARN  [restartedMain] o.s.b.w.s.c.AnnotationConfigServletWebServerApplicationContext - Exception encountered during context initialization - cancelling refresh attempt: org.springframework.beans.factory.UnsatisfiedDependencyException: Error creating bean with name 'annonceController' defined in file [/Users/mac/Desktop/samaGp/samagp-api-ms/target/classes/sn/fr/samagp/apicontroller/AnnonceController.class]: Unsatisfied dependency expressed through constructor parameter 0: Error creating bean with name 'annonceServiceImp' defined in file [/Users/mac/Desktop/samaGp/samagp-api-ms/target/classes/sn/fr/samagp/services/impl/AnnonceServiceImp.class]: Unsatisfied dependency expressed through constructor parameter 0: No qualifying bean of type 'sn.fr.samagp.repository.AnnonceRepository' available: expected at least 1 bean which qualifies as autowire candidate. Dependency annotations: {}
2025-03-24 12:53:34.900 [] [] INFO  [restartedMain] o.a.catalina.core.StandardService - Stopping service [Tomcat]
2025-03-24 12:53:34.929 [] [] INFO  [restartedMain] o.s.b.a.l.ConditionEvaluationReportLogger - 

Error starting ApplicationContext. To display the condition evaluation report re-run your application with 'debug' enabled.
2025-03-24 12:53:34.970 [] [] ERROR [restartedMain] o.s.b.d.LoggingFailureAnalysisReporter - 

***************************
APPLICATION FAILED TO START
***************************

Description:

Parameter 0 of constructor in sn.fr.samagp.services.impl.AnnonceServiceImp required a bean of type 'sn.fr.samagp.repository.AnnonceRepository' that could not be found.


Action:

Consider defining a bean of type 'sn.fr.samagp.repository.AnnonceRepository' in your configuration.

2025-03-24 12:54:37.174 [] [] INFO  [restartedMain] sn.fr.samagp.SamaGpApiApplication - Starting SamaGpApiApplication using Java 17.0.7 with PID 10640 (/Users/mac/Desktop/samaGp/samagp-api-ms/target/classes started by mac in /Users/mac/Desktop/samaGp/samagp-api-ms)
2025-03-24 12:54:37.176 [] [] INFO  [restartedMain] sn.fr.samagp.SamaGpApiApplication - The following 1 profile is active: "dev"
2025-03-24 12:54:37.234 [] [] INFO  [restartedMain] o.s.b.d.e.DevToolsPropertyDefaultsPostProcessor - Devtools property defaults active! Set 'spring.devtools.add-properties' to 'false' to disable
2025-03-24 12:54:37.235 [] [] INFO  [restartedMain] o.s.b.d.e.DevToolsPropertyDefaultsPostProcessor - For additional web related logging consider setting the 'logging.level.web' property to 'DEBUG'
2025-03-24 12:54:38.216 [] [] INFO  [restartedMain] o.s.i.c.DefaultConfiguringBeanFactoryPostProcessor - No bean named 'errorChannel' has been explicitly defined. Therefore, a default PublishSubscribeChannel will be created.
2025-03-24 12:54:38.227 [] [] INFO  [restartedMain] o.s.i.c.DefaultConfiguringBeanFactoryPostProcessor - No bean named 'integrationHeaderChannelRegistry' has been explicitly defined. Therefore, a default DefaultHeaderChannelRegistry will be created.
2025-03-24 12:54:38.793 [] [] INFO  [restartedMain] o.s.b.w.e.tomcat.TomcatWebServer - Tomcat initialized with port 8084 (http)
2025-03-24 12:54:38.807 [] [] INFO  [restartedMain] o.a.catalina.core.StandardService - Starting service [Tomcat]
2025-03-24 12:54:38.808 [] [] INFO  [restartedMain] o.a.catalina.core.StandardEngine - Starting Servlet engine: [Apache Tomcat/10.1.36]
2025-03-24 12:54:38.862 [] [] INFO  [restartedMain] o.a.c.c.C.[.[localhost].[/samagp] - Initializing Spring embedded WebApplicationContext
2025-03-24 12:54:38.863 [] [] INFO  [restartedMain] o.s.b.w.s.c.ServletWebServerApplicationContext - Root WebApplicationContext: initialization completed in 1626 ms
2025-03-24 12:54:38.923 [] [] WARN  [restartedMain] o.s.b.w.s.c.AnnotationConfigServletWebServerApplicationContext - Exception encountered during context initialization - cancelling refresh attempt: org.springframework.beans.factory.UnsatisfiedDependencyException: Error creating bean with name 'annonceController' defined in file [/Users/mac/Desktop/samaGp/samagp-api-ms/target/classes/sn/fr/samagp/apicontroller/AnnonceController.class]: Unsatisfied dependency expressed through constructor parameter 0: Error creating bean with name 'annonceServiceImp' defined in file [/Users/mac/Desktop/samaGp/samagp-api-ms/target/classes/sn/fr/samagp/services/impl/AnnonceServiceImp.class]: Unsatisfied dependency expressed through constructor parameter 0: No qualifying bean of type 'sn.fr.samagp.repository.AnnonceRepository' available: expected at least 1 bean which qualifies as autowire candidate. Dependency annotations: {}
2025-03-24 12:54:38.927 [] [] INFO  [restartedMain] o.a.catalina.core.StandardService - Stopping service [Tomcat]
2025-03-24 12:54:38.942 [] [] INFO  [restartedMain] o.s.b.a.l.ConditionEvaluationReportLogger - 

Error starting ApplicationContext. To display the condition evaluation report re-run your application with 'debug' enabled.
2025-03-24 12:54:38.960 [] [] ERROR [restartedMain] o.s.b.d.LoggingFailureAnalysisReporter - 

***************************
APPLICATION FAILED TO START
***************************

Description:

Parameter 0 of constructor in sn.fr.samagp.services.impl.AnnonceServiceImp required a bean of type 'sn.fr.samagp.repository.AnnonceRepository' that could not be found.


Action:

Consider defining a bean of type 'sn.fr.samagp.repository.AnnonceRepository' in your configuration.

2025-03-24 12:55:41.540 [] [] INFO  [restartedMain] sn.fr.samagp.SamaGpApiApplication - Starting SamaGpApiApplication using Java 17.0.7 with PID 11623 (/Users/mac/Desktop/samaGp/samagp-api-ms/target/classes started by mac in /Users/mac/Desktop/samaGp/samagp-api-ms)
2025-03-24 12:55:41.542 [] [] INFO  [restartedMain] sn.fr.samagp.SamaGpApiApplication - The following 1 profile is active: "dev"
2025-03-24 12:55:41.590 [] [] INFO  [restartedMain] o.s.b.d.e.DevToolsPropertyDefaultsPostProcessor - Devtools property defaults active! Set 'spring.devtools.add-properties' to 'false' to disable
2025-03-24 12:55:41.591 [] [] INFO  [restartedMain] o.s.b.d.e.DevToolsPropertyDefaultsPostProcessor - For additional web related logging consider setting the 'logging.level.web' property to 'DEBUG'
2025-03-24 12:55:42.250 [] [] INFO  [restartedMain] o.s.d.r.c.RepositoryConfigurationDelegate - Multiple Spring Data modules found, entering strict repository configuration mode
2025-03-24 12:55:42.251 [] [] INFO  [restartedMain] o.s.d.r.c.RepositoryConfigurationDelegate - Bootstrapping Spring Data JPA repositories in DEFAULT mode.
2025-03-24 12:55:42.496 [] [] INFO  [restartedMain] o.s.d.r.c.RepositoryConfigurationDelegate - Finished Spring Data repository scanning in 233 ms. Found 4 JPA repository interfaces.
2025-03-24 12:55:42.824 [] [] INFO  [restartedMain] o.s.i.c.DefaultConfiguringBeanFactoryPostProcessor - No bean named 'errorChannel' has been explicitly defined. Therefore, a default PublishSubscribeChannel will be created.
2025-03-24 12:55:42.833 [] [] INFO  [restartedMain] o.s.i.c.DefaultConfiguringBeanFactoryPostProcessor - No bean named 'integrationHeaderChannelRegistry' has been explicitly defined. Therefore, a default DefaultHeaderChannelRegistry will be created.
2025-03-24 12:55:43.376 [] [] INFO  [restartedMain] o.s.b.w.e.tomcat.TomcatWebServer - Tomcat initialized with port 8084 (http)
2025-03-24 12:55:43.389 [] [] INFO  [restartedMain] o.a.catalina.core.StandardService - Starting service [Tomcat]
2025-03-24 12:55:43.390 [] [] INFO  [restartedMain] o.a.catalina.core.StandardEngine - Starting Servlet engine: [Apache Tomcat/10.1.36]
2025-03-24 12:55:43.440 [] [] INFO  [restartedMain] o.a.c.c.C.[.[localhost].[/samagp] - Initializing Spring embedded WebApplicationContext
2025-03-24 12:55:43.441 [] [] INFO  [restartedMain] o.s.b.w.s.c.ServletWebServerApplicationContext - Root WebApplicationContext: initialization completed in 1848 ms
2025-03-24 12:55:43.507 [] [] WARN  [restartedMain] o.s.b.w.s.c.AnnotationConfigServletWebServerApplicationContext - Exception encountered during context initialization - cancelling refresh attempt: org.springframework.beans.factory.UnsatisfiedDependencyException: Error creating bean with name 'annonceController' defined in file [/Users/mac/Desktop/samaGp/samagp-api-ms/target/classes/sn/fr/samagp/apicontroller/AnnonceController.class]: Unsatisfied dependency expressed through constructor parameter 0: Error creating bean with name 'annonceServiceImp' defined in file [/Users/mac/Desktop/samaGp/samagp-api-ms/target/classes/sn/fr/samagp/services/impl/AnnonceServiceImp.class]: Unsatisfied dependency expressed through constructor parameter 0: Error creating bean with name 'annonceRepository' defined in sn.fr.samagp.repository.AnnonceRepository defined in @EnableJpaRepositories declared on SamaGpApiApplication: Cannot resolve reference to bean 'jpaSharedEM_entityManagerFactory' while setting bean property 'entityManager'
2025-03-24 12:55:43.510 [] [] INFO  [restartedMain] o.a.catalina.core.StandardService - Stopping service [Tomcat]
2025-03-24 12:55:43.527 [] [] INFO  [restartedMain] o.s.b.a.l.ConditionEvaluationReportLogger - 

Error starting ApplicationContext. To display the condition evaluation report re-run your application with 'debug' enabled.
2025-03-24 12:55:43.547 [] [] ERROR [restartedMain] o.s.b.d.LoggingFailureAnalysisReporter - 

***************************
APPLICATION FAILED TO START
***************************

Description:

Parameter 0 of constructor in sn.fr.samagp.services.impl.AnnonceServiceImp required a bean named 'entityManagerFactory' that could not be found.


Action:

Consider defining a bean named 'entityManagerFactory' in your configuration.

2025-03-24 12:55:57.342 [] [] INFO  [restartedMain] sn.fr.samagp.SamaGpApiApplication - Starting SamaGpApiApplication using Java 17.0.7 with PID 11833 (/Users/mac/Desktop/samaGp/samagp-api-ms/target/classes started by mac in /Users/mac/Desktop/samaGp/samagp-api-ms)
2025-03-24 12:55:57.344 [] [] INFO  [restartedMain] sn.fr.samagp.SamaGpApiApplication - The following 1 profile is active: "dev"
2025-03-24 12:55:57.391 [] [] INFO  [restartedMain] o.s.b.d.e.DevToolsPropertyDefaultsPostProcessor - Devtools property defaults active! Set 'spring.devtools.add-properties' to 'false' to disable
2025-03-24 12:55:57.391 [] [] INFO  [restartedMain] o.s.b.d.e.DevToolsPropertyDefaultsPostProcessor - For additional web related logging consider setting the 'logging.level.web' property to 'DEBUG'
2025-03-24 12:55:57.992 [] [] INFO  [restartedMain] o.s.d.r.c.RepositoryConfigurationDelegate - Multiple Spring Data modules found, entering strict repository configuration mode
2025-03-24 12:55:57.993 [] [] INFO  [restartedMain] o.s.d.r.c.RepositoryConfigurationDelegate - Bootstrapping Spring Data JPA repositories in DEFAULT mode.
2025-03-24 12:55:58.179 [] [] INFO  [restartedMain] o.s.d.r.c.RepositoryConfigurationDelegate - Finished Spring Data repository scanning in 175 ms. Found 4 JPA repository interfaces.
2025-03-24 12:55:58.506 [] [] INFO  [restartedMain] o.s.i.c.DefaultConfiguringBeanFactoryPostProcessor - No bean named 'errorChannel' has been explicitly defined. Therefore, a default PublishSubscribeChannel will be created.
2025-03-24 12:55:58.514 [] [] INFO  [restartedMain] o.s.i.c.DefaultConfiguringBeanFactoryPostProcessor - No bean named 'integrationHeaderChannelRegistry' has been explicitly defined. Therefore, a default DefaultHeaderChannelRegistry will be created.
2025-03-24 12:55:59.075 [] [] INFO  [restartedMain] o.s.b.w.e.tomcat.TomcatWebServer - Tomcat initialized with port 8084 (http)
2025-03-24 12:55:59.088 [] [] INFO  [restartedMain] o.a.catalina.core.StandardService - Starting service [Tomcat]
2025-03-24 12:55:59.089 [] [] INFO  [restartedMain] o.a.catalina.core.StandardEngine - Starting Servlet engine: [Apache Tomcat/10.1.36]
2025-03-24 12:55:59.141 [] [] INFO  [restartedMain] o.a.c.c.C.[.[localhost].[/samagp] - Initializing Spring embedded WebApplicationContext
2025-03-24 12:55:59.142 [] [] INFO  [restartedMain] o.s.b.w.s.c.ServletWebServerApplicationContext - Root WebApplicationContext: initialization completed in 1750 ms
2025-03-24 12:55:59.207 [] [] WARN  [restartedMain] o.s.b.w.s.c.AnnotationConfigServletWebServerApplicationContext - Exception encountered during context initialization - cancelling refresh attempt: org.springframework.beans.factory.UnsatisfiedDependencyException: Error creating bean with name 'annonceController' defined in file [/Users/mac/Desktop/samaGp/samagp-api-ms/target/classes/sn/fr/samagp/apicontroller/AnnonceController.class]: Unsatisfied dependency expressed through constructor parameter 0: Error creating bean with name 'annonceServiceImp' defined in file [/Users/mac/Desktop/samaGp/samagp-api-ms/target/classes/sn/fr/samagp/services/impl/AnnonceServiceImp.class]: Unsatisfied dependency expressed through constructor parameter 0: Error creating bean with name 'annonceRepository' defined in sn.fr.samagp.repository.AnnonceRepository defined in @EnableJpaRepositories declared on SamaGpApiApplication: Cannot resolve reference to bean 'jpaSharedEM_entityManagerFactory' while setting bean property 'entityManager'
2025-03-24 12:55:59.209 [] [] INFO  [restartedMain] o.a.catalina.core.StandardService - Stopping service [Tomcat]
2025-03-24 12:55:59.227 [] [] INFO  [restartedMain] o.s.b.a.l.ConditionEvaluationReportLogger - 

Error starting ApplicationContext. To display the condition evaluation report re-run your application with 'debug' enabled.
2025-03-24 12:55:59.246 [] [] ERROR [restartedMain] o.s.b.d.LoggingFailureAnalysisReporter - 

***************************
APPLICATION FAILED TO START
***************************

Description:

Parameter 0 of constructor in sn.fr.samagp.services.impl.AnnonceServiceImp required a bean named 'entityManagerFactory' that could not be found.


Action:

Consider defining a bean named 'entityManagerFactory' in your configuration.

2025-03-24 12:57:46.928 [] [] INFO  [restartedMain] sn.fr.samagp.SamaGpApiApplication - Starting SamaGpApiApplication using Java 17.0.7 with PID 13539 (/Users/mac/Desktop/samaGp/samagp-api-ms/target/classes started by mac in /Users/mac/Desktop/samaGp/samagp-api-ms)
2025-03-24 12:57:46.930 [] [] INFO  [restartedMain] sn.fr.samagp.SamaGpApiApplication - The following 1 profile is active: "dev"
2025-03-24 12:57:46.981 [] [] INFO  [restartedMain] o.s.b.d.e.DevToolsPropertyDefaultsPostProcessor - Devtools property defaults active! Set 'spring.devtools.add-properties' to 'false' to disable
2025-03-24 12:57:46.981 [] [] INFO  [restartedMain] o.s.b.d.e.DevToolsPropertyDefaultsPostProcessor - For additional web related logging consider setting the 'logging.level.web' property to 'DEBUG'
2025-03-24 12:57:48.067 [] [] INFO  [restartedMain] o.s.i.c.DefaultConfiguringBeanFactoryPostProcessor - No bean named 'errorChannel' has been explicitly defined. Therefore, a default PublishSubscribeChannel will be created.
2025-03-24 12:57:48.082 [] [] INFO  [restartedMain] o.s.i.c.DefaultConfiguringBeanFactoryPostProcessor - No bean named 'integrationHeaderChannelRegistry' has been explicitly defined. Therefore, a default DefaultHeaderChannelRegistry will be created.
2025-03-24 12:57:48.765 [] [] INFO  [restartedMain] o.s.b.w.e.tomcat.TomcatWebServer - Tomcat initialized with port 8084 (http)
2025-03-24 12:57:48.853 [] [] INFO  [restartedMain] o.a.catalina.core.StandardService - Starting service [Tomcat]
2025-03-24 12:57:48.854 [] [] INFO  [restartedMain] o.a.catalina.core.StandardEngine - Starting Servlet engine: [Apache Tomcat/10.1.36]
2025-03-24 12:57:48.941 [] [] INFO  [restartedMain] o.a.c.c.C.[.[localhost].[/samagp] - Initializing Spring embedded WebApplicationContext
2025-03-24 12:57:48.942 [] [] INFO  [restartedMain] o.s.b.w.s.c.ServletWebServerApplicationContext - Root WebApplicationContext: initialization completed in 1960 ms
2025-03-24 12:57:49.032 [] [] WARN  [restartedMain] o.s.b.w.s.c.AnnotationConfigServletWebServerApplicationContext - Exception encountered during context initialization - cancelling refresh attempt: org.springframework.beans.factory.UnsatisfiedDependencyException: Error creating bean with name 'annonceController' defined in file [/Users/mac/Desktop/samaGp/samagp-api-ms/target/classes/sn/fr/samagp/apicontroller/AnnonceController.class]: Unsatisfied dependency expressed through constructor parameter 0: Error creating bean with name 'annonceServiceImp' defined in file [/Users/mac/Desktop/samaGp/samagp-api-ms/target/classes/sn/fr/samagp/services/impl/AnnonceServiceImp.class]: Unsatisfied dependency expressed through constructor parameter 0: No qualifying bean of type 'sn.fr.samagp.repository.AnnonceRepository' available: expected at least 1 bean which qualifies as autowire candidate. Dependency annotations: {}
2025-03-24 12:57:49.040 [] [] INFO  [restartedMain] o.a.catalina.core.StandardService - Stopping service [Tomcat]
2025-03-24 12:57:49.079 [] [] INFO  [restartedMain] o.s.b.a.l.ConditionEvaluationReportLogger - 

Error starting ApplicationContext. To display the condition evaluation report re-run your application with 'debug' enabled.
2025-03-24 12:57:49.109 [] [] ERROR [restartedMain] o.s.b.d.LoggingFailureAnalysisReporter - 

***************************
APPLICATION FAILED TO START
***************************

Description:

Parameter 0 of constructor in sn.fr.samagp.services.impl.AnnonceServiceImp required a bean of type 'sn.fr.samagp.repository.AnnonceRepository' that could not be found.


Action:

Consider defining a bean of type 'sn.fr.samagp.repository.AnnonceRepository' in your configuration.

2025-03-24 13:00:41.291 [] [] INFO  [restartedMain] sn.fr.samagp.SamaGpApiApplication - Starting SamaGpApiApplication using Java 17.0.7 with PID 16232 (/Users/mac/Desktop/samaGp/samagp-api-ms/target/classes started by mac in /Users/mac/Desktop/samaGp/samagp-api-ms)
2025-03-24 13:00:41.293 [] [] INFO  [restartedMain] sn.fr.samagp.SamaGpApiApplication - The following 1 profile is active: "dev"
2025-03-24 13:00:41.338 [] [] INFO  [restartedMain] o.s.b.d.e.DevToolsPropertyDefaultsPostProcessor - Devtools property defaults active! Set 'spring.devtools.add-properties' to 'false' to disable
2025-03-24 13:00:41.339 [] [] INFO  [restartedMain] o.s.b.d.e.DevToolsPropertyDefaultsPostProcessor - For additional web related logging consider setting the 'logging.level.web' property to 'DEBUG'
2025-03-24 13:00:42.355 [] [] INFO  [restartedMain] o.s.i.c.DefaultConfiguringBeanFactoryPostProcessor - No bean named 'errorChannel' has been explicitly defined. Therefore, a default PublishSubscribeChannel will be created.
2025-03-24 13:00:42.368 [] [] INFO  [restartedMain] o.s.i.c.DefaultConfiguringBeanFactoryPostProcessor - No bean named 'integrationHeaderChannelRegistry' has been explicitly defined. Therefore, a default DefaultHeaderChannelRegistry will be created.
2025-03-24 13:00:42.936 [] [] INFO  [restartedMain] o.s.b.w.e.tomcat.TomcatWebServer - Tomcat initialized with port 8084 (http)
2025-03-24 13:00:42.949 [] [] INFO  [restartedMain] o.a.catalina.core.StandardService - Starting service [Tomcat]
2025-03-24 13:00:42.950 [] [] INFO  [restartedMain] o.a.catalina.core.StandardEngine - Starting Servlet engine: [Apache Tomcat/10.1.36]
2025-03-24 13:00:43.012 [] [] INFO  [restartedMain] o.a.c.c.C.[.[localhost].[/samagp] - Initializing Spring embedded WebApplicationContext
2025-03-24 13:00:43.013 [] [] INFO  [restartedMain] o.s.b.w.s.c.ServletWebServerApplicationContext - Root WebApplicationContext: initialization completed in 1673 ms
2025-03-24 13:00:43.074 [] [] WARN  [restartedMain] o.s.b.w.s.c.AnnotationConfigServletWebServerApplicationContext - Exception encountered during context initialization - cancelling refresh attempt: org.springframework.beans.factory.UnsatisfiedDependencyException: Error creating bean with name 'annonceController' defined in file [/Users/mac/Desktop/samaGp/samagp-api-ms/target/classes/sn/fr/samagp/apicontroller/AnnonceController.class]: Unsatisfied dependency expressed through constructor parameter 0: Error creating bean with name 'annonceServiceImp' defined in file [/Users/mac/Desktop/samaGp/samagp-api-ms/target/classes/sn/fr/samagp/services/impl/AnnonceServiceImp.class]: Unsatisfied dependency expressed through constructor parameter 0: No qualifying bean of type 'sn.fr.samagp.repository.AnnonceRepository' available: expected at least 1 bean which qualifies as autowire candidate. Dependency annotations: {}
2025-03-24 13:00:43.076 [] [] INFO  [restartedMain] o.a.catalina.core.StandardService - Stopping service [Tomcat]
2025-03-24 13:00:43.094 [] [] INFO  [restartedMain] o.s.b.a.l.ConditionEvaluationReportLogger - 

Error starting ApplicationContext. To display the condition evaluation report re-run your application with 'debug' enabled.
2025-03-24 13:00:43.115 [] [] ERROR [restartedMain] o.s.b.d.LoggingFailureAnalysisReporter - 

***************************
APPLICATION FAILED TO START
***************************

Description:

Parameter 0 of constructor in sn.fr.samagp.services.impl.AnnonceServiceImp required a bean of type 'sn.fr.samagp.repository.AnnonceRepository' that could not be found.


Action:

Consider defining a bean of type 'sn.fr.samagp.repository.AnnonceRepository' in your configuration.

2025-03-24 13:04:50.832 [] [] INFO  [restartedMain] sn.fr.samagp.SamaGpApiApplication - Starting SamaGpApiApplication using Java 17.0.7 with PID 20169 (/Users/mac/Desktop/samaGp/samagp-api-ms/target/classes started by mac in /Users/mac/Desktop/samaGp/samagp-api-ms)
2025-03-24 13:04:50.835 [] [] INFO  [restartedMain] sn.fr.samagp.SamaGpApiApplication - The following 1 profile is active: "dev"
2025-03-24 13:04:50.885 [] [] INFO  [restartedMain] o.s.b.d.e.DevToolsPropertyDefaultsPostProcessor - Devtools property defaults active! Set 'spring.devtools.add-properties' to 'false' to disable
2025-03-24 13:04:50.886 [] [] INFO  [restartedMain] o.s.b.d.e.DevToolsPropertyDefaultsPostProcessor - For additional web related logging consider setting the 'logging.level.web' property to 'DEBUG'
2025-03-24 13:04:51.995 [] [] INFO  [restartedMain] o.s.i.c.DefaultConfiguringBeanFactoryPostProcessor - No bean named 'errorChannel' has been explicitly defined. Therefore, a default PublishSubscribeChannel will be created.
2025-03-24 13:04:52.012 [] [] INFO  [restartedMain] o.s.i.c.DefaultConfiguringBeanFactoryPostProcessor - No bean named 'integrationHeaderChannelRegistry' has been explicitly defined. Therefore, a default DefaultHeaderChannelRegistry will be created.
2025-03-24 13:04:52.721 [] [] INFO  [restartedMain] o.s.b.w.e.tomcat.TomcatWebServer - Tomcat initialized with port 8084 (http)
2025-03-24 13:04:52.738 [] [] INFO  [restartedMain] o.a.catalina.core.StandardService - Starting service [Tomcat]
2025-03-24 13:04:52.739 [] [] INFO  [restartedMain] o.a.catalina.core.StandardEngine - Starting Servlet engine: [Apache Tomcat/10.1.36]
2025-03-24 13:04:52.811 [] [] INFO  [restartedMain] o.a.c.c.C.[.[localhost].[/samagp] - Initializing Spring embedded WebApplicationContext
2025-03-24 13:04:52.812 [] [] INFO  [restartedMain] o.s.b.w.s.c.ServletWebServerApplicationContext - Root WebApplicationContext: initialization completed in 1925 ms
2025-03-24 13:04:52.916 [] [] WARN  [restartedMain] o.s.b.w.s.c.AnnotationConfigServletWebServerApplicationContext - Exception encountered during context initialization - cancelling refresh attempt: org.springframework.beans.factory.UnsatisfiedDependencyException: Error creating bean with name 'annonceController' defined in file [/Users/mac/Desktop/samaGp/samagp-api-ms/target/classes/sn/fr/samagp/apicontroller/AnnonceController.class]: Unsatisfied dependency expressed through constructor parameter 0: Error creating bean with name 'annonceServiceImp' defined in file [/Users/mac/Desktop/samaGp/samagp-api-ms/target/classes/sn/fr/samagp/services/impl/AnnonceServiceImp.class]: Unsatisfied dependency expressed through constructor parameter 0: No qualifying bean of type 'sn.fr.samagp.repository.AnnonceRepository' available: expected at least 1 bean which qualifies as autowire candidate. Dependency annotations: {}
2025-03-24 13:04:52.923 [] [] INFO  [restartedMain] o.a.catalina.core.StandardService - Stopping service [Tomcat]
2025-03-24 13:04:52.963 [] [] INFO  [restartedMain] o.s.b.a.l.ConditionEvaluationReportLogger - 

Error starting ApplicationContext. To display the condition evaluation report re-run your application with 'debug' enabled.
2025-03-24 13:04:53.021 [] [] ERROR [restartedMain] o.s.b.d.LoggingFailureAnalysisReporter - 

***************************
APPLICATION FAILED TO START
***************************

Description:

Parameter 0 of constructor in sn.fr.samagp.services.impl.AnnonceServiceImp required a bean of type 'sn.fr.samagp.repository.AnnonceRepository' that could not be found.


Action:

Consider defining a bean of type 'sn.fr.samagp.repository.AnnonceRepository' in your configuration.

2025-03-24 13:11:18.494 [] [] INFO  [restartedMain] sn.fr.samagp.SamaGpApiApplication - Starting SamaGpApiApplication using Java 17.0.7 with PID 26062 (/Users/mac/Desktop/samaGp/samagp-api-ms/target/classes started by mac in /Users/mac/Desktop/samaGp/samagp-api-ms)
2025-03-24 13:11:18.498 [] [] INFO  [restartedMain] sn.fr.samagp.SamaGpApiApplication - The following 1 profile is active: "dev"
2025-03-24 13:11:18.555 [] [] INFO  [restartedMain] o.s.b.d.e.DevToolsPropertyDefaultsPostProcessor - Devtools property defaults active! Set 'spring.devtools.add-properties' to 'false' to disable
2025-03-24 13:11:18.556 [] [] INFO  [restartedMain] o.s.b.d.e.DevToolsPropertyDefaultsPostProcessor - For additional web related logging consider setting the 'logging.level.web' property to 'DEBUG'
2025-03-24 13:11:19.755 [] [] INFO  [restartedMain] o.s.i.c.DefaultConfiguringBeanFactoryPostProcessor - No bean named 'errorChannel' has been explicitly defined. Therefore, a default PublishSubscribeChannel will be created.
2025-03-24 13:11:19.778 [] [] INFO  [restartedMain] o.s.i.c.DefaultConfiguringBeanFactoryPostProcessor - No bean named 'integrationHeaderChannelRegistry' has been explicitly defined. Therefore, a default DefaultHeaderChannelRegistry will be created.
2025-03-24 13:11:20.430 [] [] INFO  [restartedMain] o.s.b.w.e.tomcat.TomcatWebServer - Tomcat initialized with port 8084 (http)
2025-03-24 13:11:20.448 [] [] INFO  [restartedMain] o.a.catalina.core.StandardService - Starting service [Tomcat]
2025-03-24 13:11:20.449 [] [] INFO  [restartedMain] o.a.catalina.core.StandardEngine - Starting Servlet engine: [Apache Tomcat/10.1.36]
2025-03-24 13:11:20.514 [] [] INFO  [restartedMain] o.a.c.c.C.[.[localhost].[/samagp] - Initializing Spring embedded WebApplicationContext
2025-03-24 13:11:20.514 [] [] INFO  [restartedMain] o.s.b.w.s.c.ServletWebServerApplicationContext - Root WebApplicationContext: initialization completed in 1957 ms
2025-03-24 13:11:20.576 [] [] WARN  [restartedMain] o.s.b.w.s.c.AnnotationConfigServletWebServerApplicationContext - Exception encountered during context initialization - cancelling refresh attempt: org.springframework.beans.factory.UnsatisfiedDependencyException: Error creating bean with name 'annonceController' defined in file [/Users/mac/Desktop/samaGp/samagp-api-ms/target/classes/sn/fr/samagp/apicontroller/AnnonceController.class]: Unsatisfied dependency expressed through constructor parameter 0: Error creating bean with name 'annonceServiceImp' defined in file [/Users/mac/Desktop/samaGp/samagp-api-ms/target/classes/sn/fr/samagp/services/impl/AnnonceServiceImp.class]: Unsatisfied dependency expressed through constructor parameter 0: No qualifying bean of type 'sn.fr.samagp.repository.AnnonceRepository' available: expected at least 1 bean which qualifies as autowire candidate. Dependency annotations: {}
2025-03-24 13:11:20.580 [] [] INFO  [restartedMain] o.a.catalina.core.StandardService - Stopping service [Tomcat]
2025-03-24 13:11:20.600 [] [] INFO  [restartedMain] o.s.b.a.l.ConditionEvaluationReportLogger - 

Error starting ApplicationContext. To display the condition evaluation report re-run your application with 'debug' enabled.
2025-03-24 13:11:20.625 [] [] ERROR [restartedMain] o.s.b.d.LoggingFailureAnalysisReporter - 

***************************
APPLICATION FAILED TO START
***************************

Description:

Parameter 0 of constructor in sn.fr.samagp.services.impl.AnnonceServiceImp required a bean of type 'sn.fr.samagp.repository.AnnonceRepository' that could not be found.


Action:

Consider defining a bean of type 'sn.fr.samagp.repository.AnnonceRepository' in your configuration.

2025-03-24 13:15:06.586 [] [] INFO  [restartedMain] sn.fr.samagp.SamaGpApiApplication - Starting SamaGpApiApplication using Java 17.0.7 with PID 29654 (/Users/mac/Desktop/samaGp/samagp-api-ms/target/classes started by mac in /Users/mac/Desktop/samaGp/samagp-api-ms)
2025-03-24 13:15:06.588 [] [] INFO  [restartedMain] sn.fr.samagp.SamaGpApiApplication - The following 1 profile is active: "dev"
2025-03-24 13:15:06.644 [] [] INFO  [restartedMain] o.s.b.d.e.DevToolsPropertyDefaultsPostProcessor - Devtools property defaults active! Set 'spring.devtools.add-properties' to 'false' to disable
2025-03-24 13:15:06.644 [] [] INFO  [restartedMain] o.s.b.d.e.DevToolsPropertyDefaultsPostProcessor - For additional web related logging consider setting the 'logging.level.web' property to 'DEBUG'
2025-03-24 13:15:07.722 [] [] INFO  [restartedMain] o.s.i.c.DefaultConfiguringBeanFactoryPostProcessor - No bean named 'errorChannel' has been explicitly defined. Therefore, a default PublishSubscribeChannel will be created.
2025-03-24 13:15:07.739 [] [] INFO  [restartedMain] o.s.i.c.DefaultConfiguringBeanFactoryPostProcessor - No bean named 'integrationHeaderChannelRegistry' has been explicitly defined. Therefore, a default DefaultHeaderChannelRegistry will be created.
2025-03-24 13:15:08.509 [] [] INFO  [restartedMain] o.s.b.w.e.tomcat.TomcatWebServer - Tomcat initialized with port 8084 (http)
2025-03-24 13:15:08.533 [] [] INFO  [restartedMain] o.a.catalina.core.StandardService - Starting service [Tomcat]
2025-03-24 13:15:08.534 [] [] INFO  [restartedMain] o.a.catalina.core.StandardEngine - Starting Servlet engine: [Apache Tomcat/10.1.36]
2025-03-24 13:15:08.611 [] [] INFO  [restartedMain] o.a.c.c.C.[.[localhost].[/samagp] - Initializing Spring embedded WebApplicationContext
2025-03-24 13:15:08.611 [] [] INFO  [restartedMain] o.s.b.w.s.c.ServletWebServerApplicationContext - Root WebApplicationContext: initialization completed in 1966 ms
2025-03-24 13:15:08.683 [] [] WARN  [restartedMain] o.s.b.w.s.c.AnnotationConfigServletWebServerApplicationContext - Exception encountered during context initialization - cancelling refresh attempt: org.springframework.beans.factory.UnsatisfiedDependencyException: Error creating bean with name 'annonceController' defined in file [/Users/mac/Desktop/samaGp/samagp-api-ms/target/classes/sn/fr/samagp/apicontroller/AnnonceController.class]: Unsatisfied dependency expressed through constructor parameter 0: Error creating bean with name 'annonceServiceImp' defined in file [/Users/mac/Desktop/samaGp/samagp-api-ms/target/classes/sn/fr/samagp/services/impl/AnnonceServiceImp.class]: Unsatisfied dependency expressed through constructor parameter 0: No qualifying bean of type 'sn.fr.samagp.repository.AnnonceRepository' available: expected at least 1 bean which qualifies as autowire candidate. Dependency annotations: {}
2025-03-24 13:15:08.687 [] [] INFO  [restartedMain] o.a.catalina.core.StandardService - Stopping service [Tomcat]
2025-03-24 13:15:08.705 [] [] INFO  [restartedMain] o.s.b.a.l.ConditionEvaluationReportLogger - 

Error starting ApplicationContext. To display the condition evaluation report re-run your application with 'debug' enabled.
2025-03-24 13:15:08.735 [] [] ERROR [restartedMain] o.s.b.d.LoggingFailureAnalysisReporter - 

***************************
APPLICATION FAILED TO START
***************************

Description:

Parameter 0 of constructor in sn.fr.samagp.services.impl.AnnonceServiceImp required a bean of type 'sn.fr.samagp.repository.AnnonceRepository' that could not be found.


Action:

Consider defining a bean of type 'sn.fr.samagp.repository.AnnonceRepository' in your configuration.

2025-03-24 13:16:00.361 [] [] INFO  [restartedMain] sn.fr.samagp.SamaGpApiApplication - Starting SamaGpApiApplication using Java 17.0.7 with PID 30456 (/Users/mac/Desktop/samaGp/samagp-api-ms/target/classes started by mac in /Users/mac/Desktop/samaGp/samagp-api-ms)
2025-03-24 13:16:00.365 [] [] INFO  [restartedMain] sn.fr.samagp.SamaGpApiApplication - The following 1 profile is active: "dev"
2025-03-24 13:16:00.427 [] [] INFO  [restartedMain] o.s.b.d.e.DevToolsPropertyDefaultsPostProcessor - Devtools property defaults active! Set 'spring.devtools.add-properties' to 'false' to disable
2025-03-24 13:16:00.427 [] [] INFO  [restartedMain] o.s.b.d.e.DevToolsPropertyDefaultsPostProcessor - For additional web related logging consider setting the 'logging.level.web' property to 'DEBUG'
2025-03-24 13:16:02.031 [] [] INFO  [restartedMain] o.s.i.c.DefaultConfiguringBeanFactoryPostProcessor - No bean named 'errorChannel' has been explicitly defined. Therefore, a default PublishSubscribeChannel will be created.
2025-03-24 13:16:02.048 [] [] INFO  [restartedMain] o.s.i.c.DefaultConfiguringBeanFactoryPostProcessor - No bean named 'integrationHeaderChannelRegistry' has been explicitly defined. Therefore, a default DefaultHeaderChannelRegistry will be created.
2025-03-24 13:16:02.731 [] [] INFO  [restartedMain] o.s.b.w.e.tomcat.TomcatWebServer - Tomcat initialized with port 8084 (http)
2025-03-24 13:16:02.751 [] [] INFO  [restartedMain] o.a.catalina.core.StandardService - Starting service [Tomcat]
2025-03-24 13:16:02.751 [] [] INFO  [restartedMain] o.a.catalina.core.StandardEngine - Starting Servlet engine: [Apache Tomcat/10.1.36]
2025-03-24 13:16:02.829 [] [] INFO  [restartedMain] o.a.c.c.C.[.[localhost].[/samagp] - Initializing Spring embedded WebApplicationContext
2025-03-24 13:16:02.830 [] [] INFO  [restartedMain] o.s.b.w.s.c.ServletWebServerApplicationContext - Root WebApplicationContext: initialization completed in 2401 ms
2025-03-24 13:16:02.900 [] [] WARN  [restartedMain] o.s.b.w.s.c.AnnotationConfigServletWebServerApplicationContext - Exception encountered during context initialization - cancelling refresh attempt: org.springframework.beans.factory.UnsatisfiedDependencyException: Error creating bean with name 'annonceController' defined in file [/Users/mac/Desktop/samaGp/samagp-api-ms/target/classes/sn/fr/samagp/apicontroller/AnnonceController.class]: Unsatisfied dependency expressed through constructor parameter 0: Error creating bean with name 'annonceServiceImp' defined in file [/Users/mac/Desktop/samaGp/samagp-api-ms/target/classes/sn/fr/samagp/services/impl/AnnonceServiceImp.class]: Unsatisfied dependency expressed through constructor parameter 0: No qualifying bean of type 'sn.fr.samagp.repository.AnnonceRepository' available: expected at least 1 bean which qualifies as autowire candidate. Dependency annotations: {}
2025-03-24 13:16:02.903 [] [] INFO  [restartedMain] o.a.catalina.core.StandardService - Stopping service [Tomcat]
2025-03-24 13:16:02.925 [] [] INFO  [restartedMain] o.s.b.a.l.ConditionEvaluationReportLogger - 

Error starting ApplicationContext. To display the condition evaluation report re-run your application with 'debug' enabled.
2025-03-24 13:16:02.957 [] [] ERROR [restartedMain] o.s.b.d.LoggingFailureAnalysisReporter - 

***************************
APPLICATION FAILED TO START
***************************

Description:

Parameter 0 of constructor in sn.fr.samagp.services.impl.AnnonceServiceImp required a bean of type 'sn.fr.samagp.repository.AnnonceRepository' that could not be found.


Action:

Consider defining a bean of type 'sn.fr.samagp.repository.AnnonceRepository' in your configuration.

2025-03-24 13:16:38.595 [] [] INFO  [restartedMain] sn.fr.samagp.SamaGpApiApplication - Starting SamaGpApiApplication using Java 17.0.7 with PID 31087 (/Users/mac/Desktop/samaGp/samagp-api-ms/target/classes started by mac in /Users/mac/Desktop/samaGp/samagp-api-ms)
2025-03-24 13:16:38.597 [] [] INFO  [restartedMain] sn.fr.samagp.SamaGpApiApplication - The following 1 profile is active: "dev"
2025-03-24 13:16:38.639 [] [] INFO  [restartedMain] o.s.b.d.e.DevToolsPropertyDefaultsPostProcessor - Devtools property defaults active! Set 'spring.devtools.add-properties' to 'false' to disable
2025-03-24 13:16:38.639 [] [] INFO  [restartedMain] o.s.b.d.e.DevToolsPropertyDefaultsPostProcessor - For additional web related logging consider setting the 'logging.level.web' property to 'DEBUG'
2025-03-24 13:16:39.496 [] [] INFO  [restartedMain] o.s.i.c.DefaultConfiguringBeanFactoryPostProcessor - No bean named 'errorChannel' has been explicitly defined. Therefore, a default PublishSubscribeChannel will be created.
2025-03-24 13:16:39.506 [] [] INFO  [restartedMain] o.s.i.c.DefaultConfiguringBeanFactoryPostProcessor - No bean named 'integrationHeaderChannelRegistry' has been explicitly defined. Therefore, a default DefaultHeaderChannelRegistry will be created.
2025-03-24 13:16:40.000 [] [] INFO  [restartedMain] o.s.b.w.e.tomcat.TomcatWebServer - Tomcat initialized with port 8084 (http)
2025-03-24 13:16:40.012 [] [] INFO  [restartedMain] o.a.catalina.core.StandardService - Starting service [Tomcat]
2025-03-24 13:16:40.013 [] [] INFO  [restartedMain] o.a.catalina.core.StandardEngine - Starting Servlet engine: [Apache Tomcat/10.1.36]
2025-03-24 13:16:40.069 [] [] INFO  [restartedMain] o.a.c.c.C.[.[localhost].[/samagp] - Initializing Spring embedded WebApplicationContext
2025-03-24 13:16:40.070 [] [] INFO  [restartedMain] o.s.b.w.s.c.ServletWebServerApplicationContext - Root WebApplicationContext: initialization completed in 1429 ms
2025-03-24 13:16:40.127 [] [] WARN  [restartedMain] o.s.b.w.s.c.AnnotationConfigServletWebServerApplicationContext - Exception encountered during context initialization - cancelling refresh attempt: org.springframework.beans.factory.UnsatisfiedDependencyException: Error creating bean with name 'annonceController' defined in file [/Users/mac/Desktop/samaGp/samagp-api-ms/target/classes/sn/fr/samagp/apicontroller/AnnonceController.class]: Unsatisfied dependency expressed through constructor parameter 0: Error creating bean with name 'annonceServiceImp' defined in file [/Users/mac/Desktop/samaGp/samagp-api-ms/target/classes/sn/fr/samagp/services/impl/AnnonceServiceImp.class]: Unsatisfied dependency expressed through constructor parameter 0: No qualifying bean of type 'sn.fr.samagp.repository.AnnonceRepository' available: expected at least 1 bean which qualifies as autowire candidate. Dependency annotations: {}
2025-03-24 13:16:40.130 [] [] INFO  [restartedMain] o.a.catalina.core.StandardService - Stopping service [Tomcat]
2025-03-24 13:16:40.148 [] [] INFO  [restartedMain] o.s.b.a.l.ConditionEvaluationReportLogger - 

Error starting ApplicationContext. To display the condition evaluation report re-run your application with 'debug' enabled.
2025-03-24 13:16:40.170 [] [] ERROR [restartedMain] o.s.b.d.LoggingFailureAnalysisReporter - 

***************************
APPLICATION FAILED TO START
***************************

Description:

Parameter 0 of constructor in sn.fr.samagp.services.impl.AnnonceServiceImp required a bean of type 'sn.fr.samagp.repository.AnnonceRepository' that could not be found.


Action:

Consider defining a bean of type 'sn.fr.samagp.repository.AnnonceRepository' in your configuration.

2025-03-24 13:16:49.423 [] [] INFO  [restartedMain] sn.fr.samagp.SamaGpApiApplication - Starting SamaGpApiApplication using Java 17.0.7 with PID 31259 (/Users/mac/Desktop/samaGp/samagp-api-ms/target/classes started by mac in /Users/mac/Desktop/samaGp/samagp-api-ms)
2025-03-24 13:16:49.426 [] [] INFO  [restartedMain] sn.fr.samagp.SamaGpApiApplication - The following 1 profile is active: "dev"
2025-03-24 13:16:49.479 [] [] INFO  [restartedMain] o.s.b.d.e.DevToolsPropertyDefaultsPostProcessor - Devtools property defaults active! Set 'spring.devtools.add-properties' to 'false' to disable
2025-03-24 13:16:49.479 [] [] INFO  [restartedMain] o.s.b.d.e.DevToolsPropertyDefaultsPostProcessor - For additional web related logging consider setting the 'logging.level.web' property to 'DEBUG'
2025-03-24 13:16:50.379 [] [] INFO  [restartedMain] o.s.i.c.DefaultConfiguringBeanFactoryPostProcessor - No bean named 'errorChannel' has been explicitly defined. Therefore, a default PublishSubscribeChannel will be created.
2025-03-24 13:16:50.390 [] [] INFO  [restartedMain] o.s.i.c.DefaultConfiguringBeanFactoryPostProcessor - No bean named 'integrationHeaderChannelRegistry' has been explicitly defined. Therefore, a default DefaultHeaderChannelRegistry will be created.
2025-03-24 13:16:50.974 [] [] INFO  [restartedMain] o.s.b.w.e.tomcat.TomcatWebServer - Tomcat initialized with port 8084 (http)
2025-03-24 13:16:50.991 [] [] INFO  [restartedMain] o.a.catalina.core.StandardService - Starting service [Tomcat]
2025-03-24 13:16:50.992 [] [] INFO  [restartedMain] o.a.catalina.core.StandardEngine - Starting Servlet engine: [Apache Tomcat/10.1.36]
2025-03-24 13:16:51.098 [] [] INFO  [restartedMain] o.a.c.c.C.[.[localhost].[/samagp] - Initializing Spring embedded WebApplicationContext
2025-03-24 13:16:51.098 [] [] INFO  [restartedMain] o.s.b.w.s.c.ServletWebServerApplicationContext - Root WebApplicationContext: initialization completed in 1618 ms
2025-03-24 13:16:51.175 [] [] WARN  [restartedMain] o.s.b.w.s.c.AnnotationConfigServletWebServerApplicationContext - Exception encountered during context initialization - cancelling refresh attempt: org.springframework.beans.factory.UnsatisfiedDependencyException: Error creating bean with name 'annonceController' defined in file [/Users/mac/Desktop/samaGp/samagp-api-ms/target/classes/sn/fr/samagp/apicontroller/AnnonceController.class]: Unsatisfied dependency expressed through constructor parameter 0: Error creating bean with name 'annonceServiceImp' defined in file [/Users/mac/Desktop/samaGp/samagp-api-ms/target/classes/sn/fr/samagp/services/impl/AnnonceServiceImp.class]: Unsatisfied dependency expressed through constructor parameter 0: No qualifying bean of type 'sn.fr.samagp.repository.AnnonceRepository' available: expected at least 1 bean which qualifies as autowire candidate. Dependency annotations: {}
2025-03-24 13:16:51.181 [] [] INFO  [restartedMain] o.a.catalina.core.StandardService - Stopping service [Tomcat]
2025-03-24 13:16:51.203 [] [] INFO  [restartedMain] o.s.b.a.l.ConditionEvaluationReportLogger - 

Error starting ApplicationContext. To display the condition evaluation report re-run your application with 'debug' enabled.
2025-03-24 13:16:51.237 [] [] ERROR [restartedMain] o.s.b.d.LoggingFailureAnalysisReporter - 

***************************
APPLICATION FAILED TO START
***************************

Description:

Parameter 0 of constructor in sn.fr.samagp.services.impl.AnnonceServiceImp required a bean of type 'sn.fr.samagp.repository.AnnonceRepository' that could not be found.


Action:

Consider defining a bean of type 'sn.fr.samagp.repository.AnnonceRepository' in your configuration.

2025-03-24 13:18:43.774 [] [] INFO  [restartedMain] sn.fr.samagp.SamaGpApiApplication - Starting SamaGpApiApplication using Java 17.0.7 with PID 33015 (/Users/mac/Desktop/samaGp/samagp-api-ms/target/classes started by mac in /Users/mac/Desktop/samaGp/samagp-api-ms)
2025-03-24 13:18:43.777 [] [] INFO  [restartedMain] sn.fr.samagp.SamaGpApiApplication - The following 1 profile is active: "dev"
2025-03-24 13:18:43.844 [] [] INFO  [restartedMain] o.s.b.d.e.DevToolsPropertyDefaultsPostProcessor - Devtools property defaults active! Set 'spring.devtools.add-properties' to 'false' to disable
2025-03-24 13:18:43.844 [] [] INFO  [restartedMain] o.s.b.d.e.DevToolsPropertyDefaultsPostProcessor - For additional web related logging consider setting the 'logging.level.web' property to 'DEBUG'
2025-03-24 13:18:44.674 [] [] INFO  [restartedMain] o.s.d.r.c.RepositoryConfigurationDelegate - Multiple Spring Data modules found, entering strict repository configuration mode
2025-03-24 13:18:44.698 [] [] INFO  [restartedMain] o.s.d.r.c.RepositoryConfigurationDelegate - Bootstrapping Spring Data JPA repositories in DEFAULT mode.
2025-03-24 13:18:44.924 [] [] INFO  [restartedMain] o.s.d.r.c.RepositoryConfigurationDelegate - Finished Spring Data repository scanning in 210 ms. Found 4 JPA repository interfaces.
2025-03-24 13:18:45.290 [] [] INFO  [restartedMain] o.s.i.c.DefaultConfiguringBeanFactoryPostProcessor - No bean named 'errorChannel' has been explicitly defined. Therefore, a default PublishSubscribeChannel will be created.
2025-03-24 13:18:45.303 [] [] INFO  [restartedMain] o.s.i.c.DefaultConfiguringBeanFactoryPostProcessor - No bean named 'integrationHeaderChannelRegistry' has been explicitly defined. Therefore, a default DefaultHeaderChannelRegistry will be created.
2025-03-24 13:18:45.939 [] [] INFO  [restartedMain] o.s.b.w.e.tomcat.TomcatWebServer - Tomcat initialized with port 8084 (http)
2025-03-24 13:18:45.957 [] [] INFO  [restartedMain] o.a.catalina.core.StandardService - Starting service [Tomcat]
2025-03-24 13:18:45.957 [] [] INFO  [restartedMain] o.a.catalina.core.StandardEngine - Starting Servlet engine: [Apache Tomcat/10.1.36]
2025-03-24 13:18:46.024 [] [] INFO  [restartedMain] o.a.c.c.C.[.[localhost].[/samagp] - Initializing Spring embedded WebApplicationContext
2025-03-24 13:18:46.025 [] [] INFO  [restartedMain] o.s.b.w.s.c.ServletWebServerApplicationContext - Root WebApplicationContext: initialization completed in 2179 ms
2025-03-24 13:18:46.100 [] [] WARN  [restartedMain] o.s.b.w.s.c.AnnotationConfigServletWebServerApplicationContext - Exception encountered during context initialization - cancelling refresh attempt: org.springframework.beans.factory.UnsatisfiedDependencyException: Error creating bean with name 'annonceController' defined in file [/Users/mac/Desktop/samaGp/samagp-api-ms/target/classes/sn/fr/samagp/apicontroller/AnnonceController.class]: Unsatisfied dependency expressed through constructor parameter 0: Error creating bean with name 'annonceServiceImp' defined in file [/Users/mac/Desktop/samaGp/samagp-api-ms/target/classes/sn/fr/samagp/services/impl/AnnonceServiceImp.class]: Unsatisfied dependency expressed through constructor parameter 0: Error creating bean with name 'annonceRepository' defined in sn.fr.samagp.repository.AnnonceRepository defined in @EnableJpaRepositories declared on SamaGpApiApplication: Cannot resolve reference to bean 'jpaSharedEM_entityManagerFactory' while setting bean property 'entityManager'
2025-03-24 13:18:46.103 [] [] INFO  [restartedMain] o.a.catalina.core.StandardService - Stopping service [Tomcat]
2025-03-24 13:18:46.123 [] [] INFO  [restartedMain] o.s.b.a.l.ConditionEvaluationReportLogger - 

Error starting ApplicationContext. To display the condition evaluation report re-run your application with 'debug' enabled.
2025-03-24 13:18:46.147 [] [] ERROR [restartedMain] o.s.b.d.LoggingFailureAnalysisReporter - 

***************************
APPLICATION FAILED TO START
***************************

Description:

Parameter 0 of constructor in sn.fr.samagp.services.impl.AnnonceServiceImp required a bean named 'entityManagerFactory' that could not be found.


Action:

Consider defining a bean named 'entityManagerFactory' in your configuration.

2025-03-24 14:26:14.750 [] [] INFO  [restartedMain] sn.fr.samagp.SamaGpApiApplication - Starting SamaGpApiApplication using Java 17.0.7 with PID 54738 (/Users/mac/Desktop/samaGp/samagp-api-ms/target/classes started by mac in /Users/mac/Desktop/samaGp/samagp-api-ms)
2025-03-24 14:26:14.753 [] [] INFO  [restartedMain] sn.fr.samagp.SamaGpApiApplication - The following 1 profile is active: "dev"
2025-03-24 14:26:14.813 [] [] INFO  [restartedMain] o.s.b.d.e.DevToolsPropertyDefaultsPostProcessor - Devtools property defaults active! Set 'spring.devtools.add-properties' to 'false' to disable
2025-03-24 14:26:14.813 [] [] INFO  [restartedMain] o.s.b.d.e.DevToolsPropertyDefaultsPostProcessor - For additional web related logging consider setting the 'logging.level.web' property to 'DEBUG'
2025-03-24 14:26:15.551 [] [] INFO  [restartedMain] o.s.d.r.c.RepositoryConfigurationDelegate - Multiple Spring Data modules found, entering strict repository configuration mode
2025-03-24 14:26:15.551 [] [] INFO  [restartedMain] o.s.d.r.c.RepositoryConfigurationDelegate - Bootstrapping Spring Data JPA repositories in DEFAULT mode.
2025-03-24 14:26:15.783 [] [] INFO  [restartedMain] o.s.d.r.c.RepositoryConfigurationDelegate - Finished Spring Data repository scanning in 216 ms. Found 4 JPA repository interfaces.
2025-03-24 14:26:16.185 [] [] INFO  [restartedMain] o.s.i.c.DefaultConfiguringBeanFactoryPostProcessor - No bean named 'errorChannel' has been explicitly defined. Therefore, a default PublishSubscribeChannel will be created.
2025-03-24 14:26:16.198 [] [] INFO  [restartedMain] o.s.i.c.DefaultConfiguringBeanFactoryPostProcessor - No bean named 'integrationHeaderChannelRegistry' has been explicitly defined. Therefore, a default DefaultHeaderChannelRegistry will be created.
2025-03-24 14:26:17.081 [] [] INFO  [restartedMain] o.s.b.w.e.tomcat.TomcatWebServer - Tomcat initialized with port 8084 (http)
2025-03-24 14:26:17.104 [] [] INFO  [restartedMain] o.a.catalina.core.StandardService - Starting service [Tomcat]
2025-03-24 14:26:17.106 [] [] INFO  [restartedMain] o.a.catalina.core.StandardEngine - Starting Servlet engine: [Apache Tomcat/10.1.36]
2025-03-24 14:26:17.192 [] [] INFO  [restartedMain] o.a.c.c.C.[.[localhost].[/samagp] - Initializing Spring embedded WebApplicationContext
2025-03-24 14:26:17.193 [] [] INFO  [restartedMain] o.s.b.w.s.c.ServletWebServerApplicationContext - Root WebApplicationContext: initialization completed in 2379 ms
2025-03-24 14:26:17.315 [] [] WARN  [restartedMain] o.s.b.w.s.c.AnnotationConfigServletWebServerApplicationContext - Exception encountered during context initialization - cancelling refresh attempt: org.springframework.beans.factory.UnsatisfiedDependencyException: Error creating bean with name 'annonceController' defined in file [/Users/mac/Desktop/samaGp/samagp-api-ms/target/classes/sn/fr/samagp/apicontroller/AnnonceController.class]: Unsatisfied dependency expressed through constructor parameter 0: Error creating bean with name 'annonceServiceImp' defined in file [/Users/mac/Desktop/samaGp/samagp-api-ms/target/classes/sn/fr/samagp/services/impl/AnnonceServiceImp.class]: Unsatisfied dependency expressed through constructor parameter 0: Error creating bean with name 'annonceRepository' defined in sn.fr.samagp.repository.AnnonceRepository defined in @EnableJpaRepositories declared on SamaGpApiApplication: Cannot resolve reference to bean 'jpaSharedEM_entityManagerFactory' while setting bean property 'entityManager'
2025-03-24 14:26:17.321 [] [] INFO  [restartedMain] o.a.catalina.core.StandardService - Stopping service [Tomcat]
2025-03-24 14:26:17.352 [] [] INFO  [restartedMain] o.s.b.a.l.ConditionEvaluationReportLogger - 

Error starting ApplicationContext. To display the condition evaluation report re-run your application with 'debug' enabled.
2025-03-24 14:26:17.385 [] [] ERROR [restartedMain] o.s.b.d.LoggingFailureAnalysisReporter - 

***************************
APPLICATION FAILED TO START
***************************

Description:

Parameter 0 of constructor in sn.fr.samagp.services.impl.AnnonceServiceImp required a bean named 'entityManagerFactory' that could not be found.


Action:

Consider defining a bean named 'entityManagerFactory' in your configuration.

2025-03-24 14:27:52.012 [] [] INFO  [restartedMain] sn.fr.samagp.SamaGpApiApplication - Starting SamaGpApiApplication using Java 17.0.7 with PID 56208 (/Users/mac/Desktop/samaGp/samagp-api-ms/target/classes started by mac in /Users/mac/Desktop/samaGp/samagp-api-ms)
2025-03-24 14:27:52.013 [] [] INFO  [restartedMain] sn.fr.samagp.SamaGpApiApplication - The following 1 profile is active: "dev"
2025-03-24 14:27:52.070 [] [] INFO  [restartedMain] o.s.b.d.e.DevToolsPropertyDefaultsPostProcessor - Devtools property defaults active! Set 'spring.devtools.add-properties' to 'false' to disable
2025-03-24 14:27:52.070 [] [] INFO  [restartedMain] o.s.b.d.e.DevToolsPropertyDefaultsPostProcessor - For additional web related logging consider setting the 'logging.level.web' property to 'DEBUG'
2025-03-24 14:27:52.715 [] [] INFO  [restartedMain] o.s.d.r.c.RepositoryConfigurationDelegate - Multiple Spring Data modules found, entering strict repository configuration mode
2025-03-24 14:27:52.716 [] [] INFO  [restartedMain] o.s.d.r.c.RepositoryConfigurationDelegate - Bootstrapping Spring Data JPA repositories in DEFAULT mode.
2025-03-24 14:27:52.918 [] [] INFO  [restartedMain] o.s.d.r.c.RepositoryConfigurationDelegate - Finished Spring Data repository scanning in 189 ms. Found 4 JPA repository interfaces.
2025-03-24 14:27:53.276 [] [] INFO  [restartedMain] o.s.i.c.DefaultConfiguringBeanFactoryPostProcessor - No bean named 'errorChannel' has been explicitly defined. Therefore, a default PublishSubscribeChannel will be created.
2025-03-24 14:27:53.288 [] [] INFO  [restartedMain] o.s.i.c.DefaultConfiguringBeanFactoryPostProcessor - No bean named 'integrationHeaderChannelRegistry' has been explicitly defined. Therefore, a default DefaultHeaderChannelRegistry will be created.
2025-03-24 14:27:53.875 [] [] INFO  [restartedMain] o.s.b.w.e.tomcat.TomcatWebServer - Tomcat initialized with port 8084 (http)
2025-03-24 14:27:53.890 [] [] INFO  [restartedMain] o.a.catalina.core.StandardService - Starting service [Tomcat]
2025-03-24 14:27:53.890 [] [] INFO  [restartedMain] o.a.catalina.core.StandardEngine - Starting Servlet engine: [Apache Tomcat/10.1.36]
2025-03-24 14:27:53.946 [] [] INFO  [restartedMain] o.a.c.c.C.[.[localhost].[/samagp] - Initializing Spring embedded WebApplicationContext
2025-03-24 14:27:53.946 [] [] INFO  [restartedMain] o.s.b.w.s.c.ServletWebServerApplicationContext - Root WebApplicationContext: initialization completed in 1875 ms
2025-03-24 14:27:54.018 [] [] WARN  [restartedMain] o.s.b.w.s.c.AnnotationConfigServletWebServerApplicationContext - Exception encountered during context initialization - cancelling refresh attempt: org.springframework.beans.factory.UnsatisfiedDependencyException: Error creating bean with name 'annonceController' defined in file [/Users/mac/Desktop/samaGp/samagp-api-ms/target/classes/sn/fr/samagp/apicontroller/AnnonceController.class]: Unsatisfied dependency expressed through constructor parameter 0: Error creating bean with name 'annonceServiceImp' defined in file [/Users/mac/Desktop/samaGp/samagp-api-ms/target/classes/sn/fr/samagp/services/impl/AnnonceServiceImp.class]: Unsatisfied dependency expressed through constructor parameter 0: Error creating bean with name 'annonceRepository' defined in sn.fr.samagp.repository.AnnonceRepository defined in @EnableJpaRepositories declared on SamaGpApiApplication: Cannot resolve reference to bean 'jpaSharedEM_entityManagerFactory' while setting bean property 'entityManager'
2025-03-24 14:27:54.021 [] [] INFO  [restartedMain] o.a.catalina.core.StandardService - Stopping service [Tomcat]
2025-03-24 14:27:54.039 [] [] INFO  [restartedMain] o.s.b.a.l.ConditionEvaluationReportLogger - 

Error starting ApplicationContext. To display the condition evaluation report re-run your application with 'debug' enabled.
2025-03-24 14:27:54.060 [] [] ERROR [restartedMain] o.s.b.d.LoggingFailureAnalysisReporter - 

***************************
APPLICATION FAILED TO START
***************************

Description:

Parameter 0 of constructor in sn.fr.samagp.services.impl.AnnonceServiceImp required a bean named 'entityManagerFactory' that could not be found.


Action:

Consider defining a bean named 'entityManagerFactory' in your configuration.

2025-03-24 14:33:21.740 [] [] INFO  [restartedMain] sn.fr.samagp.SamaGpApiApplication - Starting SamaGpApiApplication using Java 17.0.7 with PID 61337 (/Users/mac/Desktop/samaGp/samagp-api-ms/target/classes started by mac in /Users/mac/Desktop/samaGp/samagp-api-ms)
2025-03-24 14:33:21.743 [] [] INFO  [restartedMain] sn.fr.samagp.SamaGpApiApplication - The following 1 profile is active: "dev"
2025-03-24 14:33:21.808 [] [] INFO  [restartedMain] o.s.b.d.e.DevToolsPropertyDefaultsPostProcessor - Devtools property defaults active! Set 'spring.devtools.add-properties' to 'false' to disable
2025-03-24 14:33:21.809 [] [] INFO  [restartedMain] o.s.b.d.e.DevToolsPropertyDefaultsPostProcessor - For additional web related logging consider setting the 'logging.level.web' property to 'DEBUG'
2025-03-24 14:33:22.583 [] [] INFO  [restartedMain] o.s.d.r.c.RepositoryConfigurationDelegate - Multiple Spring Data modules found, entering strict repository configuration mode
2025-03-24 14:33:22.584 [] [] INFO  [restartedMain] o.s.d.r.c.RepositoryConfigurationDelegate - Bootstrapping Spring Data JPA repositories in DEFAULT mode.
2025-03-24 14:33:22.800 [] [] INFO  [restartedMain] o.s.d.r.c.RepositoryConfigurationDelegate - Finished Spring Data repository scanning in 204 ms. Found 4 JPA repository interfaces.
2025-03-24 14:33:23.180 [] [] INFO  [restartedMain] o.s.i.c.DefaultConfiguringBeanFactoryPostProcessor - No bean named 'errorChannel' has been explicitly defined. Therefore, a default PublishSubscribeChannel will be created.
2025-03-24 14:33:23.193 [] [] INFO  [restartedMain] o.s.i.c.DefaultConfiguringBeanFactoryPostProcessor - No bean named 'integrationHeaderChannelRegistry' has been explicitly defined. Therefore, a default DefaultHeaderChannelRegistry will be created.
2025-03-24 14:33:23.808 [] [] INFO  [restartedMain] o.s.b.w.e.tomcat.TomcatWebServer - Tomcat initialized with port 8084 (http)
2025-03-24 14:33:23.825 [] [] INFO  [restartedMain] o.a.catalina.core.StandardService - Starting service [Tomcat]
2025-03-24 14:33:23.825 [] [] INFO  [restartedMain] o.a.catalina.core.StandardEngine - Starting Servlet engine: [Apache Tomcat/10.1.36]
2025-03-24 14:33:23.878 [] [] INFO  [restartedMain] o.a.c.c.C.[.[localhost].[/samagp] - Initializing Spring embedded WebApplicationContext
2025-03-24 14:33:23.878 [] [] INFO  [restartedMain] o.s.b.w.s.c.ServletWebServerApplicationContext - Root WebApplicationContext: initialization completed in 2068 ms
2025-03-24 14:33:23.954 [] [] WARN  [restartedMain] o.s.b.w.s.c.AnnotationConfigServletWebServerApplicationContext - Exception encountered during context initialization - cancelling refresh attempt: org.springframework.beans.factory.UnsatisfiedDependencyException: Error creating bean with name 'annonceController' defined in file [/Users/mac/Desktop/samaGp/samagp-api-ms/target/classes/sn/fr/samagp/apicontroller/AnnonceController.class]: Unsatisfied dependency expressed through constructor parameter 0: Error creating bean with name 'annonceServiceImp' defined in file [/Users/mac/Desktop/samaGp/samagp-api-ms/target/classes/sn/fr/samagp/services/impl/AnnonceServiceImp.class]: Unsatisfied dependency expressed through constructor parameter 0: Error creating bean with name 'annonceRepository' defined in sn.fr.samagp.repository.AnnonceRepository defined in @EnableJpaRepositories declared on SamaGpApiApplication: Cannot resolve reference to bean 'jpaSharedEM_entityManagerFactory' while setting bean property 'entityManager'
2025-03-24 14:33:23.957 [] [] INFO  [restartedMain] o.a.catalina.core.StandardService - Stopping service [Tomcat]
2025-03-24 14:33:23.976 [] [] INFO  [restartedMain] o.s.b.a.l.ConditionEvaluationReportLogger - 

Error starting ApplicationContext. To display the condition evaluation report re-run your application with 'debug' enabled.
2025-03-24 14:33:23.998 [] [] ERROR [restartedMain] o.s.b.d.LoggingFailureAnalysisReporter - 

***************************
APPLICATION FAILED TO START
***************************

Description:

Parameter 0 of constructor in sn.fr.samagp.services.impl.AnnonceServiceImp required a bean named 'entityManagerFactory' that could not be found.


Action:

Consider defining a bean named 'entityManagerFactory' in your configuration.

2025-03-24 14:34:56.217 [] [] INFO  [restartedMain] sn.fr.samagp.SamaGpApiApplication - Starting SamaGpApiApplication using Java 17.0.7 with PID 63226 (/Users/mac/Desktop/samaGp/samagp-api-ms/target/classes started by mac in /Users/mac/Desktop/samaGp/samagp-api-ms)
2025-03-24 14:34:56.220 [] [] INFO  [restartedMain] sn.fr.samagp.SamaGpApiApplication - The following 1 profile is active: "dev"
2025-03-24 14:34:56.280 [] [] INFO  [restartedMain] o.s.b.d.e.DevToolsPropertyDefaultsPostProcessor - Devtools property defaults active! Set 'spring.devtools.add-properties' to 'false' to disable
2025-03-24 14:34:56.280 [] [] INFO  [restartedMain] o.s.b.d.e.DevToolsPropertyDefaultsPostProcessor - For additional web related logging consider setting the 'logging.level.web' property to 'DEBUG'
2025-03-24 14:34:57.010 [] [] INFO  [restartedMain] o.s.d.r.c.RepositoryConfigurationDelegate - Multiple Spring Data modules found, entering strict repository configuration mode
2025-03-24 14:34:57.011 [] [] INFO  [restartedMain] o.s.d.r.c.RepositoryConfigurationDelegate - Bootstrapping Spring Data JPA repositories in DEFAULT mode.
2025-03-24 14:34:57.238 [] [] INFO  [restartedMain] o.s.d.r.c.RepositoryConfigurationDelegate - Finished Spring Data repository scanning in 204 ms. Found 4 JPA repository interfaces.
2025-03-24 14:34:57.604 [] [] INFO  [restartedMain] o.s.i.c.DefaultConfiguringBeanFactoryPostProcessor - No bean named 'errorChannel' has been explicitly defined. Therefore, a default PublishSubscribeChannel will be created.
2025-03-24 14:34:57.619 [] [] INFO  [restartedMain] o.s.i.c.DefaultConfiguringBeanFactoryPostProcessor - No bean named 'integrationHeaderChannelRegistry' has been explicitly defined. Therefore, a default DefaultHeaderChannelRegistry will be created.
2025-03-24 14:34:58.271 [] [] INFO  [restartedMain] o.s.b.w.e.tomcat.TomcatWebServer - Tomcat initialized with port 8084 (http)
2025-03-24 14:34:58.289 [] [] INFO  [restartedMain] o.a.catalina.core.StandardService - Starting service [Tomcat]
2025-03-24 14:34:58.289 [] [] INFO  [restartedMain] o.a.catalina.core.StandardEngine - Starting Servlet engine: [Apache Tomcat/10.1.36]
2025-03-24 14:34:58.342 [] [] INFO  [restartedMain] o.a.c.c.C.[.[localhost].[/samagp] - Initializing Spring embedded WebApplicationContext
2025-03-24 14:34:58.342 [] [] INFO  [restartedMain] o.s.b.w.s.c.ServletWebServerApplicationContext - Root WebApplicationContext: initialization completed in 2061 ms
2025-03-24 14:34:58.416 [] [] WARN  [restartedMain] o.s.b.w.s.c.AnnotationConfigServletWebServerApplicationContext - Exception encountered during context initialization - cancelling refresh attempt: org.springframework.beans.factory.UnsatisfiedDependencyException: Error creating bean with name 'annonceController' defined in file [/Users/mac/Desktop/samaGp/samagp-api-ms/target/classes/sn/fr/samagp/apicontroller/AnnonceController.class]: Unsatisfied dependency expressed through constructor parameter 0: Error creating bean with name 'annonceServiceImp' defined in file [/Users/mac/Desktop/samaGp/samagp-api-ms/target/classes/sn/fr/samagp/services/impl/AnnonceServiceImp.class]: Unsatisfied dependency expressed through constructor parameter 0: Error creating bean with name 'annonceRepository' defined in sn.fr.samagp.repository.AnnonceRepository defined in @EnableJpaRepositories declared on SamaGpApiApplication: Cannot resolve reference to bean 'jpaSharedEM_entityManagerFactory' while setting bean property 'entityManager'
2025-03-24 14:34:58.419 [] [] INFO  [restartedMain] o.a.catalina.core.StandardService - Stopping service [Tomcat]
2025-03-24 14:34:58.440 [] [] INFO  [restartedMain] o.s.b.a.l.ConditionEvaluationReportLogger - 

Error starting ApplicationContext. To display the condition evaluation report re-run your application with 'debug' enabled.
2025-03-24 14:34:58.463 [] [] ERROR [restartedMain] o.s.b.d.LoggingFailureAnalysisReporter - 

***************************
APPLICATION FAILED TO START
***************************

Description:

Parameter 0 of constructor in sn.fr.samagp.services.impl.AnnonceServiceImp required a bean named 'entityManagerFactory' that could not be found.


Action:

Consider defining a bean named 'entityManagerFactory' in your configuration.

2025-03-24 14:39:41.286 [] [] INFO  [restartedMain] sn.fr.samagp.SamaGpApiApplication - Starting SamaGpApiApplication using Java 17.0.7 with PID 67641 (/Users/mac/Desktop/samaGp/samagp-api-ms/target/classes started by mac in /Users/mac/Desktop/samaGp/samagp-api-ms)
2025-03-24 14:39:41.313 [] [] INFO  [restartedMain] sn.fr.samagp.SamaGpApiApplication - The following 1 profile is active: "dev"
2025-03-24 14:39:41.386 [] [] INFO  [restartedMain] o.s.b.d.e.DevToolsPropertyDefaultsPostProcessor - Devtools property defaults active! Set 'spring.devtools.add-properties' to 'false' to disable
2025-03-24 14:39:41.387 [] [] INFO  [restartedMain] o.s.b.d.e.DevToolsPropertyDefaultsPostProcessor - For additional web related logging consider setting the 'logging.level.web' property to 'DEBUG'
2025-03-24 14:39:42.225 [] [] INFO  [restartedMain] o.s.d.r.c.RepositoryConfigurationDelegate - Multiple Spring Data modules found, entering strict repository configuration mode
2025-03-24 14:39:42.226 [] [] INFO  [restartedMain] o.s.d.r.c.RepositoryConfigurationDelegate - Bootstrapping Spring Data JPA repositories in DEFAULT mode.
2025-03-24 14:39:42.441 [] [] INFO  [restartedMain] o.s.d.r.c.RepositoryConfigurationDelegate - Finished Spring Data repository scanning in 203 ms. Found 4 JPA repository interfaces.
2025-03-24 14:39:42.841 [] [] INFO  [restartedMain] o.s.i.c.DefaultConfiguringBeanFactoryPostProcessor - No bean named 'errorChannel' has been explicitly defined. Therefore, a default PublishSubscribeChannel will be created.
2025-03-24 14:39:42.856 [] [] INFO  [restartedMain] o.s.i.c.DefaultConfiguringBeanFactoryPostProcessor - No bean named 'integrationHeaderChannelRegistry' has been explicitly defined. Therefore, a default DefaultHeaderChannelRegistry will be created.
2025-03-24 14:39:43.487 [] [] INFO  [restartedMain] o.s.b.w.e.tomcat.TomcatWebServer - Tomcat initialized with port 8084 (http)
2025-03-24 14:39:43.506 [] [] INFO  [restartedMain] o.a.catalina.core.StandardService - Starting service [Tomcat]
2025-03-24 14:39:43.506 [] [] INFO  [restartedMain] o.a.catalina.core.StandardEngine - Starting Servlet engine: [Apache Tomcat/10.1.36]
2025-03-24 14:39:43.563 [] [] INFO  [restartedMain] o.a.c.c.C.[.[localhost].[/samagp] - Initializing Spring embedded WebApplicationContext
2025-03-24 14:39:43.564 [] [] INFO  [restartedMain] o.s.b.w.s.c.ServletWebServerApplicationContext - Root WebApplicationContext: initialization completed in 2176 ms
2025-03-24 14:39:43.640 [] [] WARN  [restartedMain] o.s.b.w.s.c.AnnotationConfigServletWebServerApplicationContext - Exception encountered during context initialization - cancelling refresh attempt: org.springframework.beans.factory.UnsatisfiedDependencyException: Error creating bean with name 'annonceController' defined in file [/Users/mac/Desktop/samaGp/samagp-api-ms/target/classes/sn/fr/samagp/apicontroller/AnnonceController.class]: Unsatisfied dependency expressed through constructor parameter 0: Error creating bean with name 'annonceServiceImp' defined in file [/Users/mac/Desktop/samaGp/samagp-api-ms/target/classes/sn/fr/samagp/services/impl/AnnonceServiceImp.class]: Unsatisfied dependency expressed through constructor parameter 0: Error creating bean with name 'annonceRepository' defined in sn.fr.samagp.repository.AnnonceRepository defined in @EnableJpaRepositories declared on SamaGpApiApplication: Cannot resolve reference to bean 'jpaSharedEM_entityManagerFactory' while setting bean property 'entityManager'
2025-03-24 14:39:43.644 [] [] INFO  [restartedMain] o.a.catalina.core.StandardService - Stopping service [Tomcat]
2025-03-24 14:39:43.663 [] [] INFO  [restartedMain] o.s.b.a.l.ConditionEvaluationReportLogger - 

Error starting ApplicationContext. To display the condition evaluation report re-run your application with 'debug' enabled.
2025-03-24 14:39:43.686 [] [] ERROR [restartedMain] o.s.b.d.LoggingFailureAnalysisReporter - 

***************************
APPLICATION FAILED TO START
***************************

Description:

Parameter 0 of constructor in sn.fr.samagp.services.impl.AnnonceServiceImp required a bean named 'entityManagerFactory' that could not be found.


Action:

Consider defining a bean named 'entityManagerFactory' in your configuration.

2025-03-24 14:40:29.030 [] [] INFO  [main] s.f.samagp.SamaGpApiApplicationTests - Starting SamaGpApiApplicationTests using Java 21.0.4 with PID 68331 (started by mac in /Users/mac/Desktop/samaGp/samagp-api-ms)
2025-03-24 14:40:29.041 [] [] INFO  [main] s.f.samagp.SamaGpApiApplicationTests - The following 1 profile is active: "dev"
2025-03-24 14:40:30.099 [] [] INFO  [main] o.s.d.r.c.RepositoryConfigurationDelegate - Multiple Spring Data modules found, entering strict repository configuration mode
2025-03-24 14:40:30.100 [] [] INFO  [main] o.s.d.r.c.RepositoryConfigurationDelegate - Bootstrapping Spring Data JPA repositories in DEFAULT mode.
2025-03-24 14:40:30.349 [] [] INFO  [main] o.s.d.r.c.RepositoryConfigurationDelegate - Finished Spring Data repository scanning in 224 ms. Found 4 JPA repository interfaces.
2025-03-24 14:40:30.731 [] [] INFO  [main] o.s.i.c.DefaultConfiguringBeanFactoryPostProcessor - No bean named 'errorChannel' has been explicitly defined. Therefore, a default PublishSubscribeChannel will be created.
2025-03-24 14:40:30.745 [] [] INFO  [main] o.s.i.c.DefaultConfiguringBeanFactoryPostProcessor - No bean named 'integrationHeaderChannelRegistry' has been explicitly defined. Therefore, a default DefaultHeaderChannelRegistry will be created.
2025-03-24 14:40:31.112 [] [] WARN  [main] o.s.w.c.s.GenericWebApplicationContext - Exception encountered during context initialization - cancelling refresh attempt: org.springframework.beans.factory.UnsatisfiedDependencyException: Error creating bean with name 'annonceController' defined in file [/Users/mac/Desktop/samaGp/samagp-api-ms/target/classes/sn/fr/samagp/apicontroller/AnnonceController.class]: Unsatisfied dependency expressed through constructor parameter 0: Error creating bean with name 'annonceServiceImp' defined in file [/Users/mac/Desktop/samaGp/samagp-api-ms/target/classes/sn/fr/samagp/services/impl/AnnonceServiceImp.class]: Unsatisfied dependency expressed through constructor parameter 0: Error creating bean with name 'annonceRepository' defined in sn.fr.samagp.repository.AnnonceRepository defined in @EnableJpaRepositories declared on SamaGpApiApplication: Cannot resolve reference to bean 'jpaSharedEM_entityManagerFactory' while setting bean property 'entityManager'
2025-03-24 14:40:31.135 [] [] INFO  [main] o.s.b.a.l.ConditionEvaluationReportLogger - 

Error starting ApplicationContext. To display the condition evaluation report re-run your application with 'debug' enabled.
2025-03-24 14:40:31.163 [] [] ERROR [main] o.s.b.d.LoggingFailureAnalysisReporter - 

***************************
APPLICATION FAILED TO START
***************************

Description:

Parameter 0 of constructor in sn.fr.samagp.services.impl.AnnonceServiceImp required a bean named 'entityManagerFactory' that could not be found.


Action:

Consider defining a bean named 'entityManagerFactory' in your configuration.

2025-03-24 14:40:31.167 [] [] WARN  [main] o.s.test.context.TestContextManager - Caught exception while allowing TestExecutionListener [org.springframework.test.context.web.ServletTestExecutionListener] to prepare test instance [sn.fr.samagp.SamaGpApiApplicationTests@119d4443]
java.lang.IllegalStateException: Failed to load ApplicationContext for [WebMergedContextConfiguration@221ca495 testClass = sn.fr.samagp.SamaGpApiApplicationTests, locations = [], classes = [sn.fr.samagp.SamaGpApiApplication], contextInitializerClasses = [], activeProfiles = [], propertySourceDescriptors = [], propertySourceProperties = ["org.springframework.boot.test.context.SpringBootTestContextBootstrapper=true"], contextCustomizers = [org.springframework.boot.test.context.filter.ExcludeFilterContextCustomizer@3aa078fd, org.springframework.boot.test.json.DuplicateJsonObjectContextCustomizerFactory$DuplicateJsonObjectContextCustomizer@66ea810, org.springframework.boot.test.mock.mockito.MockitoContextCustomizer@0, org.springframework.boot.test.web.client.TestRestTemplateContextCustomizer@1c9b0314, org.springframework.boot.test.web.reactive.server.WebTestClientContextCustomizer@f58853c, org.springframework.boot.test.web.reactor.netty.DisableReactorResourceFactoryGlobalResourcesContextCustomizerFactory$DisableReactorResourceFactoryGlobalResourcesContextCustomizerCustomizer@7d322cad, org.springframework.boot.test.autoconfigure.OnFailureConditionReportContextCustomizerFactory$OnFailureConditionReportContextCustomizer@78452606, org.springframework.boot.test.autoconfigure.actuate.observability.ObservabilityContextCustomizerFactory$DisableObservabilityContextCustomizer@1f, org.springframework.boot.test.autoconfigure.properties.PropertyMappingContextCustomizer@0, org.springframework.boot.test.autoconfigure.web.servlet.WebDriverContextCustomizer@4a07d605, org.springframework.test.context.support.DynamicPropertiesContextCustomizer@0, org.springframework.boot.test.context.SpringBootTestAnnotation@67133cc7], resourceBasePath = "src/main/webapp", contextLoader = org.springframework.boot.test.context.SpringBootContextLoader, parent = null]
	at org.springframework.test.context.cache.DefaultCacheAwareContextLoaderDelegate.loadContext(DefaultCacheAwareContextLoaderDelegate.java:180)
	at org.springframework.test.context.support.DefaultTestContext.getApplicationContext(DefaultTestContext.java:130)
	at org.springframework.test.context.web.ServletTestExecutionListener.setUpRequestContextIfNecessary(ServletTestExecutionListener.java:200)
	at org.springframework.test.context.web.ServletTestExecutionListener.prepareTestInstance(ServletTestExecutionListener.java:139)
	at org.springframework.test.context.TestContextManager.prepareTestInstance(TestContextManager.java:260)
	at org.springframework.test.context.junit.jupiter.SpringExtension.postProcessTestInstance(SpringExtension.java:160)
	at org.junit.jupiter.engine.descriptor.ClassBasedTestDescriptor.lambda$invokeTestInstancePostProcessors$11(ClassBasedTestDescriptor.java:378)
	at org.junit.jupiter.engine.descriptor.ClassBasedTestDescriptor.executeAndMaskThrowable(ClassBasedTestDescriptor.java:383)
	at org.junit.jupiter.engine.descriptor.ClassBasedTestDescriptor.lambda$invokeTestInstancePostProcessors$12(ClassBasedTestDescriptor.java:378)
	at java.base/java.util.stream.ForEachOps$ForEachOp$OfRef.accept(ForEachOps.java:184)
	at java.base/java.util.stream.ReferencePipeline$3$1.accept(ReferencePipeline.java:197)
	at java.base/java.util.stream.ReferencePipeline$2$1.accept(ReferencePipeline.java:179)
	at java.base/java.util.stream.ReferencePipeline$3$1.accept(ReferencePipeline.java:197)
	at java.base/java.util.ArrayList$ArrayListSpliterator.forEachRemaining(ArrayList.java:1708)
	at java.base/java.util.stream.AbstractPipeline.copyInto(AbstractPipeline.java:509)
	at java.base/java.util.stream.AbstractPipeline.wrapAndCopyInto(AbstractPipeline.java:499)
	at java.base/java.util.stream.ForEachOps$ForEachOp.evaluateSequential(ForEachOps.java:151)
	at java.base/java.util.stream.ForEachOps$ForEachOp$OfRef.evaluateSequential(ForEachOps.java:174)
	at java.base/java.util.stream.AbstractPipeline.evaluate(AbstractPipeline.java:234)
	at java.base/java.util.stream.ReferencePipeline.forEach(ReferencePipeline.java:596)
	at org.junit.jupiter.engine.descriptor.ClassBasedTestDescriptor.invokeTestInstancePostProcessors(ClassBasedTestDescriptor.java:377)
	at org.junit.jupiter.engine.descriptor.ClassBasedTestDescriptor.lambda$instantiateAndPostProcessTestInstance$7(ClassBasedTestDescriptor.java:290)
	at org.junit.platform.engine.support.hierarchical.ThrowableCollector.execute(ThrowableCollector.java:73)
	at org.junit.jupiter.engine.descriptor.ClassBasedTestDescriptor.instantiateAndPostProcessTestInstance(ClassBasedTestDescriptor.java:289)
	at org.junit.jupiter.engine.descriptor.ClassBasedTestDescriptor.lambda$testInstancesProvider$5(ClassBasedTestDescriptor.java:279)
	at java.base/java.util.Optional.orElseGet(Optional.java:364)
	at org.junit.jupiter.engine.descriptor.ClassBasedTestDescriptor.lambda$testInstancesProvider$6(ClassBasedTestDescriptor.java:278)
	at org.junit.jupiter.engine.execution.TestInstancesProvider.getTestInstances(TestInstancesProvider.java:31)
	at org.junit.jupiter.engine.descriptor.TestMethodTestDescriptor.lambda$prepare$1(TestMethodTestDescriptor.java:105)
	at org.junit.platform.engine.support.hierarchical.ThrowableCollector.execute(ThrowableCollector.java:73)
	at org.junit.jupiter.engine.descriptor.TestMethodTestDescriptor.prepare(TestMethodTestDescriptor.java:104)
	at org.junit.jupiter.engine.descriptor.TestMethodTestDescriptor.prepare(TestMethodTestDescriptor.java:68)
	at org.junit.platform.engine.support.hierarchical.NodeTestTask.lambda$prepare$2(NodeTestTask.java:128)
	at org.junit.platform.engine.support.hierarchical.ThrowableCollector.execute(ThrowableCollector.java:73)
	at org.junit.platform.engine.support.hierarchical.NodeTestTask.prepare(NodeTestTask.java:128)
	at org.junit.platform.engine.support.hierarchical.NodeTestTask.execute(NodeTestTask.java:95)
	at java.base/java.util.ArrayList.forEach(ArrayList.java:1596)
	at org.junit.platform.engine.support.hierarchical.SameThreadHierarchicalTestExecutorService.invokeAll(SameThreadHierarchicalTestExecutorService.java:41)
	at org.junit.platform.engine.support.hierarchical.NodeTestTask.lambda$executeRecursively$6(NodeTestTask.java:160)
	at org.junit.platform.engine.support.hierarchical.ThrowableCollector.execute(ThrowableCollector.java:73)
	at org.junit.platform.engine.support.hierarchical.NodeTestTask.lambda$executeRecursively$8(NodeTestTask.java:146)
	at org.junit.platform.engine.support.hierarchical.Node.around(Node.java:137)
	at org.junit.platform.engine.support.hierarchical.NodeTestTask.lambda$executeRecursively$9(NodeTestTask.java:144)
	at org.junit.platform.engine.support.hierarchical.ThrowableCollector.execute(ThrowableCollector.java:73)
	at org.junit.platform.engine.support.hierarchical.NodeTestTask.executeRecursively(NodeTestTask.java:143)
	at org.junit.platform.engine.support.hierarchical.NodeTestTask.execute(NodeTestTask.java:100)
	at java.base/java.util.ArrayList.forEach(ArrayList.java:1596)
	at org.junit.platform.engine.support.hierarchical.SameThreadHierarchicalTestExecutorService.invokeAll(SameThreadHierarchicalTestExecutorService.java:41)
	at org.junit.platform.engine.support.hierarchical.NodeTestTask.lambda$executeRecursively$6(NodeTestTask.java:160)
	at org.junit.platform.engine.support.hierarchical.ThrowableCollector.execute(ThrowableCollector.java:73)
	at org.junit.platform.engine.support.hierarchical.NodeTestTask.lambda$executeRecursively$8(NodeTestTask.java:146)
	at org.junit.platform.engine.support.hierarchical.Node.around(Node.java:137)
	at org.junit.platform.engine.support.hierarchical.NodeTestTask.lambda$executeRecursively$9(NodeTestTask.java:144)
	at org.junit.platform.engine.support.hierarchical.ThrowableCollector.execute(ThrowableCollector.java:73)
	at org.junit.platform.engine.support.hierarchical.NodeTestTask.executeRecursively(NodeTestTask.java:143)
	at org.junit.platform.engine.support.hierarchical.NodeTestTask.execute(NodeTestTask.java:100)
	at org.junit.platform.engine.support.hierarchical.SameThreadHierarchicalTestExecutorService.submit(SameThreadHierarchicalTestExecutorService.java:35)
	at org.junit.platform.engine.support.hierarchical.HierarchicalTestExecutor.execute(HierarchicalTestExecutor.java:57)
	at org.junit.platform.engine.support.hierarchical.HierarchicalTestEngine.execute(HierarchicalTestEngine.java:54)
	at org.junit.platform.launcher.core.EngineExecutionOrchestrator.execute(EngineExecutionOrchestrator.java:198)
	at org.junit.platform.launcher.core.EngineExecutionOrchestrator.execute(EngineExecutionOrchestrator.java:169)
	at org.junit.platform.launcher.core.EngineExecutionOrchestrator.execute(EngineExecutionOrchestrator.java:93)
	at org.junit.platform.launcher.core.EngineExecutionOrchestrator.lambda$execute$0(EngineExecutionOrchestrator.java:58)
	at org.junit.platform.launcher.core.EngineExecutionOrchestrator.withInterceptedStreams(EngineExecutionOrchestrator.java:141)
	at org.junit.platform.launcher.core.EngineExecutionOrchestrator.execute(EngineExecutionOrchestrator.java:57)
	at org.junit.platform.launcher.core.DefaultLauncher.execute(DefaultLauncher.java:103)
	at org.junit.platform.launcher.core.DefaultLauncher.execute(DefaultLauncher.java:85)
	at org.junit.platform.launcher.core.DelegatingLauncher.execute(DelegatingLauncher.java:47)
	at org.apache.maven.surefire.junitplatform.LazyLauncher.execute(LazyLauncher.java:56)
	at org.apache.maven.surefire.junitplatform.JUnitPlatformProvider.execute(JUnitPlatformProvider.java:184)
	at org.apache.maven.surefire.junitplatform.JUnitPlatformProvider.invokeAllTests(JUnitPlatformProvider.java:148)
	at org.apache.maven.surefire.junitplatform.JUnitPlatformProvider.invoke(JUnitPlatformProvider.java:122)
	at org.apache.maven.surefire.booter.ForkedBooter.runSuitesInProcess(ForkedBooter.java:385)
	at org.apache.maven.surefire.booter.ForkedBooter.execute(ForkedBooter.java:162)
	at org.apache.maven.surefire.booter.ForkedBooter.run(ForkedBooter.java:507)
	at org.apache.maven.surefire.booter.ForkedBooter.main(ForkedBooter.java:495)
Caused by: org.springframework.beans.factory.UnsatisfiedDependencyException: Error creating bean with name 'annonceController' defined in file [/Users/mac/Desktop/samaGp/samagp-api-ms/target/classes/sn/fr/samagp/apicontroller/AnnonceController.class]: Unsatisfied dependency expressed through constructor parameter 0: Error creating bean with name 'annonceServiceImp' defined in file [/Users/mac/Desktop/samaGp/samagp-api-ms/target/classes/sn/fr/samagp/services/impl/AnnonceServiceImp.class]: Unsatisfied dependency expressed through constructor parameter 0: Error creating bean with name 'annonceRepository' defined in sn.fr.samagp.repository.AnnonceRepository defined in @EnableJpaRepositories declared on SamaGpApiApplication: Cannot resolve reference to bean 'jpaSharedEM_entityManagerFactory' while setting bean property 'entityManager'
	at org.springframework.beans.factory.support.ConstructorResolver.createArgumentArray(ConstructorResolver.java:804)
	at org.springframework.beans.factory.support.ConstructorResolver.autowireConstructor(ConstructorResolver.java:240)
	at org.springframework.beans.factory.support.AbstractAutowireCapableBeanFactory.autowireConstructor(AbstractAutowireCapableBeanFactory.java:1381)
	at org.springframework.beans.factory.support.AbstractAutowireCapableBeanFactory.createBeanInstance(AbstractAutowireCapableBeanFactory.java:1218)
	at org.springframework.beans.factory.support.AbstractAutowireCapableBeanFactory.doCreateBean(AbstractAutowireCapableBeanFactory.java:563)
	at org.springframework.beans.factory.support.AbstractAutowireCapableBeanFactory.createBean(AbstractAutowireCapableBeanFactory.java:523)
	at org.springframework.beans.factory.support.AbstractBeanFactory.lambda$doGetBean$0(AbstractBeanFactory.java:339)
	at org.springframework.beans.factory.support.DefaultSingletonBeanRegistry.getSingleton(DefaultSingletonBeanRegistry.java:346)
	at org.springframework.beans.factory.support.AbstractBeanFactory.doGetBean(AbstractBeanFactory.java:337)
	at org.springframework.beans.factory.support.AbstractBeanFactory.getBean(AbstractBeanFactory.java:202)
	at org.springframework.beans.factory.support.DefaultListableBeanFactory.instantiateSingleton(DefaultListableBeanFactory.java:1155)
	at org.springframework.beans.factory.support.DefaultListableBeanFactory.preInstantiateSingleton(DefaultListableBeanFactory.java:1121)
	at org.springframework.beans.factory.support.DefaultListableBeanFactory.preInstantiateSingletons(DefaultListableBeanFactory.java:1056)
	at org.springframework.context.support.AbstractApplicationContext.finishBeanFactoryInitialization(AbstractApplicationContext.java:987)
	at org.springframework.context.support.AbstractApplicationContext.refresh(AbstractApplicationContext.java:627)
	at org.springframework.boot.SpringApplication.refresh(SpringApplication.java:752)
	at org.springframework.boot.SpringApplication.refreshContext(SpringApplication.java:439)
	at org.springframework.boot.SpringApplication.run(SpringApplication.java:318)
	at org.springframework.boot.test.context.SpringBootContextLoader.lambda$loadContext$3(SpringBootContextLoader.java:137)
	at org.springframework.util.function.ThrowingSupplier.get(ThrowingSupplier.java:58)
	at org.springframework.util.function.ThrowingSupplier.get(ThrowingSupplier.java:46)
	at org.springframework.boot.SpringApplication.withHook(SpringApplication.java:1461)
	at org.springframework.boot.test.context.SpringBootContextLoader$ContextLoaderHook.run(SpringBootContextLoader.java:553)
	at org.springframework.boot.test.context.SpringBootContextLoader.loadContext(SpringBootContextLoader.java:137)
	at org.springframework.boot.test.context.SpringBootContextLoader.loadContext(SpringBootContextLoader.java:108)
	at org.springframework.test.context.cache.DefaultCacheAwareContextLoaderDelegate.loadContextInternal(DefaultCacheAwareContextLoaderDelegate.java:225)
	at org.springframework.test.context.cache.DefaultCacheAwareContextLoaderDelegate.loadContext(DefaultCacheAwareContextLoaderDelegate.java:152)
	... 75 common frames omitted
Caused by: org.springframework.beans.factory.UnsatisfiedDependencyException: Error creating bean with name 'annonceServiceImp' defined in file [/Users/mac/Desktop/samaGp/samagp-api-ms/target/classes/sn/fr/samagp/services/impl/AnnonceServiceImp.class]: Unsatisfied dependency expressed through constructor parameter 0: Error creating bean with name 'annonceRepository' defined in sn.fr.samagp.repository.AnnonceRepository defined in @EnableJpaRepositories declared on SamaGpApiApplication: Cannot resolve reference to bean 'jpaSharedEM_entityManagerFactory' while setting bean property 'entityManager'
	at org.springframework.beans.factory.support.ConstructorResolver.createArgumentArray(ConstructorResolver.java:804)
	at org.springframework.beans.factory.support.ConstructorResolver.autowireConstructor(ConstructorResolver.java:240)
	at org.springframework.beans.factory.support.AbstractAutowireCapableBeanFactory.autowireConstructor(AbstractAutowireCapableBeanFactory.java:1381)
	at org.springframework.beans.factory.support.AbstractAutowireCapableBeanFactory.createBeanInstance(AbstractAutowireCapableBeanFactory.java:1218)
	at org.springframework.beans.factory.support.AbstractAutowireCapableBeanFactory.doCreateBean(AbstractAutowireCapableBeanFactory.java:563)
	at org.springframework.beans.factory.support.AbstractAutowireCapableBeanFactory.createBean(AbstractAutowireCapableBeanFactory.java:523)
	at org.springframework.beans.factory.support.AbstractBeanFactory.lambda$doGetBean$0(AbstractBeanFactory.java:339)
	at org.springframework.beans.factory.support.DefaultSingletonBeanRegistry.getSingleton(DefaultSingletonBeanRegistry.java:346)
	at org.springframework.beans.factory.support.AbstractBeanFactory.doGetBean(AbstractBeanFactory.java:337)
	at org.springframework.beans.factory.support.AbstractBeanFactory.getBean(AbstractBeanFactory.java:202)
	at org.springframework.beans.factory.config.DependencyDescriptor.resolveCandidate(DependencyDescriptor.java:254)
	at org.springframework.beans.factory.support.DefaultListableBeanFactory.doResolveDependency(DefaultListableBeanFactory.java:1664)
	at org.springframework.beans.factory.support.DefaultListableBeanFactory.resolveDependency(DefaultListableBeanFactory.java:1552)
	at org.springframework.beans.factory.support.ConstructorResolver.resolveAutowiredArgument(ConstructorResolver.java:913)
	at org.springframework.beans.factory.support.ConstructorResolver.createArgumentArray(ConstructorResolver.java:791)
	... 101 common frames omitted
Caused by: org.springframework.beans.factory.BeanCreationException: Error creating bean with name 'annonceRepository' defined in sn.fr.samagp.repository.AnnonceRepository defined in @EnableJpaRepositories declared on SamaGpApiApplication: Cannot resolve reference to bean 'jpaSharedEM_entityManagerFactory' while setting bean property 'entityManager'
	at org.springframework.beans.factory.support.BeanDefinitionValueResolver.resolveReference(BeanDefinitionValueResolver.java:377)
	at org.springframework.beans.factory.support.BeanDefinitionValueResolver.resolveValueIfNecessary(BeanDefinitionValueResolver.java:135)
	at org.springframework.beans.factory.support.AbstractAutowireCapableBeanFactory.applyPropertyValues(AbstractAutowireCapableBeanFactory.java:1711)
	at org.springframework.beans.factory.support.AbstractAutowireCapableBeanFactory.populateBean(AbstractAutowireCapableBeanFactory.java:1460)
	at org.springframework.beans.factory.support.AbstractAutowireCapableBeanFactory.doCreateBean(AbstractAutowireCapableBeanFactory.java:600)
	at org.springframework.beans.factory.support.AbstractAutowireCapableBeanFactory.createBean(AbstractAutowireCapableBeanFactory.java:523)
	at org.springframework.beans.factory.support.AbstractBeanFactory.lambda$doGetBean$0(AbstractBeanFactory.java:339)
	at org.springframework.beans.factory.support.DefaultSingletonBeanRegistry.getSingleton(DefaultSingletonBeanRegistry.java:346)
	at org.springframework.beans.factory.support.AbstractBeanFactory.doGetBean(AbstractBeanFactory.java:337)
	at org.springframework.beans.factory.support.AbstractBeanFactory.getBean(AbstractBeanFactory.java:202)
	at org.springframework.beans.factory.support.DefaultListableBeanFactory.doResolveDependency(DefaultListableBeanFactory.java:1606)
	at org.springframework.beans.factory.support.DefaultListableBeanFactory.resolveDependency(DefaultListableBeanFactory.java:1552)
	at org.springframework.beans.factory.support.ConstructorResolver.resolveAutowiredArgument(ConstructorResolver.java:913)
	at org.springframework.beans.factory.support.ConstructorResolver.createArgumentArray(ConstructorResolver.java:791)
	... 115 common frames omitted
Caused by: org.springframework.beans.factory.BeanCreationException: Error creating bean with name 'jpaSharedEM_entityManagerFactory': Cannot resolve reference to bean 'entityManagerFactory' while setting constructor argument
	at org.springframework.beans.factory.support.BeanDefinitionValueResolver.resolveReference(BeanDefinitionValueResolver.java:377)
	at org.springframework.beans.factory.support.BeanDefinitionValueResolver.resolveValueIfNecessary(BeanDefinitionValueResolver.java:135)
	at org.springframework.beans.factory.support.ConstructorResolver.resolveConstructorArguments(ConstructorResolver.java:691)
	at org.springframework.beans.factory.support.ConstructorResolver.instantiateUsingFactoryMethod(ConstructorResolver.java:513)
	at org.springframework.beans.factory.support.AbstractAutowireCapableBeanFactory.instantiateUsingFactoryMethod(AbstractAutowireCapableBeanFactory.java:1361)
	at org.springframework.beans.factory.support.AbstractAutowireCapableBeanFactory.createBeanInstance(AbstractAutowireCapableBeanFactory.java:1191)
	at org.springframework.beans.factory.support.AbstractAutowireCapableBeanFactory.doCreateBean(AbstractAutowireCapableBeanFactory.java:563)
	at org.springframework.beans.factory.support.AbstractAutowireCapableBeanFactory.createBean(AbstractAutowireCapableBeanFactory.java:523)
	at org.springframework.beans.factory.support.AbstractBeanFactory.lambda$doGetBean$0(AbstractBeanFactory.java:339)
	at org.springframework.beans.factory.support.DefaultSingletonBeanRegistry.getSingleton(DefaultSingletonBeanRegistry.java:346)
	at org.springframework.beans.factory.support.AbstractBeanFactory.doGetBean(AbstractBeanFactory.java:337)
	at org.springframework.beans.factory.support.AbstractBeanFactory.getBean(AbstractBeanFactory.java:202)
	at org.springframework.beans.factory.support.BeanDefinitionValueResolver.resolveReference(BeanDefinitionValueResolver.java:365)
	... 128 common frames omitted
Caused by: org.springframework.beans.factory.NoSuchBeanDefinitionException: No bean named 'entityManagerFactory' available
	at org.springframework.beans.factory.support.DefaultListableBeanFactory.getBeanDefinition(DefaultListableBeanFactory.java:951)
	at org.springframework.beans.factory.support.AbstractBeanFactory.getMergedLocalBeanDefinition(AbstractBeanFactory.java:1382)
	at org.springframework.beans.factory.support.AbstractBeanFactory.doGetBean(AbstractBeanFactory.java:302)
	at org.springframework.beans.factory.support.AbstractBeanFactory.getBean(AbstractBeanFactory.java:202)
	at org.springframework.beans.factory.support.BeanDefinitionValueResolver.resolveReference(BeanDefinitionValueResolver.java:365)
	... 140 common frames omitted
2025-03-24 14:45:11.231 [] [] INFO  [restartedMain] sn.fr.samagp.SamaGpApiApplication - Starting SamaGpApiApplication using Java 17.0.7 with PID 72637 (/Users/mac/Desktop/samaGp/samagp-api-ms/target/classes started by mac in /Users/mac/Desktop/samaGp/samagp-api-ms)
2025-03-24 14:45:11.235 [] [] INFO  [restartedMain] sn.fr.samagp.SamaGpApiApplication - The following 1 profile is active: "dev"
2025-03-24 14:45:11.313 [] [] INFO  [restartedMain] o.s.b.d.e.DevToolsPropertyDefaultsPostProcessor - Devtools property defaults active! Set 'spring.devtools.add-properties' to 'false' to disable
2025-03-24 14:45:11.314 [] [] INFO  [restartedMain] o.s.b.d.e.DevToolsPropertyDefaultsPostProcessor - For additional web related logging consider setting the 'logging.level.web' property to 'DEBUG'
2025-03-24 14:45:12.490 [] [] INFO  [restartedMain] o.s.d.r.c.RepositoryConfigurationDelegate - Multiple Spring Data modules found, entering strict repository configuration mode
2025-03-24 14:45:12.491 [] [] INFO  [restartedMain] o.s.d.r.c.RepositoryConfigurationDelegate - Bootstrapping Spring Data JPA repositories in DEFAULT mode.
2025-03-24 14:45:12.839 [] [] INFO  [restartedMain] o.s.d.r.c.RepositoryConfigurationDelegate - Finished Spring Data repository scanning in 330 ms. Found 4 JPA repository interfaces.
2025-03-24 14:45:13.527 [] [] INFO  [restartedMain] o.s.i.c.DefaultConfiguringBeanFactoryPostProcessor - No bean named 'errorChannel' has been explicitly defined. Therefore, a default PublishSubscribeChannel will be created.
2025-03-24 14:45:13.558 [] [] INFO  [restartedMain] o.s.i.c.DefaultConfiguringBeanFactoryPostProcessor - No bean named 'integrationHeaderChannelRegistry' has been explicitly defined. Therefore, a default DefaultHeaderChannelRegistry will be created.
2025-03-24 14:45:14.955 [] [] INFO  [restartedMain] o.s.b.w.e.tomcat.TomcatWebServer - Tomcat initialized with port 8084 (http)
2025-03-24 14:45:14.996 [] [] INFO  [restartedMain] o.a.catalina.core.StandardService - Starting service [Tomcat]
2025-03-24 14:45:14.998 [] [] INFO  [restartedMain] o.a.catalina.core.StandardEngine - Starting Servlet engine: [Apache Tomcat/10.1.36]
2025-03-24 14:45:15.082 [] [] INFO  [restartedMain] o.a.c.c.C.[.[localhost].[/samagp] - Initializing Spring embedded WebApplicationContext
2025-03-24 14:45:15.082 [] [] INFO  [restartedMain] o.s.b.w.s.c.ServletWebServerApplicationContext - Root WebApplicationContext: initialization completed in 3766 ms
2025-03-24 14:45:15.200 [] [] WARN  [restartedMain] o.s.b.w.s.c.AnnotationConfigServletWebServerApplicationContext - Exception encountered during context initialization - cancelling refresh attempt: org.springframework.beans.factory.UnsatisfiedDependencyException: Error creating bean with name 'annonceController' defined in file [/Users/mac/Desktop/samaGp/samagp-api-ms/target/classes/sn/fr/samagp/apicontroller/AnnonceController.class]: Unsatisfied dependency expressed through constructor parameter 0: Error creating bean with name 'annonceServiceImp' defined in file [/Users/mac/Desktop/samaGp/samagp-api-ms/target/classes/sn/fr/samagp/services/impl/AnnonceServiceImp.class]: Unsatisfied dependency expressed through constructor parameter 0: Error creating bean with name 'annonceRepository' defined in sn.fr.samagp.repository.AnnonceRepository defined in @EnableJpaRepositories declared on SamaGpApiApplication: Cannot resolve reference to bean 'jpaSharedEM_entityManagerFactory' while setting bean property 'entityManager'
2025-03-24 14:45:15.206 [] [] INFO  [restartedMain] o.a.catalina.core.StandardService - Stopping service [Tomcat]
2025-03-24 14:45:15.244 [] [] INFO  [restartedMain] o.s.b.a.l.ConditionEvaluationReportLogger - 

Error starting ApplicationContext. To display the condition evaluation report re-run your application with 'debug' enabled.
2025-03-24 14:45:15.287 [] [] ERROR [restartedMain] o.s.b.d.LoggingFailureAnalysisReporter - 

***************************
APPLICATION FAILED TO START
***************************

Description:

Parameter 0 of constructor in sn.fr.samagp.services.impl.AnnonceServiceImp required a bean named 'entityManagerFactory' that could not be found.


Action:

Consider defining a bean named 'entityManagerFactory' in your configuration.

2025-03-24 14:49:59.154 [] [] INFO  [restartedMain] sn.fr.samagp.SamaGpApiApplication - Starting SamaGpApiApplication using Java 17.0.7 with PID 77074 (/Users/mac/Desktop/samaGp/samagp-api-ms/target/classes started by mac in /Users/mac/Desktop/samaGp/samagp-api-ms)
2025-03-24 14:49:59.157 [] [] INFO  [restartedMain] sn.fr.samagp.SamaGpApiApplication - The following 1 profile is active: "dev"
2025-03-24 14:49:59.253 [] [] INFO  [restartedMain] o.s.b.d.e.DevToolsPropertyDefaultsPostProcessor - Devtools property defaults active! Set 'spring.devtools.add-properties' to 'false' to disable
2025-03-24 14:49:59.255 [] [] INFO  [restartedMain] o.s.b.d.e.DevToolsPropertyDefaultsPostProcessor - For additional web related logging consider setting the 'logging.level.web' property to 'DEBUG'
2025-03-24 14:50:00.235 [] [] INFO  [restartedMain] o.s.d.r.c.RepositoryConfigurationDelegate - Multiple Spring Data modules found, entering strict repository configuration mode
2025-03-24 14:50:00.236 [] [] INFO  [restartedMain] o.s.d.r.c.RepositoryConfigurationDelegate - Bootstrapping Spring Data JPA repositories in DEFAULT mode.
2025-03-24 14:50:00.555 [] [] INFO  [restartedMain] o.s.d.r.c.RepositoryConfigurationDelegate - Finished Spring Data repository scanning in 302 ms. Found 4 JPA repository interfaces.
2025-03-24 14:50:01.039 [] [] INFO  [restartedMain] o.s.i.c.DefaultConfiguringBeanFactoryPostProcessor - No bean named 'errorChannel' has been explicitly defined. Therefore, a default PublishSubscribeChannel will be created.
2025-03-24 14:50:01.052 [] [] INFO  [restartedMain] o.s.i.c.DefaultConfiguringBeanFactoryPostProcessor - No bean named 'integrationHeaderChannelRegistry' has been explicitly defined. Therefore, a default DefaultHeaderChannelRegistry will be created.
2025-03-24 14:50:01.954 [] [] INFO  [restartedMain] o.s.b.w.e.tomcat.TomcatWebServer - Tomcat initialized with port 8084 (http)
2025-03-24 14:50:01.980 [] [] INFO  [restartedMain] o.a.catalina.core.StandardService - Starting service [Tomcat]
2025-03-24 14:50:01.981 [] [] INFO  [restartedMain] o.a.catalina.core.StandardEngine - Starting Servlet engine: [Apache Tomcat/10.1.36]
2025-03-24 14:50:02.093 [] [] INFO  [restartedMain] o.a.c.c.C.[.[localhost].[/samagp] - Initializing Spring embedded WebApplicationContext
2025-03-24 14:50:02.093 [] [] INFO  [restartedMain] o.s.b.w.s.c.ServletWebServerApplicationContext - Root WebApplicationContext: initialization completed in 2837 ms
2025-03-24 14:50:02.266 [] [] WARN  [restartedMain] o.s.b.w.s.c.AnnotationConfigServletWebServerApplicationContext - Exception encountered during context initialization - cancelling refresh attempt: org.springframework.beans.factory.UnsatisfiedDependencyException: Error creating bean with name 'annonceController' defined in file [/Users/mac/Desktop/samaGp/samagp-api-ms/target/classes/sn/fr/samagp/apicontroller/AnnonceController.class]: Unsatisfied dependency expressed through constructor parameter 0: Error creating bean with name 'annonceServiceImp' defined in file [/Users/mac/Desktop/samaGp/samagp-api-ms/target/classes/sn/fr/samagp/services/impl/AnnonceServiceImp.class]: Unsatisfied dependency expressed through constructor parameter 0: Error creating bean with name 'annonceRepository' defined in sn.fr.samagp.repository.AnnonceRepository defined in @EnableJpaRepositories declared on SamaGpApiApplication: Cannot resolve reference to bean 'jpaSharedEM_entityManagerFactory' while setting bean property 'entityManager'
2025-03-24 14:50:02.275 [] [] INFO  [restartedMain] o.a.catalina.core.StandardService - Stopping service [Tomcat]
2025-03-24 14:50:02.302 [] [] INFO  [restartedMain] o.s.b.a.l.ConditionEvaluationReportLogger - 

Error starting ApplicationContext. To display the condition evaluation report re-run your application with 'debug' enabled.
2025-03-24 14:50:02.330 [] [] ERROR [restartedMain] o.s.b.d.LoggingFailureAnalysisReporter - 

***************************
APPLICATION FAILED TO START
***************************

Description:

Parameter 0 of constructor in sn.fr.samagp.services.impl.AnnonceServiceImp required a bean named 'entityManagerFactory' that could not be found.


Action:

Consider defining a bean named 'entityManagerFactory' in your configuration.

2025-03-24 14:56:16.782 [] [] INFO  [restartedMain] sn.fr.samagp.SamaGpApiApplication - Starting SamaGpApiApplication using Java 17.0.7 with PID 82937 (/Users/mac/Desktop/samaGp/samagp-api-ms/target/classes started by mac in /Users/mac/Desktop/samaGp/samagp-api-ms)
2025-03-24 14:56:16.785 [] [] INFO  [restartedMain] sn.fr.samagp.SamaGpApiApplication - The following 1 profile is active: "dev"
2025-03-24 14:56:16.837 [] [] INFO  [restartedMain] o.s.b.d.e.DevToolsPropertyDefaultsPostProcessor - Devtools property defaults active! Set 'spring.devtools.add-properties' to 'false' to disable
2025-03-24 14:56:16.837 [] [] INFO  [restartedMain] o.s.b.d.e.DevToolsPropertyDefaultsPostProcessor - For additional web related logging consider setting the 'logging.level.web' property to 'DEBUG'
2025-03-24 14:56:17.926 [] [] INFO  [restartedMain] o.s.i.c.DefaultConfiguringBeanFactoryPostProcessor - No bean named 'errorChannel' has been explicitly defined. Therefore, a default PublishSubscribeChannel will be created.
2025-03-24 14:56:17.943 [] [] INFO  [restartedMain] o.s.i.c.DefaultConfiguringBeanFactoryPostProcessor - No bean named 'integrationHeaderChannelRegistry' has been explicitly defined. Therefore, a default DefaultHeaderChannelRegistry will be created.
2025-03-24 14:56:18.576 [] [] INFO  [restartedMain] o.s.b.w.e.tomcat.TomcatWebServer - Tomcat initialized with port 8084 (http)
2025-03-24 14:56:18.592 [] [] INFO  [restartedMain] o.a.catalina.core.StandardService - Starting service [Tomcat]
2025-03-24 14:56:18.593 [] [] INFO  [restartedMain] o.a.catalina.core.StandardEngine - Starting Servlet engine: [Apache Tomcat/10.1.36]
2025-03-24 14:56:18.656 [] [] INFO  [restartedMain] o.a.c.c.C.[.[localhost].[/samagp] - Initializing Spring embedded WebApplicationContext
2025-03-24 14:56:18.656 [] [] INFO  [restartedMain] o.s.b.w.s.c.ServletWebServerApplicationContext - Root WebApplicationContext: initialization completed in 1818 ms
2025-03-24 14:56:18.722 [] [] WARN  [restartedMain] o.s.b.w.s.c.AnnotationConfigServletWebServerApplicationContext - Exception encountered during context initialization - cancelling refresh attempt: org.springframework.beans.factory.UnsatisfiedDependencyException: Error creating bean with name 'annonceController' defined in file [/Users/mac/Desktop/samaGp/samagp-api-ms/target/classes/sn/fr/samagp/apicontroller/AnnonceController.class]: Unsatisfied dependency expressed through constructor parameter 0: Error creating bean with name 'annonceServiceImp' defined in file [/Users/mac/Desktop/samaGp/samagp-api-ms/target/classes/sn/fr/samagp/services/impl/AnnonceServiceImp.class]: Unsatisfied dependency expressed through constructor parameter 0: No qualifying bean of type 'sn.fr.samagp.repository.AnnonceRepository' available: expected at least 1 bean which qualifies as autowire candidate. Dependency annotations: {}
2025-03-24 14:56:18.725 [] [] INFO  [restartedMain] o.a.catalina.core.StandardService - Stopping service [Tomcat]
2025-03-24 14:56:18.745 [] [] INFO  [restartedMain] o.s.b.a.l.ConditionEvaluationReportLogger - 

Error starting ApplicationContext. To display the condition evaluation report re-run your application with 'debug' enabled.
2025-03-24 14:56:18.770 [] [] ERROR [restartedMain] o.s.b.d.LoggingFailureAnalysisReporter - 

***************************
APPLICATION FAILED TO START
***************************

Description:

Parameter 0 of constructor in sn.fr.samagp.services.impl.AnnonceServiceImp required a bean of type 'sn.fr.samagp.repository.AnnonceRepository' that could not be found.


Action:

Consider defining a bean of type 'sn.fr.samagp.repository.AnnonceRepository' in your configuration.

2025-03-24 14:56:40.581 [] [] INFO  [restartedMain] sn.fr.samagp.SamaGpApiApplication - Starting SamaGpApiApplication using Java 17.0.7 with PID 83290 (/Users/mac/Desktop/samaGp/samagp-api-ms/target/classes started by mac in /Users/mac/Desktop/samaGp/samagp-api-ms)
2025-03-24 14:56:40.583 [] [] INFO  [restartedMain] sn.fr.samagp.SamaGpApiApplication - The following 1 profile is active: "dev"
2025-03-24 14:56:40.635 [] [] INFO  [restartedMain] o.s.b.d.e.DevToolsPropertyDefaultsPostProcessor - Devtools property defaults active! Set 'spring.devtools.add-properties' to 'false' to disable
2025-03-24 14:56:40.636 [] [] INFO  [restartedMain] o.s.b.d.e.DevToolsPropertyDefaultsPostProcessor - For additional web related logging consider setting the 'logging.level.web' property to 'DEBUG'
2025-03-24 14:56:41.689 [] [] INFO  [restartedMain] o.s.i.c.DefaultConfiguringBeanFactoryPostProcessor - No bean named 'errorChannel' has been explicitly defined. Therefore, a default PublishSubscribeChannel will be created.
2025-03-24 14:56:41.705 [] [] INFO  [restartedMain] o.s.i.c.DefaultConfiguringBeanFactoryPostProcessor - No bean named 'integrationHeaderChannelRegistry' has been explicitly defined. Therefore, a default DefaultHeaderChannelRegistry will be created.
2025-03-24 14:56:42.338 [] [] INFO  [restartedMain] o.s.b.w.e.tomcat.TomcatWebServer - Tomcat initialized with port 8084 (http)
2025-03-24 14:56:42.355 [] [] INFO  [restartedMain] o.a.catalina.core.StandardService - Starting service [Tomcat]
2025-03-24 14:56:42.355 [] [] INFO  [restartedMain] o.a.catalina.core.StandardEngine - Starting Servlet engine: [Apache Tomcat/10.1.36]
2025-03-24 14:56:42.415 [] [] INFO  [restartedMain] o.a.c.c.C.[.[localhost].[/samagp] - Initializing Spring embedded WebApplicationContext
2025-03-24 14:56:42.416 [] [] INFO  [restartedMain] o.s.b.w.s.c.ServletWebServerApplicationContext - Root WebApplicationContext: initialization completed in 1779 ms
2025-03-24 14:56:42.480 [] [] WARN  [restartedMain] o.s.b.w.s.c.AnnotationConfigServletWebServerApplicationContext - Exception encountered during context initialization - cancelling refresh attempt: org.springframework.beans.factory.UnsatisfiedDependencyException: Error creating bean with name 'annonceController' defined in file [/Users/mac/Desktop/samaGp/samagp-api-ms/target/classes/sn/fr/samagp/apicontroller/AnnonceController.class]: Unsatisfied dependency expressed through constructor parameter 0: Error creating bean with name 'annonceServiceImp' defined in file [/Users/mac/Desktop/samaGp/samagp-api-ms/target/classes/sn/fr/samagp/services/impl/AnnonceServiceImp.class]: Unsatisfied dependency expressed through constructor parameter 0: No qualifying bean of type 'sn.fr.samagp.repository.AnnonceRepository' available: expected at least 1 bean which qualifies as autowire candidate. Dependency annotations: {}
2025-03-24 14:56:42.484 [] [] INFO  [restartedMain] o.a.catalina.core.StandardService - Stopping service [Tomcat]
2025-03-24 14:56:42.503 [] [] INFO  [restartedMain] o.s.b.a.l.ConditionEvaluationReportLogger - 

Error starting ApplicationContext. To display the condition evaluation report re-run your application with 'debug' enabled.
2025-03-24 14:56:42.527 [] [] ERROR [restartedMain] o.s.b.d.LoggingFailureAnalysisReporter - 

***************************
APPLICATION FAILED TO START
***************************

Description:

Parameter 0 of constructor in sn.fr.samagp.services.impl.AnnonceServiceImp required a bean of type 'sn.fr.samagp.repository.AnnonceRepository' that could not be found.


Action:

Consider defining a bean of type 'sn.fr.samagp.repository.AnnonceRepository' in your configuration.

2025-03-24 15:00:42.011 [] [] INFO  [restartedMain] sn.fr.samagp.SamaGpApiApplication - Starting SamaGpApiApplication using Java 17.0.7 with PID 87040 (/Users/mac/Desktop/samaGp/samagp-api-ms/target/classes started by mac in /Users/mac/Desktop/samaGp/samagp-api-ms)
2025-03-24 15:00:42.014 [] [] INFO  [restartedMain] sn.fr.samagp.SamaGpApiApplication - The following 1 profile is active: "dev"
2025-03-24 15:00:42.063 [] [] INFO  [restartedMain] o.s.b.d.e.DevToolsPropertyDefaultsPostProcessor - Devtools property defaults active! Set 'spring.devtools.add-properties' to 'false' to disable
2025-03-24 15:00:42.064 [] [] INFO  [restartedMain] o.s.b.d.e.DevToolsPropertyDefaultsPostProcessor - For additional web related logging consider setting the 'logging.level.web' property to 'DEBUG'
2025-03-24 15:00:43.061 [] [] INFO  [restartedMain] o.s.i.c.DefaultConfiguringBeanFactoryPostProcessor - No bean named 'errorChannel' has been explicitly defined. Therefore, a default PublishSubscribeChannel will be created.
2025-03-24 15:00:43.078 [] [] INFO  [restartedMain] o.s.i.c.DefaultConfiguringBeanFactoryPostProcessor - No bean named 'integrationHeaderChannelRegistry' has been explicitly defined. Therefore, a default DefaultHeaderChannelRegistry will be created.
2025-03-24 15:00:43.650 [] [] INFO  [restartedMain] o.s.b.w.e.tomcat.TomcatWebServer - Tomcat initialized with port 8084 (http)
2025-03-24 15:00:43.666 [] [] INFO  [restartedMain] o.a.catalina.core.StandardService - Starting service [Tomcat]
2025-03-24 15:00:43.666 [] [] INFO  [restartedMain] o.a.catalina.core.StandardEngine - Starting Servlet engine: [Apache Tomcat/10.1.36]
2025-03-24 15:00:43.719 [] [] INFO  [restartedMain] o.a.c.c.C.[.[localhost].[/samagp] - Initializing Spring embedded WebApplicationContext
2025-03-24 15:00:43.720 [] [] INFO  [restartedMain] o.s.b.w.s.c.ServletWebServerApplicationContext - Root WebApplicationContext: initialization completed in 1655 ms
2025-03-24 15:00:43.791 [] [] WARN  [restartedMain] o.s.b.w.s.c.AnnotationConfigServletWebServerApplicationContext - Exception encountered during context initialization - cancelling refresh attempt: org.springframework.beans.factory.UnsatisfiedDependencyException: Error creating bean with name 'annonceController' defined in file [/Users/mac/Desktop/samaGp/samagp-api-ms/target/classes/sn/fr/samagp/apicontroller/AnnonceController.class]: Unsatisfied dependency expressed through constructor parameter 0: Error creating bean with name 'annonceServiceImp' defined in file [/Users/mac/Desktop/samaGp/samagp-api-ms/target/classes/sn/fr/samagp/services/impl/AnnonceServiceImp.class]: Unsatisfied dependency expressed through constructor parameter 0: No qualifying bean of type 'sn.fr.samagp.repository.AnnonceRepository' available: expected at least 1 bean which qualifies as autowire candidate. Dependency annotations: {}
2025-03-24 15:00:43.795 [] [] INFO  [restartedMain] o.a.catalina.core.StandardService - Stopping service [Tomcat]
2025-03-24 15:00:43.820 [] [] INFO  [restartedMain] o.s.b.a.l.ConditionEvaluationReportLogger - 

Error starting ApplicationContext. To display the condition evaluation report re-run your application with 'debug' enabled.
2025-03-24 15:00:43.845 [] [] ERROR [restartedMain] o.s.b.d.LoggingFailureAnalysisReporter - 

***************************
APPLICATION FAILED TO START
***************************

Description:

Parameter 0 of constructor in sn.fr.samagp.services.impl.AnnonceServiceImp required a bean of type 'sn.fr.samagp.repository.AnnonceRepository' that could not be found.


Action:

Consider defining a bean of type 'sn.fr.samagp.repository.AnnonceRepository' in your configuration.

2025-03-24 15:27:48.537 [] [] INFO  [restartedMain] sn.fr.samagp.SamaGpApiApplication - Starting SamaGpApiApplication using Java 17.0.7 with PID 12576 (/Users/mac/Desktop/samaGp/samagp-api-ms/target/classes started by mac in /Users/mac/Desktop/samaGp/samagp-api-ms)
2025-03-24 15:27:48.540 [] [] INFO  [restartedMain] sn.fr.samagp.SamaGpApiApplication - The following 1 profile is active: "dev"
2025-03-24 15:27:48.593 [] [] INFO  [restartedMain] o.s.b.d.e.DevToolsPropertyDefaultsPostProcessor - Devtools property defaults active! Set 'spring.devtools.add-properties' to 'false' to disable
2025-03-24 15:27:48.593 [] [] INFO  [restartedMain] o.s.b.d.e.DevToolsPropertyDefaultsPostProcessor - For additional web related logging consider setting the 'logging.level.web' property to 'DEBUG'
2025-03-24 15:27:49.630 [] [] INFO  [restartedMain] o.s.i.c.DefaultConfiguringBeanFactoryPostProcessor - No bean named 'errorChannel' has been explicitly defined. Therefore, a default PublishSubscribeChannel will be created.
2025-03-24 15:27:49.646 [] [] INFO  [restartedMain] o.s.i.c.DefaultConfiguringBeanFactoryPostProcessor - No bean named 'integrationHeaderChannelRegistry' has been explicitly defined. Therefore, a default DefaultHeaderChannelRegistry will be created.
2025-03-24 15:27:50.299 [] [] INFO  [restartedMain] o.s.b.w.e.tomcat.TomcatWebServer - Tomcat initialized with port 8084 (http)
2025-03-24 15:27:50.316 [] [] INFO  [restartedMain] o.a.catalina.core.StandardService - Starting service [Tomcat]
2025-03-24 15:27:50.316 [] [] INFO  [restartedMain] o.a.catalina.core.StandardEngine - Starting Servlet engine: [Apache Tomcat/10.1.36]
2025-03-24 15:27:50.378 [] [] INFO  [restartedMain] o.a.c.c.C.[.[localhost].[/samagp] - Initializing Spring embedded WebApplicationContext
2025-03-24 15:27:50.379 [] [] INFO  [restartedMain] o.s.b.w.s.c.ServletWebServerApplicationContext - Root WebApplicationContext: initialization completed in 1785 ms
2025-03-24 15:27:50.440 [] [] WARN  [restartedMain] o.s.b.w.s.c.AnnotationConfigServletWebServerApplicationContext - Exception encountered during context initialization - cancelling refresh attempt: org.springframework.beans.factory.UnsatisfiedDependencyException: Error creating bean with name 'annonceController' defined in file [/Users/mac/Desktop/samaGp/samagp-api-ms/target/classes/sn/fr/samagp/apicontroller/AnnonceController.class]: Unsatisfied dependency expressed through constructor parameter 0: Error creating bean with name 'annonceServiceImp' defined in file [/Users/mac/Desktop/samaGp/samagp-api-ms/target/classes/sn/fr/samagp/services/impl/AnnonceServiceImp.class]: Unsatisfied dependency expressed through constructor parameter 0: No qualifying bean of type 'sn.fr.samagp.repository.AnnonceRepository' available: expected at least 1 bean which qualifies as autowire candidate. Dependency annotations: {}
2025-03-24 15:27:50.443 [] [] INFO  [restartedMain] o.a.catalina.core.StandardService - Stopping service [Tomcat]
2025-03-24 15:27:50.462 [] [] INFO  [restartedMain] o.s.b.a.l.ConditionEvaluationReportLogger - 

Error starting ApplicationContext. To display the condition evaluation report re-run your application with 'debug' enabled.
2025-03-24 15:27:50.486 [] [] ERROR [restartedMain] o.s.b.d.LoggingFailureAnalysisReporter - 

***************************
APPLICATION FAILED TO START
***************************

Description:

Parameter 0 of constructor in sn.fr.samagp.services.impl.AnnonceServiceImp required a bean of type 'sn.fr.samagp.repository.AnnonceRepository' that could not be found.


Action:

Consider defining a bean of type 'sn.fr.samagp.repository.AnnonceRepository' in your configuration.

2025-03-24 15:32:03.564 [] [] INFO  [restartedMain] sn.fr.samagp.SamaGpApiApplication - Starting SamaGpApiApplication using Java 17.0.7 with PID 16516 (/Users/mac/Desktop/samaGp/samagp-api-ms/target/classes started by mac in /Users/mac/Desktop/samaGp/samagp-api-ms)
2025-03-24 15:32:03.567 [] [] INFO  [restartedMain] sn.fr.samagp.SamaGpApiApplication - The following 1 profile is active: "dev"
2025-03-24 15:32:03.624 [] [] INFO  [restartedMain] o.s.b.d.e.DevToolsPropertyDefaultsPostProcessor - Devtools property defaults active! Set 'spring.devtools.add-properties' to 'false' to disable
2025-03-24 15:32:03.624 [] [] INFO  [restartedMain] o.s.b.d.e.DevToolsPropertyDefaultsPostProcessor - For additional web related logging consider setting the 'logging.level.web' property to 'DEBUG'
2025-03-24 15:32:04.706 [] [] INFO  [restartedMain] o.s.i.c.DefaultConfiguringBeanFactoryPostProcessor - No bean named 'errorChannel' has been explicitly defined. Therefore, a default PublishSubscribeChannel will be created.
2025-03-24 15:32:04.722 [] [] INFO  [restartedMain] o.s.i.c.DefaultConfiguringBeanFactoryPostProcessor - No bean named 'integrationHeaderChannelRegistry' has been explicitly defined. Therefore, a default DefaultHeaderChannelRegistry will be created.
2025-03-24 15:32:05.406 [] [] INFO  [restartedMain] o.s.b.w.e.tomcat.TomcatWebServer - Tomcat initialized with port 8084 (http)
2025-03-24 15:32:05.423 [] [] INFO  [restartedMain] o.a.catalina.core.StandardService - Starting service [Tomcat]
2025-03-24 15:32:05.423 [] [] INFO  [restartedMain] o.a.catalina.core.StandardEngine - Starting Servlet engine: [Apache Tomcat/10.1.36]
2025-03-24 15:32:05.490 [] [] INFO  [restartedMain] o.a.c.c.C.[.[localhost].[/samagp] - Initializing Spring embedded WebApplicationContext
2025-03-24 15:32:05.491 [] [] INFO  [restartedMain] o.s.b.w.s.c.ServletWebServerApplicationContext - Root WebApplicationContext: initialization completed in 1866 ms
2025-03-24 15:32:05.555 [] [] WARN  [restartedMain] o.s.b.w.s.c.AnnotationConfigServletWebServerApplicationContext - Exception encountered during context initialization - cancelling refresh attempt: org.springframework.beans.factory.UnsatisfiedDependencyException: Error creating bean with name 'annonceController' defined in file [/Users/mac/Desktop/samaGp/samagp-api-ms/target/classes/sn/fr/samagp/apicontroller/AnnonceController.class]: Unsatisfied dependency expressed through constructor parameter 0: Error creating bean with name 'annonceServiceImp' defined in file [/Users/mac/Desktop/samaGp/samagp-api-ms/target/classes/sn/fr/samagp/services/impl/AnnonceServiceImp.class]: Unsatisfied dependency expressed through constructor parameter 0: No qualifying bean of type 'sn.fr.samagp.repository.AnnonceRepository' available: expected at least 1 bean which qualifies as autowire candidate. Dependency annotations: {}
2025-03-24 15:32:05.559 [] [] INFO  [restartedMain] o.a.catalina.core.StandardService - Stopping service [Tomcat]
2025-03-24 15:32:05.578 [] [] INFO  [restartedMain] o.s.b.a.l.ConditionEvaluationReportLogger - 

Error starting ApplicationContext. To display the condition evaluation report re-run your application with 'debug' enabled.
2025-03-24 15:32:05.602 [] [] ERROR [restartedMain] o.s.b.d.LoggingFailureAnalysisReporter - 

***************************
APPLICATION FAILED TO START
***************************

Description:

Parameter 0 of constructor in sn.fr.samagp.services.impl.AnnonceServiceImp required a bean of type 'sn.fr.samagp.repository.AnnonceRepository' that could not be found.


Action:

Consider defining a bean of type 'sn.fr.samagp.repository.AnnonceRepository' in your configuration.

2025-03-24 22:07:24.699 [] [] INFO  [restartedMain] sn.fr.samagp.SamaGpApiApplication - Starting SamaGpApiApplication using Java 17.0.7 with PID 6202 (/Users/mac/Desktop/samaGp/samagp-api-ms/target/classes started by mac in /Users/mac/Desktop/samaGp/samagp-api-ms)
2025-03-24 22:07:24.701 [] [] INFO  [restartedMain] sn.fr.samagp.SamaGpApiApplication - The following 1 profile is active: "dev"
2025-03-24 22:07:24.793 [] [] INFO  [restartedMain] o.s.b.d.e.DevToolsPropertyDefaultsPostProcessor - Devtools property defaults active! Set 'spring.devtools.add-properties' to 'false' to disable
2025-03-24 22:07:24.793 [] [] INFO  [restartedMain] o.s.b.d.e.DevToolsPropertyDefaultsPostProcessor - For additional web related logging consider setting the 'logging.level.web' property to 'DEBUG'
2025-03-24 22:07:25.939 [] [] INFO  [restartedMain] o.s.i.c.DefaultConfiguringBeanFactoryPostProcessor - No bean named 'errorChannel' has been explicitly defined. Therefore, a default PublishSubscribeChannel will be created.
2025-03-24 22:07:25.958 [] [] INFO  [restartedMain] o.s.i.c.DefaultConfiguringBeanFactoryPostProcessor - No bean named 'integrationHeaderChannelRegistry' has been explicitly defined. Therefore, a default DefaultHeaderChannelRegistry will be created.
2025-03-24 22:07:26.642 [] [] INFO  [restartedMain] o.s.b.w.e.tomcat.TomcatWebServer - Tomcat initialized with port 8084 (http)
2025-03-24 22:07:26.660 [] [] INFO  [restartedMain] o.a.catalina.core.StandardService - Starting service [Tomcat]
2025-03-24 22:07:26.661 [] [] INFO  [restartedMain] o.a.catalina.core.StandardEngine - Starting Servlet engine: [Apache Tomcat/10.1.36]
2025-03-24 22:07:26.727 [] [] INFO  [restartedMain] o.a.c.c.C.[.[localhost].[/samagp] - Initializing Spring embedded WebApplicationContext
2025-03-24 22:07:26.727 [] [] INFO  [restartedMain] o.s.b.w.s.c.ServletWebServerApplicationContext - Root WebApplicationContext: initialization completed in 1933 ms
2025-03-24 22:07:26.795 [] [] WARN  [restartedMain] o.s.b.w.s.c.AnnotationConfigServletWebServerApplicationContext - Exception encountered during context initialization - cancelling refresh attempt: org.springframework.beans.factory.UnsatisfiedDependencyException: Error creating bean with name 'annonceController' defined in file [/Users/mac/Desktop/samaGp/samagp-api-ms/target/classes/sn/fr/samagp/apicontroller/AnnonceController.class]: Unsatisfied dependency expressed through constructor parameter 0: Error creating bean with name 'annonceServiceImp' defined in file [/Users/mac/Desktop/samaGp/samagp-api-ms/target/classes/sn/fr/samagp/services/impl/AnnonceServiceImp.class]: Unsatisfied dependency expressed through constructor parameter 0: No qualifying bean of type 'sn.fr.samagp.repository.AnnonceRepository' available: expected at least 1 bean which qualifies as autowire candidate. Dependency annotations: {}
2025-03-24 22:07:26.798 [] [] INFO  [restartedMain] o.a.catalina.core.StandardService - Stopping service [Tomcat]
2025-03-24 22:07:26.817 [] [] INFO  [restartedMain] o.s.b.a.l.ConditionEvaluationReportLogger - 

Error starting ApplicationContext. To display the condition evaluation report re-run your application with 'debug' enabled.
2025-03-24 22:07:26.842 [] [] ERROR [restartedMain] o.s.b.d.LoggingFailureAnalysisReporter - 

***************************
APPLICATION FAILED TO START
***************************

Description:

Parameter 0 of constructor in sn.fr.samagp.services.impl.AnnonceServiceImp required a bean of type 'sn.fr.samagp.repository.AnnonceRepository' that could not be found.


Action:

Consider defining a bean of type 'sn.fr.samagp.repository.AnnonceRepository' in your configuration.

2025-03-24 22:08:54.881 [] [] INFO  [restartedMain] sn.fr.samagp.SamaGpApiApplication - Starting SamaGpApiApplication using Java 17.0.7 with PID 7013 (/Users/mac/Desktop/samaGp/samagp-api-ms/target/classes started by mac in /Users/mac/Desktop/samaGp/samagp-api-ms)
2025-03-24 22:08:54.883 [] [] INFO  [restartedMain] sn.fr.samagp.SamaGpApiApplication - The following 1 profile is active: "dev"
2025-03-24 22:08:54.929 [] [] INFO  [restartedMain] o.s.b.d.e.DevToolsPropertyDefaultsPostProcessor - Devtools property defaults active! Set 'spring.devtools.add-properties' to 'false' to disable
2025-03-24 22:08:54.929 [] [] INFO  [restartedMain] o.s.b.d.e.DevToolsPropertyDefaultsPostProcessor - For additional web related logging consider setting the 'logging.level.web' property to 'DEBUG'
2025-03-24 22:08:55.985 [] [] INFO  [restartedMain] o.s.i.c.DefaultConfiguringBeanFactoryPostProcessor - No bean named 'errorChannel' has been explicitly defined. Therefore, a default PublishSubscribeChannel will be created.
2025-03-24 22:08:55.998 [] [] INFO  [restartedMain] o.s.i.c.DefaultConfiguringBeanFactoryPostProcessor - No bean named 'integrationHeaderChannelRegistry' has been explicitly defined. Therefore, a default DefaultHeaderChannelRegistry will be created.
2025-03-24 22:08:56.706 [] [] INFO  [restartedMain] o.s.b.w.e.tomcat.TomcatWebServer - Tomcat initialized with port 8084 (http)
2025-03-24 22:08:56.727 [] [] INFO  [restartedMain] o.a.catalina.core.StandardService - Starting service [Tomcat]
2025-03-24 22:08:56.728 [] [] INFO  [restartedMain] o.a.catalina.core.StandardEngine - Starting Servlet engine: [Apache Tomcat/10.1.36]
2025-03-24 22:08:56.811 [] [] INFO  [restartedMain] o.a.c.c.C.[.[localhost].[/samagp] - Initializing Spring embedded WebApplicationContext
2025-03-24 22:08:56.811 [] [] INFO  [restartedMain] o.s.b.w.s.c.ServletWebServerApplicationContext - Root WebApplicationContext: initialization completed in 1881 ms
2025-03-24 22:08:56.873 [] [] WARN  [restartedMain] o.s.b.w.s.c.AnnotationConfigServletWebServerApplicationContext - Exception encountered during context initialization - cancelling refresh attempt: org.springframework.beans.factory.UnsatisfiedDependencyException: Error creating bean with name 'annonceController' defined in file [/Users/mac/Desktop/samaGp/samagp-api-ms/target/classes/sn/fr/samagp/apicontroller/AnnonceController.class]: Unsatisfied dependency expressed through constructor parameter 0: Error creating bean with name 'annonceServiceImp' defined in file [/Users/mac/Desktop/samaGp/samagp-api-ms/target/classes/sn/fr/samagp/services/impl/AnnonceServiceImp.class]: Unsatisfied dependency expressed through constructor parameter 0: No qualifying bean of type 'sn.fr.samagp.repository.AnnonceRepository' available: expected at least 1 bean which qualifies as autowire candidate. Dependency annotations: {}
2025-03-24 22:08:56.876 [] [] INFO  [restartedMain] o.a.catalina.core.StandardService - Stopping service [Tomcat]
2025-03-24 22:08:56.894 [] [] INFO  [restartedMain] o.s.b.a.l.ConditionEvaluationReportLogger - 

Error starting ApplicationContext. To display the condition evaluation report re-run your application with 'debug' enabled.
2025-03-24 22:08:56.918 [] [] ERROR [restartedMain] o.s.b.d.LoggingFailureAnalysisReporter - 

***************************
APPLICATION FAILED TO START
***************************

Description:

Parameter 0 of constructor in sn.fr.samagp.services.impl.AnnonceServiceImp required a bean of type 'sn.fr.samagp.repository.AnnonceRepository' that could not be found.


Action:

Consider defining a bean of type 'sn.fr.samagp.repository.AnnonceRepository' in your configuration.

2025-03-24 22:11:10.234 [] [] INFO  [restartedMain] sn.fr.samagp.SamaGpApiApplication - Starting SamaGpApiApplication using Java 17.0.7 with PID 8185 (/Users/mac/Desktop/samaGp/samagp-api-ms/target/classes started by mac in /Users/mac/Desktop/samaGp/samagp-api-ms)
2025-03-24 22:11:10.236 [] [] INFO  [restartedMain] sn.fr.samagp.SamaGpApiApplication - The following 1 profile is active: "dev"
2025-03-24 22:11:10.287 [] [] INFO  [restartedMain] o.s.b.d.e.DevToolsPropertyDefaultsPostProcessor - Devtools property defaults active! Set 'spring.devtools.add-properties' to 'false' to disable
2025-03-24 22:11:10.287 [] [] INFO  [restartedMain] o.s.b.d.e.DevToolsPropertyDefaultsPostProcessor - For additional web related logging consider setting the 'logging.level.web' property to 'DEBUG'
2025-03-24 22:11:11.388 [] [] INFO  [restartedMain] o.s.i.c.DefaultConfiguringBeanFactoryPostProcessor - No bean named 'errorChannel' has been explicitly defined. Therefore, a default PublishSubscribeChannel will be created.
2025-03-24 22:11:11.407 [] [] INFO  [restartedMain] o.s.i.c.DefaultConfiguringBeanFactoryPostProcessor - No bean named 'integrationHeaderChannelRegistry' has been explicitly defined. Therefore, a default DefaultHeaderChannelRegistry will be created.
2025-03-24 22:11:12.082 [] [] INFO  [restartedMain] o.s.b.w.e.tomcat.TomcatWebServer - Tomcat initialized with port 8084 (http)
2025-03-24 22:11:12.099 [] [] INFO  [restartedMain] o.a.catalina.core.StandardService - Starting service [Tomcat]
2025-03-24 22:11:12.100 [] [] INFO  [restartedMain] o.a.catalina.core.StandardEngine - Starting Servlet engine: [Apache Tomcat/10.1.36]
2025-03-24 22:11:12.164 [] [] INFO  [restartedMain] o.a.c.c.C.[.[localhost].[/samagp] - Initializing Spring embedded WebApplicationContext
2025-03-24 22:11:12.164 [] [] INFO  [restartedMain] o.s.b.w.s.c.ServletWebServerApplicationContext - Root WebApplicationContext: initialization completed in 1876 ms
2025-03-24 22:11:12.225 [] [] WARN  [restartedMain] o.s.b.w.s.c.AnnotationConfigServletWebServerApplicationContext - Exception encountered during context initialization - cancelling refresh attempt: org.springframework.beans.factory.UnsatisfiedDependencyException: Error creating bean with name 'annonceController' defined in file [/Users/mac/Desktop/samaGp/samagp-api-ms/target/classes/sn/fr/samagp/apicontroller/AnnonceController.class]: Unsatisfied dependency expressed through constructor parameter 0: Error creating bean with name 'annonceServiceImp' defined in file [/Users/mac/Desktop/samaGp/samagp-api-ms/target/classes/sn/fr/samagp/services/impl/AnnonceServiceImp.class]: Unsatisfied dependency expressed through constructor parameter 0: No qualifying bean of type 'sn.fr.samagp.repository.AnnonceRepository' available: expected at least 1 bean which qualifies as autowire candidate. Dependency annotations: {}
2025-03-24 22:11:12.228 [] [] INFO  [restartedMain] o.a.catalina.core.StandardService - Stopping service [Tomcat]
2025-03-24 22:11:12.247 [] [] INFO  [restartedMain] o.s.b.a.l.ConditionEvaluationReportLogger - 

Error starting ApplicationContext. To display the condition evaluation report re-run your application with 'debug' enabled.
2025-03-24 22:11:12.271 [] [] ERROR [restartedMain] o.s.b.d.LoggingFailureAnalysisReporter - 

***************************
APPLICATION FAILED TO START
***************************

Description:

Parameter 0 of constructor in sn.fr.samagp.services.impl.AnnonceServiceImp required a bean of type 'sn.fr.samagp.repository.AnnonceRepository' that could not be found.


Action:

Consider defining a bean of type 'sn.fr.samagp.repository.AnnonceRepository' in your configuration.

2025-03-24 22:14:58.833 [] [] INFO  [restartedMain] sn.fr.samagp.SamaGpApiApplication - Starting SamaGpApiApplication using Java 17.0.7 with PID 10214 (/Users/mac/Desktop/samaGp/samagp-api-ms/target/classes started by mac in /Users/mac/Desktop/samaGp/samagp-api-ms)
2025-03-24 22:14:58.835 [] [] INFO  [restartedMain] sn.fr.samagp.SamaGpApiApplication - The following 1 profile is active: "dev"
2025-03-24 22:14:58.885 [] [] INFO  [restartedMain] o.s.b.d.e.DevToolsPropertyDefaultsPostProcessor - Devtools property defaults active! Set 'spring.devtools.add-properties' to 'false' to disable
2025-03-24 22:14:58.885 [] [] INFO  [restartedMain] o.s.b.d.e.DevToolsPropertyDefaultsPostProcessor - For additional web related logging consider setting the 'logging.level.web' property to 'DEBUG'
2025-03-24 22:15:00.017 [] [] INFO  [restartedMain] o.s.i.c.DefaultConfiguringBeanFactoryPostProcessor - No bean named 'errorChannel' has been explicitly defined. Therefore, a default PublishSubscribeChannel will be created.
2025-03-24 22:15:00.032 [] [] INFO  [restartedMain] o.s.i.c.DefaultConfiguringBeanFactoryPostProcessor - No bean named 'integrationHeaderChannelRegistry' has been explicitly defined. Therefore, a default DefaultHeaderChannelRegistry will be created.
2025-03-24 22:15:00.674 [] [] INFO  [restartedMain] o.s.b.w.e.tomcat.TomcatWebServer - Tomcat initialized with port 8084 (http)
2025-03-24 22:15:00.690 [] [] INFO  [restartedMain] o.a.catalina.core.StandardService - Starting service [Tomcat]
2025-03-24 22:15:00.691 [] [] INFO  [restartedMain] o.a.catalina.core.StandardEngine - Starting Servlet engine: [Apache Tomcat/10.1.36]
2025-03-24 22:15:00.755 [] [] INFO  [restartedMain] o.a.c.c.C.[.[localhost].[/samagp] - Initializing Spring embedded WebApplicationContext
2025-03-24 22:15:00.756 [] [] INFO  [restartedMain] o.s.b.w.s.c.ServletWebServerApplicationContext - Root WebApplicationContext: initialization completed in 1870 ms
2025-03-24 22:15:00.819 [] [] WARN  [restartedMain] o.s.b.w.s.c.AnnotationConfigServletWebServerApplicationContext - Exception encountered during context initialization - cancelling refresh attempt: org.springframework.beans.factory.UnsatisfiedDependencyException: Error creating bean with name 'annonceController' defined in file [/Users/mac/Desktop/samaGp/samagp-api-ms/target/classes/sn/fr/samagp/apicontroller/AnnonceController.class]: Unsatisfied dependency expressed through constructor parameter 0: Error creating bean with name 'annonceServiceImp' defined in file [/Users/mac/Desktop/samaGp/samagp-api-ms/target/classes/sn/fr/samagp/services/impl/AnnonceServiceImp.class]: Unsatisfied dependency expressed through constructor parameter 0: No qualifying bean of type 'sn.fr.samagp.repository.AnnonceRepository' available: expected at least 1 bean which qualifies as autowire candidate. Dependency annotations: {}
2025-03-24 22:15:00.822 [] [] INFO  [restartedMain] o.a.catalina.core.StandardService - Stopping service [Tomcat]
2025-03-24 22:15:00.842 [] [] INFO  [restartedMain] o.s.b.a.l.ConditionEvaluationReportLogger - 

Error starting ApplicationContext. To display the condition evaluation report re-run your application with 'debug' enabled.
2025-03-24 22:15:00.867 [] [] ERROR [restartedMain] o.s.b.d.LoggingFailureAnalysisReporter - 

***************************
APPLICATION FAILED TO START
***************************

Description:

Parameter 0 of constructor in sn.fr.samagp.services.impl.AnnonceServiceImp required a bean of type 'sn.fr.samagp.repository.AnnonceRepository' that could not be found.


Action:

Consider defining a bean of type 'sn.fr.samagp.repository.AnnonceRepository' in your configuration.

2025-03-24 22:16:48.659 [] [] INFO  [restartedMain] sn.fr.samagp.SamaGpApiApplication - Starting SamaGpApiApplication using Java 17.0.7 with PID 11100 (/Users/mac/Desktop/samaGp/samagp-api-ms/target/classes started by mac in /Users/mac/Desktop/samaGp/samagp-api-ms)
2025-03-24 22:16:48.663 [] [] INFO  [restartedMain] sn.fr.samagp.SamaGpApiApplication - The following 1 profile is active: "dev"
2025-03-24 22:16:48.772 [] [] INFO  [restartedMain] o.s.b.d.e.DevToolsPropertyDefaultsPostProcessor - Devtools property defaults active! Set 'spring.devtools.add-properties' to 'false' to disable
2025-03-24 22:16:48.773 [] [] INFO  [restartedMain] o.s.b.d.e.DevToolsPropertyDefaultsPostProcessor - For additional web related logging consider setting the 'logging.level.web' property to 'DEBUG'
2025-03-24 22:16:49.506 [] [] INFO  [restartedMain] o.s.d.r.c.RepositoryConfigurationDelegate - Bootstrapping Spring Data JPA repositories in DEFAULT mode.
2025-03-24 22:16:49.732 [] [] INFO  [restartedMain] o.s.d.r.c.RepositoryConfigurationDelegate - Finished Spring Data repository scanning in 215 ms. Found 4 JPA repository interfaces.
2025-03-24 22:16:50.109 [] [] INFO  [restartedMain] o.s.i.c.DefaultConfiguringBeanFactoryPostProcessor - No bean named 'errorChannel' has been explicitly defined. Therefore, a default PublishSubscribeChannel will be created.
2025-03-24 22:16:50.122 [] [] INFO  [restartedMain] o.s.i.c.DefaultConfiguringBeanFactoryPostProcessor - No bean named 'integrationHeaderChannelRegistry' has been explicitly defined. Therefore, a default DefaultHeaderChannelRegistry will be created.
2025-03-24 22:16:50.927 [] [] INFO  [restartedMain] o.s.b.w.e.tomcat.TomcatWebServer - Tomcat initialized with port 8084 (http)
2025-03-24 22:16:50.945 [] [] INFO  [restartedMain] o.a.catalina.core.StandardService - Starting service [Tomcat]
2025-03-24 22:16:50.946 [] [] INFO  [restartedMain] o.a.catalina.core.StandardEngine - Starting Servlet engine: [Apache Tomcat/10.1.36]
2025-03-24 22:16:51.000 [] [] INFO  [restartedMain] o.a.c.c.C.[.[localhost].[/samagp] - Initializing Spring embedded WebApplicationContext
2025-03-24 22:16:51.001 [] [] INFO  [restartedMain] o.s.b.w.s.c.ServletWebServerApplicationContext - Root WebApplicationContext: initialization completed in 2227 ms
2025-03-24 22:16:51.077 [] [] WARN  [restartedMain] o.s.b.w.s.c.AnnotationConfigServletWebServerApplicationContext - Exception encountered during context initialization - cancelling refresh attempt: org.springframework.beans.factory.UnsatisfiedDependencyException: Error creating bean with name 'annonceController' defined in file [/Users/mac/Desktop/samaGp/samagp-api-ms/target/classes/sn/fr/samagp/apicontroller/AnnonceController.class]: Unsatisfied dependency expressed through constructor parameter 0: Error creating bean with name 'annonceServiceImp' defined in file [/Users/mac/Desktop/samaGp/samagp-api-ms/target/classes/sn/fr/samagp/services/impl/AnnonceServiceImp.class]: Unsatisfied dependency expressed through constructor parameter 0: Error creating bean with name 'annonceRepository' defined in sn.fr.samagp.repository.AnnonceRepository defined in @EnableJpaRepositories declared on SamaGpApiApplication: Cannot resolve reference to bean 'jpaSharedEM_entityManagerFactory' while setting bean property 'entityManager'
2025-03-24 22:16:51.080 [] [] INFO  [restartedMain] o.a.catalina.core.StandardService - Stopping service [Tomcat]
2025-03-24 22:16:51.100 [] [] INFO  [restartedMain] o.s.b.a.l.ConditionEvaluationReportLogger - 

Error starting ApplicationContext. To display the condition evaluation report re-run your application with 'debug' enabled.
2025-03-24 22:16:51.122 [] [] ERROR [restartedMain] o.s.b.d.LoggingFailureAnalysisReporter - 

***************************
APPLICATION FAILED TO START
***************************

Description:

Parameter 0 of constructor in sn.fr.samagp.services.impl.AnnonceServiceImp required a bean named 'entityManagerFactory' that could not be found.


Action:

Consider defining a bean named 'entityManagerFactory' in your configuration.

2025-03-24 22:21:29.697 [] [] INFO  [restartedMain] sn.fr.samagp.SamaGpApiApplication - Starting SamaGpApiApplication using Java 17.0.7 with PID 13550 (/Users/mac/Desktop/samaGp/samagp-api-ms/target/classes started by mac in /Users/mac/Desktop/samaGp/samagp-api-ms)
2025-03-24 22:21:29.700 [] [] INFO  [restartedMain] sn.fr.samagp.SamaGpApiApplication - The following 1 profile is active: "dev"
2025-03-24 22:21:29.762 [] [] INFO  [restartedMain] o.s.b.d.e.DevToolsPropertyDefaultsPostProcessor - Devtools property defaults active! Set 'spring.devtools.add-properties' to 'false' to disable
2025-03-24 22:21:29.763 [] [] INFO  [restartedMain] o.s.b.d.e.DevToolsPropertyDefaultsPostProcessor - For additional web related logging consider setting the 'logging.level.web' property to 'DEBUG'
2025-03-24 22:21:30.445 [] [] INFO  [restartedMain] o.s.d.r.c.RepositoryConfigurationDelegate - Bootstrapping Spring Data JPA repositories in DEFAULT mode.
2025-03-24 22:21:30.672 [] [] INFO  [restartedMain] o.s.d.r.c.RepositoryConfigurationDelegate - Finished Spring Data repository scanning in 214 ms. Found 4 JPA repository interfaces.
2025-03-24 22:21:31.027 [] [] INFO  [restartedMain] o.s.i.c.DefaultConfiguringBeanFactoryPostProcessor - No bean named 'errorChannel' has been explicitly defined. Therefore, a default PublishSubscribeChannel will be created.
2025-03-24 22:21:31.040 [] [] INFO  [restartedMain] o.s.i.c.DefaultConfiguringBeanFactoryPostProcessor - No bean named 'integrationHeaderChannelRegistry' has been explicitly defined. Therefore, a default DefaultHeaderChannelRegistry will be created.
2025-03-24 22:21:31.756 [] [] INFO  [restartedMain] o.s.b.w.e.tomcat.TomcatWebServer - Tomcat initialized with port 8084 (http)
2025-03-24 22:21:31.773 [] [] INFO  [restartedMain] o.a.catalina.core.StandardService - Starting service [Tomcat]
2025-03-24 22:21:31.774 [] [] INFO  [restartedMain] o.a.catalina.core.StandardEngine - Starting Servlet engine: [Apache Tomcat/10.1.36]
2025-03-24 22:21:31.825 [] [] INFO  [restartedMain] o.a.c.c.C.[.[localhost].[/samagp] - Initializing Spring embedded WebApplicationContext
2025-03-24 22:21:31.826 [] [] INFO  [restartedMain] o.s.b.w.s.c.ServletWebServerApplicationContext - Root WebApplicationContext: initialization completed in 2062 ms
2025-03-24 22:21:31.901 [] [] WARN  [restartedMain] o.s.b.w.s.c.AnnotationConfigServletWebServerApplicationContext - Exception encountered during context initialization - cancelling refresh attempt: org.springframework.beans.factory.UnsatisfiedDependencyException: Error creating bean with name 'annonceController' defined in file [/Users/mac/Desktop/samaGp/samagp-api-ms/target/classes/sn/fr/samagp/apicontroller/AnnonceController.class]: Unsatisfied dependency expressed through constructor parameter 0: Error creating bean with name 'annonceServiceImp' defined in file [/Users/mac/Desktop/samaGp/samagp-api-ms/target/classes/sn/fr/samagp/services/impl/AnnonceServiceImp.class]: Unsatisfied dependency expressed through constructor parameter 0: Error creating bean with name 'annonceRepository' defined in sn.fr.samagp.repository.AnnonceRepository defined in @EnableJpaRepositories declared on SamaGpApiApplication: Cannot resolve reference to bean 'jpaSharedEM_entityManagerFactory' while setting bean property 'entityManager'
2025-03-24 22:21:31.904 [] [] INFO  [restartedMain] o.a.catalina.core.StandardService - Stopping service [Tomcat]
2025-03-24 22:21:31.927 [] [] INFO  [restartedMain] o.s.b.a.l.ConditionEvaluationReportLogger - 

Error starting ApplicationContext. To display the condition evaluation report re-run your application with 'debug' enabled.
2025-03-24 22:21:31.950 [] [] ERROR [restartedMain] o.s.b.d.LoggingFailureAnalysisReporter - 

***************************
APPLICATION FAILED TO START
***************************

Description:

Parameter 0 of constructor in sn.fr.samagp.services.impl.AnnonceServiceImp required a bean named 'entityManagerFactory' that could not be found.


Action:

Consider defining a bean named 'entityManagerFactory' in your configuration.

2025-03-24 22:22:31.592 [] [] INFO  [restartedMain] sn.fr.samagp.SamaGpApiApplication - Starting SamaGpApiApplication using Java 17.0.7 with PID 14104 (/Users/mac/Desktop/samaGp/samagp-api-ms/target/classes started by mac in /Users/mac/Desktop/samaGp/samagp-api-ms)
2025-03-24 22:22:31.594 [] [] INFO  [restartedMain] sn.fr.samagp.SamaGpApiApplication - The following 1 profile is active: "dev"
2025-03-24 22:22:31.650 [] [] INFO  [restartedMain] o.s.b.d.e.DevToolsPropertyDefaultsPostProcessor - Devtools property defaults active! Set 'spring.devtools.add-properties' to 'false' to disable
2025-03-24 22:22:31.650 [] [] INFO  [restartedMain] o.s.b.d.e.DevToolsPropertyDefaultsPostProcessor - For additional web related logging consider setting the 'logging.level.web' property to 'DEBUG'
2025-03-24 22:22:32.339 [] [] INFO  [restartedMain] o.s.d.r.c.RepositoryConfigurationDelegate - Bootstrapping Spring Data JPA repositories in DEFAULT mode.
2025-03-24 22:22:32.533 [] [] INFO  [restartedMain] o.s.d.r.c.RepositoryConfigurationDelegate - Finished Spring Data repository scanning in 182 ms. Found 4 JPA repository interfaces.
2025-03-24 22:22:32.958 [] [] INFO  [restartedMain] o.s.i.c.DefaultConfiguringBeanFactoryPostProcessor - No bean named 'errorChannel' has been explicitly defined. Therefore, a default PublishSubscribeChannel will be created.
2025-03-24 22:22:32.969 [] [] INFO  [restartedMain] o.s.i.c.DefaultConfiguringBeanFactoryPostProcessor - No bean named 'integrationHeaderChannelRegistry' has been explicitly defined. Therefore, a default DefaultHeaderChannelRegistry will be created.
2025-03-24 22:22:33.964 [] [] INFO  [restartedMain] o.s.b.w.e.tomcat.TomcatWebServer - Tomcat initialized with port 8084 (http)
2025-03-24 22:22:33.979 [] [] INFO  [restartedMain] o.a.catalina.core.StandardService - Starting service [Tomcat]
2025-03-24 22:22:33.980 [] [] INFO  [restartedMain] o.a.catalina.core.StandardEngine - Starting Servlet engine: [Apache Tomcat/10.1.36]
2025-03-24 22:22:34.033 [] [] INFO  [restartedMain] o.a.c.c.C.[.[localhost].[/samagp] - Initializing Spring embedded WebApplicationContext
2025-03-24 22:22:34.033 [] [] INFO  [restartedMain] o.s.b.w.s.c.ServletWebServerApplicationContext - Root WebApplicationContext: initialization completed in 2382 ms
2025-03-24 22:22:34.208 [] [] INFO  [restartedMain] o.h.jpa.internal.util.LogHelper - HHH000204: Processing PersistenceUnitInfo [name: default]
2025-03-24 22:22:34.296 [] [] INFO  [restartedMain] org.hibernate.Version - HHH000412: Hibernate ORM core version 6.6.8.Final
2025-03-24 22:22:34.338 [] [] INFO  [restartedMain] o.h.c.i.RegionFactoryInitiator - HHH000026: Second-level cache disabled
2025-03-24 22:22:34.707 [] [] INFO  [restartedMain] o.s.o.j.p.SpringPersistenceUnitInfo - No LoadTimeWeaver setup: ignoring JPA class transformer
2025-03-24 22:22:34.742 [] [] INFO  [restartedMain] com.zaxxer.hikari.HikariDataSource - HikariPool-1 - Starting...
2025-03-24 22:22:35.921 [] [] WARN  [restartedMain] o.h.e.jdbc.spi.SqlExceptionHelper - SQL Error: 0, SQLState: 28P01
2025-03-24 22:22:35.921 [] [] ERROR [restartedMain] o.h.e.jdbc.spi.SqlExceptionHelper - FATAL: password authentication failed for user "samagp"
2025-03-24 22:22:35.923 [] [] WARN  [restartedMain] o.h.e.j.e.i.JdbcEnvironmentInitiator - HHH000342: Could not obtain connection to query metadata
org.hibernate.exception.GenericJDBCException: unable to obtain isolated JDBC connection [FATAL: password authentication failed for user "samagp"] [n/a]
	at org.hibernate.exception.internal.StandardSQLExceptionConverter.convert(StandardSQLExceptionConverter.java:63)
	at org.hibernate.engine.jdbc.spi.SqlExceptionHelper.convert(SqlExceptionHelper.java:108)
	at org.hibernate.engine.jdbc.spi.SqlExceptionHelper.convert(SqlExceptionHelper.java:94)
	at org.hibernate.resource.transaction.backend.jdbc.internal.JdbcIsolationDelegate.delegateWork(JdbcIsolationDelegate.java:116)
	at org.hibernate.engine.jdbc.env.internal.JdbcEnvironmentInitiator.getJdbcEnvironmentUsingJdbcMetadata(JdbcEnvironmentInitiator.java:320)
	at org.hibernate.engine.jdbc.env.internal.JdbcEnvironmentInitiator.initiateService(JdbcEnvironmentInitiator.java:129)
	at org.hibernate.engine.jdbc.env.internal.JdbcEnvironmentInitiator.initiateService(JdbcEnvironmentInitiator.java:81)
	at org.hibernate.boot.registry.internal.StandardServiceRegistryImpl.initiateService(StandardServiceRegistryImpl.java:130)
	at org.hibernate.service.internal.AbstractServiceRegistryImpl.createService(AbstractServiceRegistryImpl.java:263)
	at org.hibernate.service.internal.AbstractServiceRegistryImpl.initializeService(AbstractServiceRegistryImpl.java:238)
	at org.hibernate.service.internal.AbstractServiceRegistryImpl.getService(AbstractServiceRegistryImpl.java:215)
	at org.hibernate.boot.model.relational.Database.<init>(Database.java:45)
	at org.hibernate.boot.internal.InFlightMetadataCollectorImpl.getDatabase(InFlightMetadataCollectorImpl.java:226)
	at org.hibernate.boot.internal.InFlightMetadataCollectorImpl.<init>(InFlightMetadataCollectorImpl.java:194)
	at org.hibernate.boot.model.process.spi.MetadataBuildingProcess.complete(MetadataBuildingProcess.java:171)
	at org.hibernate.jpa.boot.internal.EntityManagerFactoryBuilderImpl.metadata(EntityManagerFactoryBuilderImpl.java:1442)
	at org.hibernate.jpa.boot.internal.EntityManagerFactoryBuilderImpl.build(EntityManagerFactoryBuilderImpl.java:1513)
	at org.springframework.orm.jpa.vendor.SpringHibernateJpaPersistenceProvider.createContainerEntityManagerFactory(SpringHibernateJpaPersistenceProvider.java:66)
	at org.springframework.orm.jpa.LocalContainerEntityManagerFactoryBean.createNativeEntityManagerFactory(LocalContainerEntityManagerFactoryBean.java:390)
	at org.springframework.orm.jpa.AbstractEntityManagerFactoryBean.buildNativeEntityManagerFactory(AbstractEntityManagerFactoryBean.java:419)
	at org.springframework.orm.jpa.AbstractEntityManagerFactoryBean.afterPropertiesSet(AbstractEntityManagerFactoryBean.java:400)
	at org.springframework.orm.jpa.LocalContainerEntityManagerFactoryBean.afterPropertiesSet(LocalContainerEntityManagerFactoryBean.java:366)
	at org.springframework.beans.factory.support.AbstractAutowireCapableBeanFactory.invokeInitMethods(AbstractAutowireCapableBeanFactory.java:1859)
	at org.springframework.beans.factory.support.AbstractAutowireCapableBeanFactory.initializeBean(AbstractAutowireCapableBeanFactory.java:1808)
	at org.springframework.beans.factory.support.AbstractAutowireCapableBeanFactory.doCreateBean(AbstractAutowireCapableBeanFactory.java:601)
	at org.springframework.beans.factory.support.AbstractAutowireCapableBeanFactory.createBean(AbstractAutowireCapableBeanFactory.java:523)
	at org.springframework.beans.factory.support.AbstractBeanFactory.lambda$doGetBean$0(AbstractBeanFactory.java:339)
	at org.springframework.beans.factory.support.DefaultSingletonBeanRegistry.getSingleton(DefaultSingletonBeanRegistry.java:346)
	at org.springframework.beans.factory.support.AbstractBeanFactory.doGetBean(AbstractBeanFactory.java:337)
	at org.springframework.beans.factory.support.AbstractBeanFactory.getBean(AbstractBeanFactory.java:207)
	at org.springframework.context.support.AbstractApplicationContext.finishBeanFactoryInitialization(AbstractApplicationContext.java:970)
	at org.springframework.context.support.AbstractApplicationContext.refresh(AbstractApplicationContext.java:627)
	at org.springframework.boot.web.servlet.context.ServletWebServerApplicationContext.refresh(ServletWebServerApplicationContext.java:146)
	at org.springframework.boot.SpringApplication.refresh(SpringApplication.java:752)
	at org.springframework.boot.SpringApplication.refreshContext(SpringApplication.java:439)
	at org.springframework.boot.SpringApplication.run(SpringApplication.java:318)
	at org.springframework.boot.SpringApplication.run(SpringApplication.java:1361)
	at org.springframework.boot.SpringApplication.run(SpringApplication.java:1350)
	at sn.fr.samagp.SamaGpApiApplication.main(SamaGpApiApplication.java:15)
	at java.base/jdk.internal.reflect.NativeMethodAccessorImpl.invoke0(Native Method)
	at java.base/jdk.internal.reflect.NativeMethodAccessorImpl.invoke(NativeMethodAccessorImpl.java:77)
	at java.base/jdk.internal.reflect.DelegatingMethodAccessorImpl.invoke(DelegatingMethodAccessorImpl.java:43)
	at java.base/java.lang.reflect.Method.invoke(Method.java:568)
	at org.springframework.boot.devtools.restart.RestartLauncher.run(RestartLauncher.java:50)
Caused by: org.postgresql.util.PSQLException: FATAL: password authentication failed for user "samagp"
	at org.postgresql.core.v3.ConnectionFactoryImpl.doAuthentication(ConnectionFactoryImpl.java:704)
	at org.postgresql.core.v3.ConnectionFactoryImpl.tryConnect(ConnectionFactoryImpl.java:213)
	at org.postgresql.core.v3.ConnectionFactoryImpl.openConnectionImpl(ConnectionFactoryImpl.java:268)
	at org.postgresql.core.ConnectionFactory.openConnection(ConnectionFactory.java:54)
	at org.postgresql.jdbc.PgConnection.<init>(PgConnection.java:273)
	at org.postgresql.Driver.makeConnection(Driver.java:446)
	at org.postgresql.Driver.connect(Driver.java:298)
	at com.zaxxer.hikari.util.DriverDataSource.getConnection(DriverDataSource.java:137)
	at com.zaxxer.hikari.pool.PoolBase.newConnection(PoolBase.java:360)
	at com.zaxxer.hikari.pool.PoolBase.newPoolEntry(PoolBase.java:202)
	at com.zaxxer.hikari.pool.HikariPool.createPoolEntry(HikariPool.java:461)
	at com.zaxxer.hikari.pool.HikariPool.checkFailFast(HikariPool.java:550)
	at com.zaxxer.hikari.pool.HikariPool.<init>(HikariPool.java:98)
	at com.zaxxer.hikari.HikariDataSource.getConnection(HikariDataSource.java:111)
	at org.hibernate.engine.jdbc.connections.internal.DatasourceConnectionProviderImpl.getConnection(DatasourceConnectionProviderImpl.java:126)
	at org.hibernate.engine.jdbc.env.internal.JdbcEnvironmentInitiator$ConnectionProviderJdbcConnectionAccess.obtainConnection(JdbcEnvironmentInitiator.java:467)
	at org.hibernate.resource.transaction.backend.jdbc.internal.JdbcIsolationDelegate.delegateWork(JdbcIsolationDelegate.java:61)
	... 40 common frames omitted
2025-03-24 22:22:35.927 [] [] ERROR [restartedMain] o.s.o.j.LocalContainerEntityManagerFactoryBean - Failed to initialize JPA EntityManagerFactory: Unable to create requested service [org.hibernate.engine.jdbc.env.spi.JdbcEnvironment] due to: Unable to determine Dialect without JDBC metadata (please set 'jakarta.persistence.jdbc.url' for common cases or 'hibernate.dialect' when a custom Dialect implementation must be provided)
2025-03-24 22:22:35.927 [] [] WARN  [restartedMain] o.s.b.w.s.c.AnnotationConfigServletWebServerApplicationContext - Exception encountered during context initialization - cancelling refresh attempt: org.springframework.beans.factory.BeanCreationException: Error creating bean with name 'entityManagerFactory' defined in class path resource [org/springframework/boot/autoconfigure/orm/jpa/HibernateJpaConfiguration.class]: Unable to create requested service [org.hibernate.engine.jdbc.env.spi.JdbcEnvironment] due to: Unable to determine Dialect without JDBC metadata (please set 'jakarta.persistence.jdbc.url' for common cases or 'hibernate.dialect' when a custom Dialect implementation must be provided)
2025-03-24 22:22:35.932 [] [] INFO  [restartedMain] o.a.catalina.core.StandardService - Stopping service [Tomcat]
2025-03-24 22:22:35.943 [] [] INFO  [restartedMain] o.s.b.a.l.ConditionEvaluationReportLogger - 

Error starting ApplicationContext. To display the condition evaluation report re-run your application with 'debug' enabled.
2025-03-24 22:22:35.962 [] [] ERROR [restartedMain] o.s.boot.SpringApplication - Application run failed
org.springframework.beans.factory.BeanCreationException: Error creating bean with name 'entityManagerFactory' defined in class path resource [org/springframework/boot/autoconfigure/orm/jpa/HibernateJpaConfiguration.class]: Unable to create requested service [org.hibernate.engine.jdbc.env.spi.JdbcEnvironment] due to: Unable to determine Dialect without JDBC metadata (please set 'jakarta.persistence.jdbc.url' for common cases or 'hibernate.dialect' when a custom Dialect implementation must be provided)
	at org.springframework.beans.factory.support.AbstractAutowireCapableBeanFactory.initializeBean(AbstractAutowireCapableBeanFactory.java:1812)
	at org.springframework.beans.factory.support.AbstractAutowireCapableBeanFactory.doCreateBean(AbstractAutowireCapableBeanFactory.java:601)
	at org.springframework.beans.factory.support.AbstractAutowireCapableBeanFactory.createBean(AbstractAutowireCapableBeanFactory.java:523)
	at org.springframework.beans.factory.support.AbstractBeanFactory.lambda$doGetBean$0(AbstractBeanFactory.java:339)
	at org.springframework.beans.factory.support.DefaultSingletonBeanRegistry.getSingleton(DefaultSingletonBeanRegistry.java:346)
	at org.springframework.beans.factory.support.AbstractBeanFactory.doGetBean(AbstractBeanFactory.java:337)
	at org.springframework.beans.factory.support.AbstractBeanFactory.getBean(AbstractBeanFactory.java:207)
	at org.springframework.context.support.AbstractApplicationContext.finishBeanFactoryInitialization(AbstractApplicationContext.java:970)
	at org.springframework.context.support.AbstractApplicationContext.refresh(AbstractApplicationContext.java:627)
	at org.springframework.boot.web.servlet.context.ServletWebServerApplicationContext.refresh(ServletWebServerApplicationContext.java:146)
	at org.springframework.boot.SpringApplication.refresh(SpringApplication.java:752)
	at org.springframework.boot.SpringApplication.refreshContext(SpringApplication.java:439)
	at org.springframework.boot.SpringApplication.run(SpringApplication.java:318)
	at org.springframework.boot.SpringApplication.run(SpringApplication.java:1361)
	at org.springframework.boot.SpringApplication.run(SpringApplication.java:1350)
	at sn.fr.samagp.SamaGpApiApplication.main(SamaGpApiApplication.java:15)
	at java.base/jdk.internal.reflect.NativeMethodAccessorImpl.invoke0(Native Method)
	at java.base/jdk.internal.reflect.NativeMethodAccessorImpl.invoke(NativeMethodAccessorImpl.java:77)
	at java.base/jdk.internal.reflect.DelegatingMethodAccessorImpl.invoke(DelegatingMethodAccessorImpl.java:43)
	at java.base/java.lang.reflect.Method.invoke(Method.java:568)
	at org.springframework.boot.devtools.restart.RestartLauncher.run(RestartLauncher.java:50)
Caused by: org.hibernate.service.spi.ServiceException: Unable to create requested service [org.hibernate.engine.jdbc.env.spi.JdbcEnvironment] due to: Unable to determine Dialect without JDBC metadata (please set 'jakarta.persistence.jdbc.url' for common cases or 'hibernate.dialect' when a custom Dialect implementation must be provided)
	at org.hibernate.service.internal.AbstractServiceRegistryImpl.createService(AbstractServiceRegistryImpl.java:276)
	at org.hibernate.service.internal.AbstractServiceRegistryImpl.initializeService(AbstractServiceRegistryImpl.java:238)
	at org.hibernate.service.internal.AbstractServiceRegistryImpl.getService(AbstractServiceRegistryImpl.java:215)
	at org.hibernate.boot.model.relational.Database.<init>(Database.java:45)
	at org.hibernate.boot.internal.InFlightMetadataCollectorImpl.getDatabase(InFlightMetadataCollectorImpl.java:226)
	at org.hibernate.boot.internal.InFlightMetadataCollectorImpl.<init>(InFlightMetadataCollectorImpl.java:194)
	at org.hibernate.boot.model.process.spi.MetadataBuildingProcess.complete(MetadataBuildingProcess.java:171)
	at org.hibernate.jpa.boot.internal.EntityManagerFactoryBuilderImpl.metadata(EntityManagerFactoryBuilderImpl.java:1442)
	at org.hibernate.jpa.boot.internal.EntityManagerFactoryBuilderImpl.build(EntityManagerFactoryBuilderImpl.java:1513)
	at org.springframework.orm.jpa.vendor.SpringHibernateJpaPersistenceProvider.createContainerEntityManagerFactory(SpringHibernateJpaPersistenceProvider.java:66)
	at org.springframework.orm.jpa.LocalContainerEntityManagerFactoryBean.createNativeEntityManagerFactory(LocalContainerEntityManagerFactoryBean.java:390)
	at org.springframework.orm.jpa.AbstractEntityManagerFactoryBean.buildNativeEntityManagerFactory(AbstractEntityManagerFactoryBean.java:419)
	at org.springframework.orm.jpa.AbstractEntityManagerFactoryBean.afterPropertiesSet(AbstractEntityManagerFactoryBean.java:400)
	at org.springframework.orm.jpa.LocalContainerEntityManagerFactoryBean.afterPropertiesSet(LocalContainerEntityManagerFactoryBean.java:366)
	at org.springframework.beans.factory.support.AbstractAutowireCapableBeanFactory.invokeInitMethods(AbstractAutowireCapableBeanFactory.java:1859)
	at org.springframework.beans.factory.support.AbstractAutowireCapableBeanFactory.initializeBean(AbstractAutowireCapableBeanFactory.java:1808)
	... 20 common frames omitted
Caused by: org.hibernate.HibernateException: Unable to determine Dialect without JDBC metadata (please set 'jakarta.persistence.jdbc.url' for common cases or 'hibernate.dialect' when a custom Dialect implementation must be provided)
	at org.hibernate.engine.jdbc.dialect.internal.DialectFactoryImpl.determineDialect(DialectFactoryImpl.java:191)
	at org.hibernate.engine.jdbc.dialect.internal.DialectFactoryImpl.buildDialect(DialectFactoryImpl.java:87)
	at org.hibernate.engine.jdbc.env.internal.JdbcEnvironmentInitiator.getJdbcEnvironmentWithDefaults(JdbcEnvironmentInitiator.java:181)
	at org.hibernate.engine.jdbc.env.internal.JdbcEnvironmentInitiator.getJdbcEnvironmentUsingJdbcMetadata(JdbcEnvironmentInitiator.java:392)
	at org.hibernate.engine.jdbc.env.internal.JdbcEnvironmentInitiator.initiateService(JdbcEnvironmentInitiator.java:129)
	at org.hibernate.engine.jdbc.env.internal.JdbcEnvironmentInitiator.initiateService(JdbcEnvironmentInitiator.java:81)
	at org.hibernate.boot.registry.internal.StandardServiceRegistryImpl.initiateService(StandardServiceRegistryImpl.java:130)
	at org.hibernate.service.internal.AbstractServiceRegistryImpl.createService(AbstractServiceRegistryImpl.java:263)
	... 35 common frames omitted
2025-03-24 22:25:56.630 [] [] INFO  [restartedMain] sn.fr.samagp.SamaGpApiApplication - Starting SamaGpApiApplication using Java 17.0.7 with PID 15913 (/Users/mac/Desktop/samaGp/samagp-api-ms/target/classes started by mac in /Users/mac/Desktop/samaGp/samagp-api-ms)
2025-03-24 22:25:56.633 [] [] INFO  [restartedMain] sn.fr.samagp.SamaGpApiApplication - The following 1 profile is active: "dev"
2025-03-24 22:25:56.685 [] [] INFO  [restartedMain] o.s.b.d.e.DevToolsPropertyDefaultsPostProcessor - Devtools property defaults active! Set 'spring.devtools.add-properties' to 'false' to disable
2025-03-24 22:25:56.686 [] [] INFO  [restartedMain] o.s.b.d.e.DevToolsPropertyDefaultsPostProcessor - For additional web related logging consider setting the 'logging.level.web' property to 'DEBUG'
2025-03-24 22:25:57.694 [] [] INFO  [restartedMain] o.s.d.r.c.RepositoryConfigurationDelegate - Bootstrapping Spring Data JPA repositories in DEFAULT mode.
2025-03-24 22:25:57.913 [] [] INFO  [restartedMain] o.s.d.r.c.RepositoryConfigurationDelegate - Finished Spring Data repository scanning in 207 ms. Found 4 JPA repository interfaces.
2025-03-24 22:25:58.052 [] [] INFO  [restartedMain] o.s.i.c.DefaultConfiguringBeanFactoryPostProcessor - No bean named 'errorChannel' has been explicitly defined. Therefore, a default PublishSubscribeChannel will be created.
2025-03-24 22:25:58.067 [] [] INFO  [restartedMain] o.s.i.c.DefaultConfiguringBeanFactoryPostProcessor - No bean named 'integrationHeaderChannelRegistry' has been explicitly defined. Therefore, a default DefaultHeaderChannelRegistry will be created.
2025-03-24 22:25:58.750 [] [] INFO  [restartedMain] o.s.b.w.e.tomcat.TomcatWebServer - Tomcat initialized with port 8084 (http)
2025-03-24 22:25:58.768 [] [] INFO  [restartedMain] o.a.catalina.core.StandardService - Starting service [Tomcat]
2025-03-24 22:25:58.768 [] [] INFO  [restartedMain] o.a.catalina.core.StandardEngine - Starting Servlet engine: [Apache Tomcat/10.1.36]
2025-03-24 22:25:58.823 [] [] INFO  [restartedMain] o.a.c.c.C.[.[localhost].[/samagp] - Initializing Spring embedded WebApplicationContext
2025-03-24 22:25:58.823 [] [] INFO  [restartedMain] o.s.b.w.s.c.ServletWebServerApplicationContext - Root WebApplicationContext: initialization completed in 2136 ms
2025-03-24 22:25:59.008 [] [] INFO  [restartedMain] o.h.jpa.internal.util.LogHelper - HHH000204: Processing PersistenceUnitInfo [name: default]
2025-03-24 22:25:59.095 [] [] INFO  [restartedMain] org.hibernate.Version - HHH000412: Hibernate ORM core version 6.6.8.Final
2025-03-24 22:25:59.137 [] [] INFO  [restartedMain] o.h.c.i.RegionFactoryInitiator - HHH000026: Second-level cache disabled
2025-03-24 22:25:59.479 [] [] INFO  [restartedMain] o.s.o.j.p.SpringPersistenceUnitInfo - No LoadTimeWeaver setup: ignoring JPA class transformer
2025-03-24 22:25:59.515 [] [] INFO  [restartedMain] com.zaxxer.hikari.HikariDataSource - HikariPool-1 - Starting...
2025-03-24 22:26:00.679 [] [] WARN  [restartedMain] o.h.e.jdbc.spi.SqlExceptionHelper - SQL Error: 0, SQLState: 28P01
2025-03-24 22:26:00.679 [] [] ERROR [restartedMain] o.h.e.jdbc.spi.SqlExceptionHelper - FATAL: password authentication failed for user "samagp"
2025-03-24 22:26:00.681 [] [] WARN  [restartedMain] o.h.e.j.e.i.JdbcEnvironmentInitiator - HHH000342: Could not obtain connection to query metadata
org.hibernate.exception.GenericJDBCException: unable to obtain isolated JDBC connection [FATAL: password authentication failed for user "samagp"] [n/a]
	at org.hibernate.exception.internal.StandardSQLExceptionConverter.convert(StandardSQLExceptionConverter.java:63)
	at org.hibernate.engine.jdbc.spi.SqlExceptionHelper.convert(SqlExceptionHelper.java:108)
	at org.hibernate.engine.jdbc.spi.SqlExceptionHelper.convert(SqlExceptionHelper.java:94)
	at org.hibernate.resource.transaction.backend.jdbc.internal.JdbcIsolationDelegate.delegateWork(JdbcIsolationDelegate.java:116)
	at org.hibernate.engine.jdbc.env.internal.JdbcEnvironmentInitiator.getJdbcEnvironmentUsingJdbcMetadata(JdbcEnvironmentInitiator.java:320)
	at org.hibernate.engine.jdbc.env.internal.JdbcEnvironmentInitiator.initiateService(JdbcEnvironmentInitiator.java:129)
	at org.hibernate.engine.jdbc.env.internal.JdbcEnvironmentInitiator.initiateService(JdbcEnvironmentInitiator.java:81)
	at org.hibernate.boot.registry.internal.StandardServiceRegistryImpl.initiateService(StandardServiceRegistryImpl.java:130)
	at org.hibernate.service.internal.AbstractServiceRegistryImpl.createService(AbstractServiceRegistryImpl.java:263)
	at org.hibernate.service.internal.AbstractServiceRegistryImpl.initializeService(AbstractServiceRegistryImpl.java:238)
	at org.hibernate.service.internal.AbstractServiceRegistryImpl.getService(AbstractServiceRegistryImpl.java:215)
	at org.hibernate.boot.model.relational.Database.<init>(Database.java:45)
	at org.hibernate.boot.internal.InFlightMetadataCollectorImpl.getDatabase(InFlightMetadataCollectorImpl.java:226)
	at org.hibernate.boot.internal.InFlightMetadataCollectorImpl.<init>(InFlightMetadataCollectorImpl.java:194)
	at org.hibernate.boot.model.process.spi.MetadataBuildingProcess.complete(MetadataBuildingProcess.java:171)
	at org.hibernate.jpa.boot.internal.EntityManagerFactoryBuilderImpl.metadata(EntityManagerFactoryBuilderImpl.java:1442)
	at org.hibernate.jpa.boot.internal.EntityManagerFactoryBuilderImpl.build(EntityManagerFactoryBuilderImpl.java:1513)
	at org.springframework.orm.jpa.vendor.SpringHibernateJpaPersistenceProvider.createContainerEntityManagerFactory(SpringHibernateJpaPersistenceProvider.java:66)
	at org.springframework.orm.jpa.LocalContainerEntityManagerFactoryBean.createNativeEntityManagerFactory(LocalContainerEntityManagerFactoryBean.java:390)
	at org.springframework.orm.jpa.AbstractEntityManagerFactoryBean.buildNativeEntityManagerFactory(AbstractEntityManagerFactoryBean.java:419)
	at org.springframework.orm.jpa.AbstractEntityManagerFactoryBean.afterPropertiesSet(AbstractEntityManagerFactoryBean.java:400)
	at org.springframework.orm.jpa.LocalContainerEntityManagerFactoryBean.afterPropertiesSet(LocalContainerEntityManagerFactoryBean.java:366)
	at org.springframework.beans.factory.support.AbstractAutowireCapableBeanFactory.invokeInitMethods(AbstractAutowireCapableBeanFactory.java:1859)
	at org.springframework.beans.factory.support.AbstractAutowireCapableBeanFactory.initializeBean(AbstractAutowireCapableBeanFactory.java:1808)
	at org.springframework.beans.factory.support.AbstractAutowireCapableBeanFactory.doCreateBean(AbstractAutowireCapableBeanFactory.java:601)
	at org.springframework.beans.factory.support.AbstractAutowireCapableBeanFactory.createBean(AbstractAutowireCapableBeanFactory.java:523)
	at org.springframework.beans.factory.support.AbstractBeanFactory.lambda$doGetBean$0(AbstractBeanFactory.java:339)
	at org.springframework.beans.factory.support.DefaultSingletonBeanRegistry.getSingleton(DefaultSingletonBeanRegistry.java:346)
	at org.springframework.beans.factory.support.AbstractBeanFactory.doGetBean(AbstractBeanFactory.java:337)
	at org.springframework.beans.factory.support.AbstractBeanFactory.getBean(AbstractBeanFactory.java:207)
	at org.springframework.context.support.AbstractApplicationContext.finishBeanFactoryInitialization(AbstractApplicationContext.java:970)
	at org.springframework.context.support.AbstractApplicationContext.refresh(AbstractApplicationContext.java:627)
	at org.springframework.boot.web.servlet.context.ServletWebServerApplicationContext.refresh(ServletWebServerApplicationContext.java:146)
	at org.springframework.boot.SpringApplication.refresh(SpringApplication.java:752)
	at org.springframework.boot.SpringApplication.refreshContext(SpringApplication.java:439)
	at org.springframework.boot.SpringApplication.run(SpringApplication.java:318)
	at org.springframework.boot.SpringApplication.run(SpringApplication.java:1361)
	at org.springframework.boot.SpringApplication.run(SpringApplication.java:1350)
	at sn.fr.samagp.SamaGpApiApplication.main(SamaGpApiApplication.java:12)
	at java.base/jdk.internal.reflect.NativeMethodAccessorImpl.invoke0(Native Method)
	at java.base/jdk.internal.reflect.NativeMethodAccessorImpl.invoke(NativeMethodAccessorImpl.java:77)
	at java.base/jdk.internal.reflect.DelegatingMethodAccessorImpl.invoke(DelegatingMethodAccessorImpl.java:43)
	at java.base/java.lang.reflect.Method.invoke(Method.java:568)
	at org.springframework.boot.devtools.restart.RestartLauncher.run(RestartLauncher.java:50)
Caused by: org.postgresql.util.PSQLException: FATAL: password authentication failed for user "samagp"
	at org.postgresql.core.v3.ConnectionFactoryImpl.doAuthentication(ConnectionFactoryImpl.java:704)
	at org.postgresql.core.v3.ConnectionFactoryImpl.tryConnect(ConnectionFactoryImpl.java:213)
	at org.postgresql.core.v3.ConnectionFactoryImpl.openConnectionImpl(ConnectionFactoryImpl.java:268)
	at org.postgresql.core.ConnectionFactory.openConnection(ConnectionFactory.java:54)
	at org.postgresql.jdbc.PgConnection.<init>(PgConnection.java:273)
	at org.postgresql.Driver.makeConnection(Driver.java:446)
	at org.postgresql.Driver.connect(Driver.java:298)
	at com.zaxxer.hikari.util.DriverDataSource.getConnection(DriverDataSource.java:137)
	at com.zaxxer.hikari.pool.PoolBase.newConnection(PoolBase.java:360)
	at com.zaxxer.hikari.pool.PoolBase.newPoolEntry(PoolBase.java:202)
	at com.zaxxer.hikari.pool.HikariPool.createPoolEntry(HikariPool.java:461)
	at com.zaxxer.hikari.pool.HikariPool.checkFailFast(HikariPool.java:550)
	at com.zaxxer.hikari.pool.HikariPool.<init>(HikariPool.java:98)
	at com.zaxxer.hikari.HikariDataSource.getConnection(HikariDataSource.java:111)
	at org.hibernate.engine.jdbc.connections.internal.DatasourceConnectionProviderImpl.getConnection(DatasourceConnectionProviderImpl.java:126)
	at org.hibernate.engine.jdbc.env.internal.JdbcEnvironmentInitiator$ConnectionProviderJdbcConnectionAccess.obtainConnection(JdbcEnvironmentInitiator.java:467)
	at org.hibernate.resource.transaction.backend.jdbc.internal.JdbcIsolationDelegate.delegateWork(JdbcIsolationDelegate.java:61)
	... 40 common frames omitted
2025-03-24 22:26:00.710 [] [] WARN  [restartedMain] org.hibernate.orm.deprecation - HHH90000025: PostgreSQLDialect does not need to be specified explicitly using 'hibernate.dialect' (remove the property setting and it will be selected by default)
2025-03-24 22:26:00.724 [] [] INFO  [restartedMain] o.hibernate.orm.connections.pooling - HHH10001005: Database info:
	Database JDBC URL [Connecting through datasource 'HikariDataSource (null)']
	Database driver: undefined/unknown
	Database version: 12.0
	Autocommit mode: undefined/unknown
	Isolation level: undefined/unknown
	Minimum pool size: undefined/unknown
	Maximum pool size: undefined/unknown
2025-03-24 22:26:00.989 [] [] ERROR [restartedMain] o.s.o.j.LocalContainerEntityManagerFactoryBean - Failed to initialize JPA EntityManagerFactory: Entity 'sn.fr.samagp.repository.model.TypeAvis' has no identifier (every '@Entity' class must declare or inherit at least one '@Id' or '@EmbeddedId' property)
2025-03-24 22:26:00.990 [] [] WARN  [restartedMain] o.s.b.w.s.c.AnnotationConfigServletWebServerApplicationContext - Exception encountered during context initialization - cancelling refresh attempt: org.springframework.beans.factory.BeanCreationException: Error creating bean with name 'entityManagerFactory' defined in class path resource [org/springframework/boot/autoconfigure/orm/jpa/HibernateJpaConfiguration.class]: Entity 'sn.fr.samagp.repository.model.TypeAvis' has no identifier (every '@Entity' class must declare or inherit at least one '@Id' or '@EmbeddedId' property)
2025-03-24 22:26:00.998 [] [] INFO  [restartedMain] o.a.catalina.core.StandardService - Stopping service [Tomcat]
2025-03-24 22:26:01.021 [] [] INFO  [restartedMain] o.s.b.a.l.ConditionEvaluationReportLogger - 

Error starting ApplicationContext. To display the condition evaluation report re-run your application with 'debug' enabled.
2025-03-24 22:26:01.043 [] [] ERROR [restartedMain] o.s.boot.SpringApplication - Application run failed
org.springframework.beans.factory.BeanCreationException: Error creating bean with name 'entityManagerFactory' defined in class path resource [org/springframework/boot/autoconfigure/orm/jpa/HibernateJpaConfiguration.class]: Entity 'sn.fr.samagp.repository.model.TypeAvis' has no identifier (every '@Entity' class must declare or inherit at least one '@Id' or '@EmbeddedId' property)
	at org.springframework.beans.factory.support.AbstractAutowireCapableBeanFactory.initializeBean(AbstractAutowireCapableBeanFactory.java:1812)
	at org.springframework.beans.factory.support.AbstractAutowireCapableBeanFactory.doCreateBean(AbstractAutowireCapableBeanFactory.java:601)
	at org.springframework.beans.factory.support.AbstractAutowireCapableBeanFactory.createBean(AbstractAutowireCapableBeanFactory.java:523)
	at org.springframework.beans.factory.support.AbstractBeanFactory.lambda$doGetBean$0(AbstractBeanFactory.java:339)
	at org.springframework.beans.factory.support.DefaultSingletonBeanRegistry.getSingleton(DefaultSingletonBeanRegistry.java:346)
	at org.springframework.beans.factory.support.AbstractBeanFactory.doGetBean(AbstractBeanFactory.java:337)
	at org.springframework.beans.factory.support.AbstractBeanFactory.getBean(AbstractBeanFactory.java:207)
	at org.springframework.context.support.AbstractApplicationContext.finishBeanFactoryInitialization(AbstractApplicationContext.java:970)
	at org.springframework.context.support.AbstractApplicationContext.refresh(AbstractApplicationContext.java:627)
	at org.springframework.boot.web.servlet.context.ServletWebServerApplicationContext.refresh(ServletWebServerApplicationContext.java:146)
	at org.springframework.boot.SpringApplication.refresh(SpringApplication.java:752)
	at org.springframework.boot.SpringApplication.refreshContext(SpringApplication.java:439)
	at org.springframework.boot.SpringApplication.run(SpringApplication.java:318)
	at org.springframework.boot.SpringApplication.run(SpringApplication.java:1361)
	at org.springframework.boot.SpringApplication.run(SpringApplication.java:1350)
	at sn.fr.samagp.SamaGpApiApplication.main(SamaGpApiApplication.java:12)
	at java.base/jdk.internal.reflect.NativeMethodAccessorImpl.invoke0(Native Method)
	at java.base/jdk.internal.reflect.NativeMethodAccessorImpl.invoke(NativeMethodAccessorImpl.java:77)
	at java.base/jdk.internal.reflect.DelegatingMethodAccessorImpl.invoke(DelegatingMethodAccessorImpl.java:43)
	at java.base/java.lang.reflect.Method.invoke(Method.java:568)
	at org.springframework.boot.devtools.restart.RestartLauncher.run(RestartLauncher.java:50)
Caused by: org.hibernate.AnnotationException: Entity 'sn.fr.samagp.repository.model.TypeAvis' has no identifier (every '@Entity' class must declare or inherit at least one '@Id' or '@EmbeddedId' property)
	at org.hibernate.boot.model.internal.InheritanceState.determineDefaultAccessType(InheritanceState.java:289)
	at org.hibernate.boot.model.internal.InheritanceState.getElementsToProcess(InheritanceState.java:226)
	at org.hibernate.boot.model.internal.InheritanceState.postProcess(InheritanceState.java:162)
	at org.hibernate.boot.model.internal.EntityBinder.handleIdentifier(EntityBinder.java:410)
	at org.hibernate.boot.model.internal.EntityBinder.bindEntityClass(EntityBinder.java:251)
	at org.hibernate.boot.model.internal.AnnotationBinder.bindClass(AnnotationBinder.java:401)
	at org.hibernate.boot.model.source.internal.annotations.AnnotationMetadataSourceProcessorImpl.processEntityHierarchies(AnnotationMetadataSourceProcessorImpl.java:257)
	at org.hibernate.boot.model.process.spi.MetadataBuildingProcess$1.processEntityHierarchies(MetadataBuildingProcess.java:281)
	at org.hibernate.boot.model.process.spi.MetadataBuildingProcess.complete(MetadataBuildingProcess.java:324)
	at org.hibernate.jpa.boot.internal.EntityManagerFactoryBuilderImpl.metadata(EntityManagerFactoryBuilderImpl.java:1442)
	at org.hibernate.jpa.boot.internal.EntityManagerFactoryBuilderImpl.build(EntityManagerFactoryBuilderImpl.java:1513)
	at org.springframework.orm.jpa.vendor.SpringHibernateJpaPersistenceProvider.createContainerEntityManagerFactory(SpringHibernateJpaPersistenceProvider.java:66)
	at org.springframework.orm.jpa.LocalContainerEntityManagerFactoryBean.createNativeEntityManagerFactory(LocalContainerEntityManagerFactoryBean.java:390)
	at org.springframework.orm.jpa.AbstractEntityManagerFactoryBean.buildNativeEntityManagerFactory(AbstractEntityManagerFactoryBean.java:419)
	at org.springframework.orm.jpa.AbstractEntityManagerFactoryBean.afterPropertiesSet(AbstractEntityManagerFactoryBean.java:400)
	at org.springframework.orm.jpa.LocalContainerEntityManagerFactoryBean.afterPropertiesSet(LocalContainerEntityManagerFactoryBean.java:366)
	at org.springframework.beans.factory.support.AbstractAutowireCapableBeanFactory.invokeInitMethods(AbstractAutowireCapableBeanFactory.java:1859)
	at org.springframework.beans.factory.support.AbstractAutowireCapableBeanFactory.initializeBean(AbstractAutowireCapableBeanFactory.java:1808)
	... 20 common frames omitted
2025-03-24 22:28:59.163 [] [] INFO  [restartedMain] sn.fr.samagp.SamaGpApiApplication - Starting SamaGpApiApplication using Java 17.0.7 with PID 17529 (/Users/mac/Desktop/samaGp/samagp-api-ms/target/classes started by mac in /Users/mac/Desktop/samaGp/samagp-api-ms)
2025-03-24 22:28:59.166 [] [] INFO  [restartedMain] sn.fr.samagp.SamaGpApiApplication - The following 1 profile is active: "dev"
2025-03-24 22:28:59.217 [] [] INFO  [restartedMain] o.s.b.d.e.DevToolsPropertyDefaultsPostProcessor - Devtools property defaults active! Set 'spring.devtools.add-properties' to 'false' to disable
2025-03-24 22:28:59.218 [] [] INFO  [restartedMain] o.s.b.d.e.DevToolsPropertyDefaultsPostProcessor - For additional web related logging consider setting the 'logging.level.web' property to 'DEBUG'
2025-03-24 22:29:00.273 [] [] INFO  [restartedMain] o.s.d.r.c.RepositoryConfigurationDelegate - Bootstrapping Spring Data JPA repositories in DEFAULT mode.
2025-03-24 22:29:00.498 [] [] INFO  [restartedMain] o.s.d.r.c.RepositoryConfigurationDelegate - Finished Spring Data repository scanning in 212 ms. Found 4 JPA repository interfaces.
2025-03-24 22:29:00.655 [] [] INFO  [restartedMain] o.s.i.c.DefaultConfiguringBeanFactoryPostProcessor - No bean named 'errorChannel' has been explicitly defined. Therefore, a default PublishSubscribeChannel will be created.
2025-03-24 22:29:00.671 [] [] INFO  [restartedMain] o.s.i.c.DefaultConfiguringBeanFactoryPostProcessor - No bean named 'integrationHeaderChannelRegistry' has been explicitly defined. Therefore, a default DefaultHeaderChannelRegistry will be created.
2025-03-24 22:29:01.341 [] [] INFO  [restartedMain] o.s.b.w.e.tomcat.TomcatWebServer - Tomcat initialized with port 8084 (http)
2025-03-24 22:29:01.359 [] [] INFO  [restartedMain] o.a.catalina.core.StandardService - Starting service [Tomcat]
2025-03-24 22:29:01.359 [] [] INFO  [restartedMain] o.a.catalina.core.StandardEngine - Starting Servlet engine: [Apache Tomcat/10.1.36]
2025-03-24 22:29:01.414 [] [] INFO  [restartedMain] o.a.c.c.C.[.[localhost].[/samagp] - Initializing Spring embedded WebApplicationContext
2025-03-24 22:29:01.415 [] [] INFO  [restartedMain] o.s.b.w.s.c.ServletWebServerApplicationContext - Root WebApplicationContext: initialization completed in 2197 ms
2025-03-24 22:29:01.602 [] [] INFO  [restartedMain] o.h.jpa.internal.util.LogHelper - HHH000204: Processing PersistenceUnitInfo [name: default]
2025-03-24 22:29:01.724 [] [] INFO  [restartedMain] org.hibernate.Version - HHH000412: Hibernate ORM core version 6.6.8.Final
2025-03-24 22:29:01.773 [] [] INFO  [restartedMain] o.h.c.i.RegionFactoryInitiator - HHH000026: Second-level cache disabled
2025-03-24 22:29:02.106 [] [] INFO  [restartedMain] o.s.o.j.p.SpringPersistenceUnitInfo - No LoadTimeWeaver setup: ignoring JPA class transformer
2025-03-24 22:29:02.143 [] [] INFO  [restartedMain] com.zaxxer.hikari.HikariDataSource - HikariPool-1 - Starting...
2025-03-24 22:29:03.310 [] [] WARN  [restartedMain] o.h.e.jdbc.spi.SqlExceptionHelper - SQL Error: 0, SQLState: 28P01
2025-03-24 22:29:03.311 [] [] ERROR [restartedMain] o.h.e.jdbc.spi.SqlExceptionHelper - FATAL: password authentication failed for user "samagp"
2025-03-24 22:29:03.313 [] [] WARN  [restartedMain] o.h.e.j.e.i.JdbcEnvironmentInitiator - HHH000342: Could not obtain connection to query metadata
org.hibernate.exception.GenericJDBCException: unable to obtain isolated JDBC connection [FATAL: password authentication failed for user "samagp"] [n/a]
	at org.hibernate.exception.internal.StandardSQLExceptionConverter.convert(StandardSQLExceptionConverter.java:63)
	at org.hibernate.engine.jdbc.spi.SqlExceptionHelper.convert(SqlExceptionHelper.java:108)
	at org.hibernate.engine.jdbc.spi.SqlExceptionHelper.convert(SqlExceptionHelper.java:94)
	at org.hibernate.resource.transaction.backend.jdbc.internal.JdbcIsolationDelegate.delegateWork(JdbcIsolationDelegate.java:116)
	at org.hibernate.engine.jdbc.env.internal.JdbcEnvironmentInitiator.getJdbcEnvironmentUsingJdbcMetadata(JdbcEnvironmentInitiator.java:320)
	at org.hibernate.engine.jdbc.env.internal.JdbcEnvironmentInitiator.initiateService(JdbcEnvironmentInitiator.java:129)
	at org.hibernate.engine.jdbc.env.internal.JdbcEnvironmentInitiator.initiateService(JdbcEnvironmentInitiator.java:81)
	at org.hibernate.boot.registry.internal.StandardServiceRegistryImpl.initiateService(StandardServiceRegistryImpl.java:130)
	at org.hibernate.service.internal.AbstractServiceRegistryImpl.createService(AbstractServiceRegistryImpl.java:263)
	at org.hibernate.service.internal.AbstractServiceRegistryImpl.initializeService(AbstractServiceRegistryImpl.java:238)
	at org.hibernate.service.internal.AbstractServiceRegistryImpl.getService(AbstractServiceRegistryImpl.java:215)
	at org.hibernate.boot.model.relational.Database.<init>(Database.java:45)
	at org.hibernate.boot.internal.InFlightMetadataCollectorImpl.getDatabase(InFlightMetadataCollectorImpl.java:226)
	at org.hibernate.boot.internal.InFlightMetadataCollectorImpl.<init>(InFlightMetadataCollectorImpl.java:194)
	at org.hibernate.boot.model.process.spi.MetadataBuildingProcess.complete(MetadataBuildingProcess.java:171)
	at org.hibernate.jpa.boot.internal.EntityManagerFactoryBuilderImpl.metadata(EntityManagerFactoryBuilderImpl.java:1442)
	at org.hibernate.jpa.boot.internal.EntityManagerFactoryBuilderImpl.build(EntityManagerFactoryBuilderImpl.java:1513)
	at org.springframework.orm.jpa.vendor.SpringHibernateJpaPersistenceProvider.createContainerEntityManagerFactory(SpringHibernateJpaPersistenceProvider.java:66)
	at org.springframework.orm.jpa.LocalContainerEntityManagerFactoryBean.createNativeEntityManagerFactory(LocalContainerEntityManagerFactoryBean.java:390)
	at org.springframework.orm.jpa.AbstractEntityManagerFactoryBean.buildNativeEntityManagerFactory(AbstractEntityManagerFactoryBean.java:419)
	at org.springframework.orm.jpa.AbstractEntityManagerFactoryBean.afterPropertiesSet(AbstractEntityManagerFactoryBean.java:400)
	at org.springframework.orm.jpa.LocalContainerEntityManagerFactoryBean.afterPropertiesSet(LocalContainerEntityManagerFactoryBean.java:366)
	at org.springframework.beans.factory.support.AbstractAutowireCapableBeanFactory.invokeInitMethods(AbstractAutowireCapableBeanFactory.java:1859)
	at org.springframework.beans.factory.support.AbstractAutowireCapableBeanFactory.initializeBean(AbstractAutowireCapableBeanFactory.java:1808)
	at org.springframework.beans.factory.support.AbstractAutowireCapableBeanFactory.doCreateBean(AbstractAutowireCapableBeanFactory.java:601)
	at org.springframework.beans.factory.support.AbstractAutowireCapableBeanFactory.createBean(AbstractAutowireCapableBeanFactory.java:523)
	at org.springframework.beans.factory.support.AbstractBeanFactory.lambda$doGetBean$0(AbstractBeanFactory.java:339)
	at org.springframework.beans.factory.support.DefaultSingletonBeanRegistry.getSingleton(DefaultSingletonBeanRegistry.java:346)
	at org.springframework.beans.factory.support.AbstractBeanFactory.doGetBean(AbstractBeanFactory.java:337)
	at org.springframework.beans.factory.support.AbstractBeanFactory.getBean(AbstractBeanFactory.java:207)
	at org.springframework.context.support.AbstractApplicationContext.finishBeanFactoryInitialization(AbstractApplicationContext.java:970)
	at org.springframework.context.support.AbstractApplicationContext.refresh(AbstractApplicationContext.java:627)
	at org.springframework.boot.web.servlet.context.ServletWebServerApplicationContext.refresh(ServletWebServerApplicationContext.java:146)
	at org.springframework.boot.SpringApplication.refresh(SpringApplication.java:752)
	at org.springframework.boot.SpringApplication.refreshContext(SpringApplication.java:439)
	at org.springframework.boot.SpringApplication.run(SpringApplication.java:318)
	at org.springframework.boot.SpringApplication.run(SpringApplication.java:1361)
	at org.springframework.boot.SpringApplication.run(SpringApplication.java:1350)
	at sn.fr.samagp.SamaGpApiApplication.main(SamaGpApiApplication.java:12)
	at java.base/jdk.internal.reflect.NativeMethodAccessorImpl.invoke0(Native Method)
	at java.base/jdk.internal.reflect.NativeMethodAccessorImpl.invoke(NativeMethodAccessorImpl.java:77)
	at java.base/jdk.internal.reflect.DelegatingMethodAccessorImpl.invoke(DelegatingMethodAccessorImpl.java:43)
	at java.base/java.lang.reflect.Method.invoke(Method.java:568)
	at org.springframework.boot.devtools.restart.RestartLauncher.run(RestartLauncher.java:50)
Caused by: org.postgresql.util.PSQLException: FATAL: password authentication failed for user "samagp"
	at org.postgresql.core.v3.ConnectionFactoryImpl.doAuthentication(ConnectionFactoryImpl.java:704)
	at org.postgresql.core.v3.ConnectionFactoryImpl.tryConnect(ConnectionFactoryImpl.java:213)
	at org.postgresql.core.v3.ConnectionFactoryImpl.openConnectionImpl(ConnectionFactoryImpl.java:268)
	at org.postgresql.core.ConnectionFactory.openConnection(ConnectionFactory.java:54)
	at org.postgresql.jdbc.PgConnection.<init>(PgConnection.java:273)
	at org.postgresql.Driver.makeConnection(Driver.java:446)
	at org.postgresql.Driver.connect(Driver.java:298)
	at com.zaxxer.hikari.util.DriverDataSource.getConnection(DriverDataSource.java:137)
	at com.zaxxer.hikari.pool.PoolBase.newConnection(PoolBase.java:360)
	at com.zaxxer.hikari.pool.PoolBase.newPoolEntry(PoolBase.java:202)
	at com.zaxxer.hikari.pool.HikariPool.createPoolEntry(HikariPool.java:461)
	at com.zaxxer.hikari.pool.HikariPool.checkFailFast(HikariPool.java:550)
	at com.zaxxer.hikari.pool.HikariPool.<init>(HikariPool.java:98)
	at com.zaxxer.hikari.HikariDataSource.getConnection(HikariDataSource.java:111)
	at org.hibernate.engine.jdbc.connections.internal.DatasourceConnectionProviderImpl.getConnection(DatasourceConnectionProviderImpl.java:126)
	at org.hibernate.engine.jdbc.env.internal.JdbcEnvironmentInitiator$ConnectionProviderJdbcConnectionAccess.obtainConnection(JdbcEnvironmentInitiator.java:467)
	at org.hibernate.resource.transaction.backend.jdbc.internal.JdbcIsolationDelegate.delegateWork(JdbcIsolationDelegate.java:61)
	... 40 common frames omitted
2025-03-24 22:29:03.344 [] [] WARN  [restartedMain] org.hibernate.orm.deprecation - HHH90000025: PostgreSQLDialect does not need to be specified explicitly using 'hibernate.dialect' (remove the property setting and it will be selected by default)
2025-03-24 22:29:03.358 [] [] INFO  [restartedMain] o.hibernate.orm.connections.pooling - HHH10001005: Database info:
	Database JDBC URL [Connecting through datasource 'HikariDataSource (null)']
	Database driver: undefined/unknown
	Database version: 12.0
	Autocommit mode: undefined/unknown
	Isolation level: undefined/unknown
	Minimum pool size: undefined/unknown
	Maximum pool size: undefined/unknown
2025-03-24 22:29:03.644 [] [] ERROR [restartedMain] o.s.o.j.LocalContainerEntityManagerFactoryBean - Failed to initialize JPA EntityManagerFactory: Could not determine recommended JdbcType for Java type 'sn.fr.samagp.repository.model.Itineraire'
2025-03-24 22:29:03.645 [] [] WARN  [restartedMain] o.s.b.w.s.c.AnnotationConfigServletWebServerApplicationContext - Exception encountered during context initialization - cancelling refresh attempt: org.springframework.beans.factory.BeanCreationException: Error creating bean with name 'entityManagerFactory' defined in class path resource [org/springframework/boot/autoconfigure/orm/jpa/HibernateJpaConfiguration.class]: Could not determine recommended JdbcType for Java type 'sn.fr.samagp.repository.model.Itineraire'
2025-03-24 22:29:03.652 [] [] INFO  [restartedMain] o.a.catalina.core.StandardService - Stopping service [Tomcat]
2025-03-24 22:29:03.667 [] [] INFO  [restartedMain] o.s.b.a.l.ConditionEvaluationReportLogger - 

Error starting ApplicationContext. To display the condition evaluation report re-run your application with 'debug' enabled.
2025-03-24 22:29:03.688 [] [] ERROR [restartedMain] o.s.boot.SpringApplication - Application run failed
org.springframework.beans.factory.BeanCreationException: Error creating bean with name 'entityManagerFactory' defined in class path resource [org/springframework/boot/autoconfigure/orm/jpa/HibernateJpaConfiguration.class]: Could not determine recommended JdbcType for Java type 'sn.fr.samagp.repository.model.Itineraire'
	at org.springframework.beans.factory.support.AbstractAutowireCapableBeanFactory.initializeBean(AbstractAutowireCapableBeanFactory.java:1812)
	at org.springframework.beans.factory.support.AbstractAutowireCapableBeanFactory.doCreateBean(AbstractAutowireCapableBeanFactory.java:601)
	at org.springframework.beans.factory.support.AbstractAutowireCapableBeanFactory.createBean(AbstractAutowireCapableBeanFactory.java:523)
	at org.springframework.beans.factory.support.AbstractBeanFactory.lambda$doGetBean$0(AbstractBeanFactory.java:339)
	at org.springframework.beans.factory.support.DefaultSingletonBeanRegistry.getSingleton(DefaultSingletonBeanRegistry.java:346)
	at org.springframework.beans.factory.support.AbstractBeanFactory.doGetBean(AbstractBeanFactory.java:337)
	at org.springframework.beans.factory.support.AbstractBeanFactory.getBean(AbstractBeanFactory.java:207)
	at org.springframework.context.support.AbstractApplicationContext.finishBeanFactoryInitialization(AbstractApplicationContext.java:970)
	at org.springframework.context.support.AbstractApplicationContext.refresh(AbstractApplicationContext.java:627)
	at org.springframework.boot.web.servlet.context.ServletWebServerApplicationContext.refresh(ServletWebServerApplicationContext.java:146)
	at org.springframework.boot.SpringApplication.refresh(SpringApplication.java:752)
	at org.springframework.boot.SpringApplication.refreshContext(SpringApplication.java:439)
	at org.springframework.boot.SpringApplication.run(SpringApplication.java:318)
	at org.springframework.boot.SpringApplication.run(SpringApplication.java:1361)
	at org.springframework.boot.SpringApplication.run(SpringApplication.java:1350)
	at sn.fr.samagp.SamaGpApiApplication.main(SamaGpApiApplication.java:12)
	at java.base/jdk.internal.reflect.NativeMethodAccessorImpl.invoke0(Native Method)
	at java.base/jdk.internal.reflect.NativeMethodAccessorImpl.invoke(NativeMethodAccessorImpl.java:77)
	at java.base/jdk.internal.reflect.DelegatingMethodAccessorImpl.invoke(DelegatingMethodAccessorImpl.java:43)
	at java.base/java.lang.reflect.Method.invoke(Method.java:568)
	at org.springframework.boot.devtools.restart.RestartLauncher.run(RestartLauncher.java:50)
Caused by: org.hibernate.type.descriptor.java.spi.JdbcTypeRecommendationException: Could not determine recommended JdbcType for Java type 'sn.fr.samagp.repository.model.Itineraire'
	at org.hibernate.type.descriptor.java.spi.UnknownBasicJavaType.getRecommendedJdbcType(UnknownBasicJavaType.java:50)
	at org.hibernate.boot.model.process.internal.InferredBasicValueResolver.from(InferredBasicValueResolver.java:195)
	at org.hibernate.mapping.BasicValue.resolution(BasicValue.java:664)
	at org.hibernate.mapping.BasicValue.buildResolution(BasicValue.java:461)
	at org.hibernate.mapping.BasicValue.resolve(BasicValue.java:351)
	at org.hibernate.mapping.BasicValue.resolve(BasicValue.java:341)
	at org.hibernate.boot.internal.InFlightMetadataCollectorImpl.lambda$processValueResolvers$6(InFlightMetadataCollectorImpl.java:1827)
	at java.base/java.util.ArrayList.removeIf(ArrayList.java:1682)
	at java.base/java.util.ArrayList.removeIf(ArrayList.java:1660)
	at org.hibernate.boot.internal.InFlightMetadataCollectorImpl.processValueResolvers(InFlightMetadataCollectorImpl.java:1826)
	at org.hibernate.boot.internal.InFlightMetadataCollectorImpl.processSecondPasses(InFlightMetadataCollectorImpl.java:1812)
	at org.hibernate.boot.model.process.spi.MetadataBuildingProcess.complete(MetadataBuildingProcess.java:334)
	at org.hibernate.jpa.boot.internal.EntityManagerFactoryBuilderImpl.metadata(EntityManagerFactoryBuilderImpl.java:1442)
	at org.hibernate.jpa.boot.internal.EntityManagerFactoryBuilderImpl.build(EntityManagerFactoryBuilderImpl.java:1513)
	at org.springframework.orm.jpa.vendor.SpringHibernateJpaPersistenceProvider.createContainerEntityManagerFactory(SpringHibernateJpaPersistenceProvider.java:66)
	at org.springframework.orm.jpa.LocalContainerEntityManagerFactoryBean.createNativeEntityManagerFactory(LocalContainerEntityManagerFactoryBean.java:390)
	at org.springframework.orm.jpa.AbstractEntityManagerFactoryBean.buildNativeEntityManagerFactory(AbstractEntityManagerFactoryBean.java:419)
	at org.springframework.orm.jpa.AbstractEntityManagerFactoryBean.afterPropertiesSet(AbstractEntityManagerFactoryBean.java:400)
	at org.springframework.orm.jpa.LocalContainerEntityManagerFactoryBean.afterPropertiesSet(LocalContainerEntityManagerFactoryBean.java:366)
	at org.springframework.beans.factory.support.AbstractAutowireCapableBeanFactory.invokeInitMethods(AbstractAutowireCapableBeanFactory.java:1859)
	at org.springframework.beans.factory.support.AbstractAutowireCapableBeanFactory.initializeBean(AbstractAutowireCapableBeanFactory.java:1808)
	... 20 common frames omitted
2025-03-24 22:31:39.276 [] [] INFO  [restartedMain] sn.fr.samagp.SamaGpApiApplication - Starting SamaGpApiApplication using Java 17.0.7 with PID 18963 (/Users/mac/Desktop/samaGp/samagp-api-ms/target/classes started by mac in /Users/mac/Desktop/samaGp/samagp-api-ms)
2025-03-24 22:31:39.278 [] [] INFO  [restartedMain] sn.fr.samagp.SamaGpApiApplication - The following 1 profile is active: "dev"
2025-03-24 22:31:39.331 [] [] INFO  [restartedMain] o.s.b.d.e.DevToolsPropertyDefaultsPostProcessor - Devtools property defaults active! Set 'spring.devtools.add-properties' to 'false' to disable
2025-03-24 22:31:39.331 [] [] INFO  [restartedMain] o.s.b.d.e.DevToolsPropertyDefaultsPostProcessor - For additional web related logging consider setting the 'logging.level.web' property to 'DEBUG'
2025-03-24 22:31:40.500 [] [] INFO  [restartedMain] o.s.d.r.c.RepositoryConfigurationDelegate - Bootstrapping Spring Data JPA repositories in DEFAULT mode.
2025-03-24 22:31:40.744 [] [] INFO  [restartedMain] o.s.d.r.c.RepositoryConfigurationDelegate - Finished Spring Data repository scanning in 230 ms. Found 4 JPA repository interfaces.
2025-03-24 22:31:40.888 [] [] INFO  [restartedMain] o.s.i.c.DefaultConfiguringBeanFactoryPostProcessor - No bean named 'errorChannel' has been explicitly defined. Therefore, a default PublishSubscribeChannel will be created.
2025-03-24 22:31:40.909 [] [] INFO  [restartedMain] o.s.i.c.DefaultConfiguringBeanFactoryPostProcessor - No bean named 'integrationHeaderChannelRegistry' has been explicitly defined. Therefore, a default DefaultHeaderChannelRegistry will be created.
2025-03-24 22:31:41.599 [] [] INFO  [restartedMain] o.s.b.w.e.tomcat.TomcatWebServer - Tomcat initialized with port 8084 (http)
2025-03-24 22:31:41.616 [] [] INFO  [restartedMain] o.a.catalina.core.StandardService - Starting service [Tomcat]
2025-03-24 22:31:41.616 [] [] INFO  [restartedMain] o.a.catalina.core.StandardEngine - Starting Servlet engine: [Apache Tomcat/10.1.36]
2025-03-24 22:31:41.677 [] [] INFO  [restartedMain] o.a.c.c.C.[.[localhost].[/samagp] - Initializing Spring embedded WebApplicationContext
2025-03-24 22:31:41.678 [] [] INFO  [restartedMain] o.s.b.w.s.c.ServletWebServerApplicationContext - Root WebApplicationContext: initialization completed in 2346 ms
2025-03-24 22:31:41.869 [] [] INFO  [restartedMain] o.h.jpa.internal.util.LogHelper - HHH000204: Processing PersistenceUnitInfo [name: default]
2025-03-24 22:31:41.939 [] [] INFO  [restartedMain] org.hibernate.Version - HHH000412: Hibernate ORM core version 6.6.8.Final
2025-03-24 22:31:41.976 [] [] INFO  [restartedMain] o.h.c.i.RegionFactoryInitiator - HHH000026: Second-level cache disabled
2025-03-24 22:31:42.319 [] [] INFO  [restartedMain] o.s.o.j.p.SpringPersistenceUnitInfo - No LoadTimeWeaver setup: ignoring JPA class transformer
2025-03-24 22:31:42.353 [] [] INFO  [restartedMain] com.zaxxer.hikari.HikariDataSource - HikariPool-1 - Starting...
2025-03-24 22:31:43.520 [] [] WARN  [restartedMain] o.h.e.jdbc.spi.SqlExceptionHelper - SQL Error: 0, SQLState: 28P01
2025-03-24 22:31:43.520 [] [] ERROR [restartedMain] o.h.e.jdbc.spi.SqlExceptionHelper - FATAL: password authentication failed for user "samagp"
2025-03-24 22:31:43.522 [] [] WARN  [restartedMain] o.h.e.j.e.i.JdbcEnvironmentInitiator - HHH000342: Could not obtain connection to query metadata
org.hibernate.exception.GenericJDBCException: unable to obtain isolated JDBC connection [FATAL: password authentication failed for user "samagp"] [n/a]
	at org.hibernate.exception.internal.StandardSQLExceptionConverter.convert(StandardSQLExceptionConverter.java:63)
	at org.hibernate.engine.jdbc.spi.SqlExceptionHelper.convert(SqlExceptionHelper.java:108)
	at org.hibernate.engine.jdbc.spi.SqlExceptionHelper.convert(SqlExceptionHelper.java:94)
	at org.hibernate.resource.transaction.backend.jdbc.internal.JdbcIsolationDelegate.delegateWork(JdbcIsolationDelegate.java:116)
	at org.hibernate.engine.jdbc.env.internal.JdbcEnvironmentInitiator.getJdbcEnvironmentUsingJdbcMetadata(JdbcEnvironmentInitiator.java:320)
	at org.hibernate.engine.jdbc.env.internal.JdbcEnvironmentInitiator.initiateService(JdbcEnvironmentInitiator.java:129)
	at org.hibernate.engine.jdbc.env.internal.JdbcEnvironmentInitiator.initiateService(JdbcEnvironmentInitiator.java:81)
	at org.hibernate.boot.registry.internal.StandardServiceRegistryImpl.initiateService(StandardServiceRegistryImpl.java:130)
	at org.hibernate.service.internal.AbstractServiceRegistryImpl.createService(AbstractServiceRegistryImpl.java:263)
	at org.hibernate.service.internal.AbstractServiceRegistryImpl.initializeService(AbstractServiceRegistryImpl.java:238)
	at org.hibernate.service.internal.AbstractServiceRegistryImpl.getService(AbstractServiceRegistryImpl.java:215)
	at org.hibernate.boot.model.relational.Database.<init>(Database.java:45)
	at org.hibernate.boot.internal.InFlightMetadataCollectorImpl.getDatabase(InFlightMetadataCollectorImpl.java:226)
	at org.hibernate.boot.internal.InFlightMetadataCollectorImpl.<init>(InFlightMetadataCollectorImpl.java:194)
	at org.hibernate.boot.model.process.spi.MetadataBuildingProcess.complete(MetadataBuildingProcess.java:171)
	at org.hibernate.jpa.boot.internal.EntityManagerFactoryBuilderImpl.metadata(EntityManagerFactoryBuilderImpl.java:1442)
	at org.hibernate.jpa.boot.internal.EntityManagerFactoryBuilderImpl.build(EntityManagerFactoryBuilderImpl.java:1513)
	at org.springframework.orm.jpa.vendor.SpringHibernateJpaPersistenceProvider.createContainerEntityManagerFactory(SpringHibernateJpaPersistenceProvider.java:66)
	at org.springframework.orm.jpa.LocalContainerEntityManagerFactoryBean.createNativeEntityManagerFactory(LocalContainerEntityManagerFactoryBean.java:390)
	at org.springframework.orm.jpa.AbstractEntityManagerFactoryBean.buildNativeEntityManagerFactory(AbstractEntityManagerFactoryBean.java:419)
	at org.springframework.orm.jpa.AbstractEntityManagerFactoryBean.afterPropertiesSet(AbstractEntityManagerFactoryBean.java:400)
	at org.springframework.orm.jpa.LocalContainerEntityManagerFactoryBean.afterPropertiesSet(LocalContainerEntityManagerFactoryBean.java:366)
	at org.springframework.beans.factory.support.AbstractAutowireCapableBeanFactory.invokeInitMethods(AbstractAutowireCapableBeanFactory.java:1859)
	at org.springframework.beans.factory.support.AbstractAutowireCapableBeanFactory.initializeBean(AbstractAutowireCapableBeanFactory.java:1808)
	at org.springframework.beans.factory.support.AbstractAutowireCapableBeanFactory.doCreateBean(AbstractAutowireCapableBeanFactory.java:601)
	at org.springframework.beans.factory.support.AbstractAutowireCapableBeanFactory.createBean(AbstractAutowireCapableBeanFactory.java:523)
	at org.springframework.beans.factory.support.AbstractBeanFactory.lambda$doGetBean$0(AbstractBeanFactory.java:339)
	at org.springframework.beans.factory.support.DefaultSingletonBeanRegistry.getSingleton(DefaultSingletonBeanRegistry.java:346)
	at org.springframework.beans.factory.support.AbstractBeanFactory.doGetBean(AbstractBeanFactory.java:337)
	at org.springframework.beans.factory.support.AbstractBeanFactory.getBean(AbstractBeanFactory.java:207)
	at org.springframework.context.support.AbstractApplicationContext.finishBeanFactoryInitialization(AbstractApplicationContext.java:970)
	at org.springframework.context.support.AbstractApplicationContext.refresh(AbstractApplicationContext.java:627)
	at org.springframework.boot.web.servlet.context.ServletWebServerApplicationContext.refresh(ServletWebServerApplicationContext.java:146)
	at org.springframework.boot.SpringApplication.refresh(SpringApplication.java:752)
	at org.springframework.boot.SpringApplication.refreshContext(SpringApplication.java:439)
	at org.springframework.boot.SpringApplication.run(SpringApplication.java:318)
	at org.springframework.boot.SpringApplication.run(SpringApplication.java:1361)
	at org.springframework.boot.SpringApplication.run(SpringApplication.java:1350)
	at sn.fr.samagp.SamaGpApiApplication.main(SamaGpApiApplication.java:12)
	at java.base/jdk.internal.reflect.NativeMethodAccessorImpl.invoke0(Native Method)
	at java.base/jdk.internal.reflect.NativeMethodAccessorImpl.invoke(NativeMethodAccessorImpl.java:77)
	at java.base/jdk.internal.reflect.DelegatingMethodAccessorImpl.invoke(DelegatingMethodAccessorImpl.java:43)
	at java.base/java.lang.reflect.Method.invoke(Method.java:568)
	at org.springframework.boot.devtools.restart.RestartLauncher.run(RestartLauncher.java:50)
Caused by: org.postgresql.util.PSQLException: FATAL: password authentication failed for user "samagp"
	at org.postgresql.core.v3.ConnectionFactoryImpl.doAuthentication(ConnectionFactoryImpl.java:704)
	at org.postgresql.core.v3.ConnectionFactoryImpl.tryConnect(ConnectionFactoryImpl.java:213)
	at org.postgresql.core.v3.ConnectionFactoryImpl.openConnectionImpl(ConnectionFactoryImpl.java:268)
	at org.postgresql.core.ConnectionFactory.openConnection(ConnectionFactory.java:54)
	at org.postgresql.jdbc.PgConnection.<init>(PgConnection.java:273)
	at org.postgresql.Driver.makeConnection(Driver.java:446)
	at org.postgresql.Driver.connect(Driver.java:298)
	at com.zaxxer.hikari.util.DriverDataSource.getConnection(DriverDataSource.java:137)
	at com.zaxxer.hikari.pool.PoolBase.newConnection(PoolBase.java:360)
	at com.zaxxer.hikari.pool.PoolBase.newPoolEntry(PoolBase.java:202)
	at com.zaxxer.hikari.pool.HikariPool.createPoolEntry(HikariPool.java:461)
	at com.zaxxer.hikari.pool.HikariPool.checkFailFast(HikariPool.java:550)
	at com.zaxxer.hikari.pool.HikariPool.<init>(HikariPool.java:98)
	at com.zaxxer.hikari.HikariDataSource.getConnection(HikariDataSource.java:111)
	at org.hibernate.engine.jdbc.connections.internal.DatasourceConnectionProviderImpl.getConnection(DatasourceConnectionProviderImpl.java:126)
	at org.hibernate.engine.jdbc.env.internal.JdbcEnvironmentInitiator$ConnectionProviderJdbcConnectionAccess.obtainConnection(JdbcEnvironmentInitiator.java:467)
	at org.hibernate.resource.transaction.backend.jdbc.internal.JdbcIsolationDelegate.delegateWork(JdbcIsolationDelegate.java:61)
	... 40 common frames omitted
2025-03-24 22:31:43.550 [] [] WARN  [restartedMain] org.hibernate.orm.deprecation - HHH90000025: PostgreSQLDialect does not need to be specified explicitly using 'hibernate.dialect' (remove the property setting and it will be selected by default)
2025-03-24 22:31:43.564 [] [] INFO  [restartedMain] o.hibernate.orm.connections.pooling - HHH10001005: Database info:
	Database JDBC URL [Connecting through datasource 'HikariDataSource (null)']
	Database driver: undefined/unknown
	Database version: 12.0
	Autocommit mode: undefined/unknown
	Isolation level: undefined/unknown
	Minimum pool size: undefined/unknown
	Maximum pool size: undefined/unknown
2025-03-24 22:31:43.858 [] [] ERROR [restartedMain] o.s.o.j.LocalContainerEntityManagerFactoryBean - Failed to initialize JPA EntityManagerFactory: Could not determine recommended JdbcType for Java type 'sn.fr.samagp.repository.model.Itineraire'
2025-03-24 22:31:43.860 [] [] WARN  [restartedMain] o.s.b.w.s.c.AnnotationConfigServletWebServerApplicationContext - Exception encountered during context initialization - cancelling refresh attempt: org.springframework.beans.factory.BeanCreationException: Error creating bean with name 'entityManagerFactory' defined in class path resource [org/springframework/boot/autoconfigure/orm/jpa/HibernateJpaConfiguration.class]: Could not determine recommended JdbcType for Java type 'sn.fr.samagp.repository.model.Itineraire'
2025-03-24 22:31:43.865 [] [] INFO  [restartedMain] o.a.catalina.core.StandardService - Stopping service [Tomcat]
2025-03-24 22:31:43.882 [] [] INFO  [restartedMain] o.s.b.a.l.ConditionEvaluationReportLogger - 

Error starting ApplicationContext. To display the condition evaluation report re-run your application with 'debug' enabled.
2025-03-24 22:31:43.909 [] [] ERROR [restartedMain] o.s.boot.SpringApplication - Application run failed
org.springframework.beans.factory.BeanCreationException: Error creating bean with name 'entityManagerFactory' defined in class path resource [org/springframework/boot/autoconfigure/orm/jpa/HibernateJpaConfiguration.class]: Could not determine recommended JdbcType for Java type 'sn.fr.samagp.repository.model.Itineraire'
	at org.springframework.beans.factory.support.AbstractAutowireCapableBeanFactory.initializeBean(AbstractAutowireCapableBeanFactory.java:1812)
	at org.springframework.beans.factory.support.AbstractAutowireCapableBeanFactory.doCreateBean(AbstractAutowireCapableBeanFactory.java:601)
	at org.springframework.beans.factory.support.AbstractAutowireCapableBeanFactory.createBean(AbstractAutowireCapableBeanFactory.java:523)
	at org.springframework.beans.factory.support.AbstractBeanFactory.lambda$doGetBean$0(AbstractBeanFactory.java:339)
	at org.springframework.beans.factory.support.DefaultSingletonBeanRegistry.getSingleton(DefaultSingletonBeanRegistry.java:346)
	at org.springframework.beans.factory.support.AbstractBeanFactory.doGetBean(AbstractBeanFactory.java:337)
	at org.springframework.beans.factory.support.AbstractBeanFactory.getBean(AbstractBeanFactory.java:207)
	at org.springframework.context.support.AbstractApplicationContext.finishBeanFactoryInitialization(AbstractApplicationContext.java:970)
	at org.springframework.context.support.AbstractApplicationContext.refresh(AbstractApplicationContext.java:627)
	at org.springframework.boot.web.servlet.context.ServletWebServerApplicationContext.refresh(ServletWebServerApplicationContext.java:146)
	at org.springframework.boot.SpringApplication.refresh(SpringApplication.java:752)
	at org.springframework.boot.SpringApplication.refreshContext(SpringApplication.java:439)
	at org.springframework.boot.SpringApplication.run(SpringApplication.java:318)
	at org.springframework.boot.SpringApplication.run(SpringApplication.java:1361)
	at org.springframework.boot.SpringApplication.run(SpringApplication.java:1350)
	at sn.fr.samagp.SamaGpApiApplication.main(SamaGpApiApplication.java:12)
	at java.base/jdk.internal.reflect.NativeMethodAccessorImpl.invoke0(Native Method)
	at java.base/jdk.internal.reflect.NativeMethodAccessorImpl.invoke(NativeMethodAccessorImpl.java:77)
	at java.base/jdk.internal.reflect.DelegatingMethodAccessorImpl.invoke(DelegatingMethodAccessorImpl.java:43)
	at java.base/java.lang.reflect.Method.invoke(Method.java:568)
	at org.springframework.boot.devtools.restart.RestartLauncher.run(RestartLauncher.java:50)
Caused by: org.hibernate.type.descriptor.java.spi.JdbcTypeRecommendationException: Could not determine recommended JdbcType for Java type 'sn.fr.samagp.repository.model.Itineraire'
	at org.hibernate.type.descriptor.java.spi.UnknownBasicJavaType.getRecommendedJdbcType(UnknownBasicJavaType.java:50)
	at org.hibernate.boot.model.process.internal.InferredBasicValueResolver.from(InferredBasicValueResolver.java:195)
	at org.hibernate.mapping.BasicValue.resolution(BasicValue.java:664)
	at org.hibernate.mapping.BasicValue.buildResolution(BasicValue.java:461)
	at org.hibernate.mapping.BasicValue.resolve(BasicValue.java:351)
	at org.hibernate.mapping.BasicValue.resolve(BasicValue.java:341)
	at org.hibernate.boot.internal.InFlightMetadataCollectorImpl.lambda$processValueResolvers$6(InFlightMetadataCollectorImpl.java:1827)
	at java.base/java.util.ArrayList.removeIf(ArrayList.java:1682)
	at java.base/java.util.ArrayList.removeIf(ArrayList.java:1660)
	at org.hibernate.boot.internal.InFlightMetadataCollectorImpl.processValueResolvers(InFlightMetadataCollectorImpl.java:1826)
	at org.hibernate.boot.internal.InFlightMetadataCollectorImpl.processSecondPasses(InFlightMetadataCollectorImpl.java:1812)
	at org.hibernate.boot.model.process.spi.MetadataBuildingProcess.complete(MetadataBuildingProcess.java:334)
	at org.hibernate.jpa.boot.internal.EntityManagerFactoryBuilderImpl.metadata(EntityManagerFactoryBuilderImpl.java:1442)
	at org.hibernate.jpa.boot.internal.EntityManagerFactoryBuilderImpl.build(EntityManagerFactoryBuilderImpl.java:1513)
	at org.springframework.orm.jpa.vendor.SpringHibernateJpaPersistenceProvider.createContainerEntityManagerFactory(SpringHibernateJpaPersistenceProvider.java:66)
	at org.springframework.orm.jpa.LocalContainerEntityManagerFactoryBean.createNativeEntityManagerFactory(LocalContainerEntityManagerFactoryBean.java:390)
	at org.springframework.orm.jpa.AbstractEntityManagerFactoryBean.buildNativeEntityManagerFactory(AbstractEntityManagerFactoryBean.java:419)
	at org.springframework.orm.jpa.AbstractEntityManagerFactoryBean.afterPropertiesSet(AbstractEntityManagerFactoryBean.java:400)
	at org.springframework.orm.jpa.LocalContainerEntityManagerFactoryBean.afterPropertiesSet(LocalContainerEntityManagerFactoryBean.java:366)
	at org.springframework.beans.factory.support.AbstractAutowireCapableBeanFactory.invokeInitMethods(AbstractAutowireCapableBeanFactory.java:1859)
	at org.springframework.beans.factory.support.AbstractAutowireCapableBeanFactory.initializeBean(AbstractAutowireCapableBeanFactory.java:1808)
	... 20 common frames omitted
2025-03-24 22:35:24.030 [] [] INFO  [restartedMain] sn.fr.samagp.SamaGpApiApplication - Starting SamaGpApiApplication using Java 17.0.7 with PID 20849 (/Users/mac/Desktop/samaGp/samagp-api-ms/target/classes started by mac in /Users/mac/Desktop/samaGp/samagp-api-ms)
2025-03-24 22:35:24.033 [] [] INFO  [restartedMain] sn.fr.samagp.SamaGpApiApplication - The following 1 profile is active: "dev"
2025-03-24 22:35:24.091 [] [] INFO  [restartedMain] o.s.b.d.e.DevToolsPropertyDefaultsPostProcessor - Devtools property defaults active! Set 'spring.devtools.add-properties' to 'false' to disable
2025-03-24 22:35:24.091 [] [] INFO  [restartedMain] o.s.b.d.e.DevToolsPropertyDefaultsPostProcessor - For additional web related logging consider setting the 'logging.level.web' property to 'DEBUG'
2025-03-24 22:35:25.151 [] [] INFO  [restartedMain] o.s.d.r.c.RepositoryConfigurationDelegate - Bootstrapping Spring Data JPA repositories in DEFAULT mode.
2025-03-24 22:35:25.394 [] [] INFO  [restartedMain] o.s.d.r.c.RepositoryConfigurationDelegate - Finished Spring Data repository scanning in 229 ms. Found 4 JPA repository interfaces.
2025-03-24 22:35:25.534 [] [] INFO  [restartedMain] o.s.i.c.DefaultConfiguringBeanFactoryPostProcessor - No bean named 'errorChannel' has been explicitly defined. Therefore, a default PublishSubscribeChannel will be created.
2025-03-24 22:35:25.547 [] [] INFO  [restartedMain] o.s.i.c.DefaultConfiguringBeanFactoryPostProcessor - No bean named 'integrationHeaderChannelRegistry' has been explicitly defined. Therefore, a default DefaultHeaderChannelRegistry will be created.
2025-03-24 22:35:26.364 [] [] INFO  [restartedMain] o.s.b.w.e.tomcat.TomcatWebServer - Tomcat initialized with port 8084 (http)
2025-03-24 22:35:26.383 [] [] INFO  [restartedMain] o.a.catalina.core.StandardService - Starting service [Tomcat]
2025-03-24 22:35:26.383 [] [] INFO  [restartedMain] o.a.catalina.core.StandardEngine - Starting Servlet engine: [Apache Tomcat/10.1.36]
2025-03-24 22:35:26.440 [] [] INFO  [restartedMain] o.a.c.c.C.[.[localhost].[/samagp] - Initializing Spring embedded WebApplicationContext
2025-03-24 22:35:26.441 [] [] INFO  [restartedMain] o.s.b.w.s.c.ServletWebServerApplicationContext - Root WebApplicationContext: initialization completed in 2349 ms
2025-03-24 22:35:26.621 [] [] INFO  [restartedMain] o.h.jpa.internal.util.LogHelper - HHH000204: Processing PersistenceUnitInfo [name: default]
2025-03-24 22:35:26.689 [] [] INFO  [restartedMain] org.hibernate.Version - HHH000412: Hibernate ORM core version 6.6.8.Final
2025-03-24 22:35:26.726 [] [] INFO  [restartedMain] o.h.c.i.RegionFactoryInitiator - HHH000026: Second-level cache disabled
2025-03-24 22:35:27.049 [] [] INFO  [restartedMain] o.s.o.j.p.SpringPersistenceUnitInfo - No LoadTimeWeaver setup: ignoring JPA class transformer
2025-03-24 22:35:27.081 [] [] INFO  [restartedMain] com.zaxxer.hikari.HikariDataSource - HikariPool-1 - Starting...
2025-03-24 22:35:28.246 [] [] WARN  [restartedMain] o.h.e.jdbc.spi.SqlExceptionHelper - SQL Error: 0, SQLState: 28P01
2025-03-24 22:35:28.246 [] [] ERROR [restartedMain] o.h.e.jdbc.spi.SqlExceptionHelper - FATAL: password authentication failed for user "samagp"
2025-03-24 22:35:28.248 [] [] WARN  [restartedMain] o.h.e.j.e.i.JdbcEnvironmentInitiator - HHH000342: Could not obtain connection to query metadata
org.hibernate.exception.GenericJDBCException: unable to obtain isolated JDBC connection [FATAL: password authentication failed for user "samagp"] [n/a]
	at org.hibernate.exception.internal.StandardSQLExceptionConverter.convert(StandardSQLExceptionConverter.java:63)
	at org.hibernate.engine.jdbc.spi.SqlExceptionHelper.convert(SqlExceptionHelper.java:108)
	at org.hibernate.engine.jdbc.spi.SqlExceptionHelper.convert(SqlExceptionHelper.java:94)
	at org.hibernate.resource.transaction.backend.jdbc.internal.JdbcIsolationDelegate.delegateWork(JdbcIsolationDelegate.java:116)
	at org.hibernate.engine.jdbc.env.internal.JdbcEnvironmentInitiator.getJdbcEnvironmentUsingJdbcMetadata(JdbcEnvironmentInitiator.java:320)
	at org.hibernate.engine.jdbc.env.internal.JdbcEnvironmentInitiator.initiateService(JdbcEnvironmentInitiator.java:129)
	at org.hibernate.engine.jdbc.env.internal.JdbcEnvironmentInitiator.initiateService(JdbcEnvironmentInitiator.java:81)
	at org.hibernate.boot.registry.internal.StandardServiceRegistryImpl.initiateService(StandardServiceRegistryImpl.java:130)
	at org.hibernate.service.internal.AbstractServiceRegistryImpl.createService(AbstractServiceRegistryImpl.java:263)
	at org.hibernate.service.internal.AbstractServiceRegistryImpl.initializeService(AbstractServiceRegistryImpl.java:238)
	at org.hibernate.service.internal.AbstractServiceRegistryImpl.getService(AbstractServiceRegistryImpl.java:215)
	at org.hibernate.boot.model.relational.Database.<init>(Database.java:45)
	at org.hibernate.boot.internal.InFlightMetadataCollectorImpl.getDatabase(InFlightMetadataCollectorImpl.java:226)
	at org.hibernate.boot.internal.InFlightMetadataCollectorImpl.<init>(InFlightMetadataCollectorImpl.java:194)
	at org.hibernate.boot.model.process.spi.MetadataBuildingProcess.complete(MetadataBuildingProcess.java:171)
	at org.hibernate.jpa.boot.internal.EntityManagerFactoryBuilderImpl.metadata(EntityManagerFactoryBuilderImpl.java:1442)
	at org.hibernate.jpa.boot.internal.EntityManagerFactoryBuilderImpl.build(EntityManagerFactoryBuilderImpl.java:1513)
	at org.springframework.orm.jpa.vendor.SpringHibernateJpaPersistenceProvider.createContainerEntityManagerFactory(SpringHibernateJpaPersistenceProvider.java:66)
	at org.springframework.orm.jpa.LocalContainerEntityManagerFactoryBean.createNativeEntityManagerFactory(LocalContainerEntityManagerFactoryBean.java:390)
	at org.springframework.orm.jpa.AbstractEntityManagerFactoryBean.buildNativeEntityManagerFactory(AbstractEntityManagerFactoryBean.java:419)
	at org.springframework.orm.jpa.AbstractEntityManagerFactoryBean.afterPropertiesSet(AbstractEntityManagerFactoryBean.java:400)
	at org.springframework.orm.jpa.LocalContainerEntityManagerFactoryBean.afterPropertiesSet(LocalContainerEntityManagerFactoryBean.java:366)
	at org.springframework.beans.factory.support.AbstractAutowireCapableBeanFactory.invokeInitMethods(AbstractAutowireCapableBeanFactory.java:1859)
	at org.springframework.beans.factory.support.AbstractAutowireCapableBeanFactory.initializeBean(AbstractAutowireCapableBeanFactory.java:1808)
	at org.springframework.beans.factory.support.AbstractAutowireCapableBeanFactory.doCreateBean(AbstractAutowireCapableBeanFactory.java:601)
	at org.springframework.beans.factory.support.AbstractAutowireCapableBeanFactory.createBean(AbstractAutowireCapableBeanFactory.java:523)
	at org.springframework.beans.factory.support.AbstractBeanFactory.lambda$doGetBean$0(AbstractBeanFactory.java:339)
	at org.springframework.beans.factory.support.DefaultSingletonBeanRegistry.getSingleton(DefaultSingletonBeanRegistry.java:346)
	at org.springframework.beans.factory.support.AbstractBeanFactory.doGetBean(AbstractBeanFactory.java:337)
	at org.springframework.beans.factory.support.AbstractBeanFactory.getBean(AbstractBeanFactory.java:207)
	at org.springframework.context.support.AbstractApplicationContext.finishBeanFactoryInitialization(AbstractApplicationContext.java:970)
	at org.springframework.context.support.AbstractApplicationContext.refresh(AbstractApplicationContext.java:627)
	at org.springframework.boot.web.servlet.context.ServletWebServerApplicationContext.refresh(ServletWebServerApplicationContext.java:146)
	at org.springframework.boot.SpringApplication.refresh(SpringApplication.java:752)
	at org.springframework.boot.SpringApplication.refreshContext(SpringApplication.java:439)
	at org.springframework.boot.SpringApplication.run(SpringApplication.java:318)
	at org.springframework.boot.SpringApplication.run(SpringApplication.java:1361)
	at org.springframework.boot.SpringApplication.run(SpringApplication.java:1350)
	at sn.fr.samagp.SamaGpApiApplication.main(SamaGpApiApplication.java:12)
	at java.base/jdk.internal.reflect.NativeMethodAccessorImpl.invoke0(Native Method)
	at java.base/jdk.internal.reflect.NativeMethodAccessorImpl.invoke(NativeMethodAccessorImpl.java:77)
	at java.base/jdk.internal.reflect.DelegatingMethodAccessorImpl.invoke(DelegatingMethodAccessorImpl.java:43)
	at java.base/java.lang.reflect.Method.invoke(Method.java:568)
	at org.springframework.boot.devtools.restart.RestartLauncher.run(RestartLauncher.java:50)
Caused by: org.postgresql.util.PSQLException: FATAL: password authentication failed for user "samagp"
	at org.postgresql.core.v3.ConnectionFactoryImpl.doAuthentication(ConnectionFactoryImpl.java:704)
	at org.postgresql.core.v3.ConnectionFactoryImpl.tryConnect(ConnectionFactoryImpl.java:213)
	at org.postgresql.core.v3.ConnectionFactoryImpl.openConnectionImpl(ConnectionFactoryImpl.java:268)
	at org.postgresql.core.ConnectionFactory.openConnection(ConnectionFactory.java:54)
	at org.postgresql.jdbc.PgConnection.<init>(PgConnection.java:273)
	at org.postgresql.Driver.makeConnection(Driver.java:446)
	at org.postgresql.Driver.connect(Driver.java:298)
	at com.zaxxer.hikari.util.DriverDataSource.getConnection(DriverDataSource.java:137)
	at com.zaxxer.hikari.pool.PoolBase.newConnection(PoolBase.java:360)
	at com.zaxxer.hikari.pool.PoolBase.newPoolEntry(PoolBase.java:202)
	at com.zaxxer.hikari.pool.HikariPool.createPoolEntry(HikariPool.java:461)
	at com.zaxxer.hikari.pool.HikariPool.checkFailFast(HikariPool.java:550)
	at com.zaxxer.hikari.pool.HikariPool.<init>(HikariPool.java:98)
	at com.zaxxer.hikari.HikariDataSource.getConnection(HikariDataSource.java:111)
	at org.hibernate.engine.jdbc.connections.internal.DatasourceConnectionProviderImpl.getConnection(DatasourceConnectionProviderImpl.java:126)
	at org.hibernate.engine.jdbc.env.internal.JdbcEnvironmentInitiator$ConnectionProviderJdbcConnectionAccess.obtainConnection(JdbcEnvironmentInitiator.java:467)
	at org.hibernate.resource.transaction.backend.jdbc.internal.JdbcIsolationDelegate.delegateWork(JdbcIsolationDelegate.java:61)
	... 40 common frames omitted
2025-03-24 22:35:28.274 [] [] WARN  [restartedMain] org.hibernate.orm.deprecation - HHH90000025: PostgreSQLDialect does not need to be specified explicitly using 'hibernate.dialect' (remove the property setting and it will be selected by default)
2025-03-24 22:35:28.289 [] [] INFO  [restartedMain] o.hibernate.orm.connections.pooling - HHH10001005: Database info:
	Database JDBC URL [Connecting through datasource 'HikariDataSource (null)']
	Database driver: undefined/unknown
	Database version: 12.0
	Autocommit mode: undefined/unknown
	Isolation level: undefined/unknown
	Minimum pool size: undefined/unknown
	Maximum pool size: undefined/unknown
2025-03-24 22:35:28.520 [] [] ERROR [restartedMain] o.s.o.j.LocalContainerEntityManagerFactoryBean - Failed to initialize JPA EntityManagerFactory: Collection 'sn.fr.samagp.repository.model.Itineraire.clients' is 'mappedBy' a property named 'clients' which does not exist in the target entity 'sn.fr.samagp.repository.model.Client'
2025-03-24 22:35:28.521 [] [] WARN  [restartedMain] o.s.b.w.s.c.AnnotationConfigServletWebServerApplicationContext - Exception encountered during context initialization - cancelling refresh attempt: org.springframework.beans.factory.BeanCreationException: Error creating bean with name 'entityManagerFactory' defined in class path resource [org/springframework/boot/autoconfigure/orm/jpa/HibernateJpaConfiguration.class]: Collection 'sn.fr.samagp.repository.model.Itineraire.clients' is 'mappedBy' a property named 'clients' which does not exist in the target entity 'sn.fr.samagp.repository.model.Client'
2025-03-24 22:35:28.528 [] [] INFO  [restartedMain] o.a.catalina.core.StandardService - Stopping service [Tomcat]
2025-03-24 22:35:28.546 [] [] INFO  [restartedMain] o.s.b.a.l.ConditionEvaluationReportLogger - 

Error starting ApplicationContext. To display the condition evaluation report re-run your application with 'debug' enabled.
2025-03-24 22:35:28.568 [] [] ERROR [restartedMain] o.s.boot.SpringApplication - Application run failed
org.springframework.beans.factory.BeanCreationException: Error creating bean with name 'entityManagerFactory' defined in class path resource [org/springframework/boot/autoconfigure/orm/jpa/HibernateJpaConfiguration.class]: Collection 'sn.fr.samagp.repository.model.Itineraire.clients' is 'mappedBy' a property named 'clients' which does not exist in the target entity 'sn.fr.samagp.repository.model.Client'
	at org.springframework.beans.factory.support.AbstractAutowireCapableBeanFactory.initializeBean(AbstractAutowireCapableBeanFactory.java:1812)
	at org.springframework.beans.factory.support.AbstractAutowireCapableBeanFactory.doCreateBean(AbstractAutowireCapableBeanFactory.java:601)
	at org.springframework.beans.factory.support.AbstractAutowireCapableBeanFactory.createBean(AbstractAutowireCapableBeanFactory.java:523)
	at org.springframework.beans.factory.support.AbstractBeanFactory.lambda$doGetBean$0(AbstractBeanFactory.java:339)
	at org.springframework.beans.factory.support.DefaultSingletonBeanRegistry.getSingleton(DefaultSingletonBeanRegistry.java:346)
	at org.springframework.beans.factory.support.AbstractBeanFactory.doGetBean(AbstractBeanFactory.java:337)
	at org.springframework.beans.factory.support.AbstractBeanFactory.getBean(AbstractBeanFactory.java:207)
	at org.springframework.context.support.AbstractApplicationContext.finishBeanFactoryInitialization(AbstractApplicationContext.java:970)
	at org.springframework.context.support.AbstractApplicationContext.refresh(AbstractApplicationContext.java:627)
	at org.springframework.boot.web.servlet.context.ServletWebServerApplicationContext.refresh(ServletWebServerApplicationContext.java:146)
	at org.springframework.boot.SpringApplication.refresh(SpringApplication.java:752)
	at org.springframework.boot.SpringApplication.refreshContext(SpringApplication.java:439)
	at org.springframework.boot.SpringApplication.run(SpringApplication.java:318)
	at org.springframework.boot.SpringApplication.run(SpringApplication.java:1361)
	at org.springframework.boot.SpringApplication.run(SpringApplication.java:1350)
	at sn.fr.samagp.SamaGpApiApplication.main(SamaGpApiApplication.java:12)
	at java.base/jdk.internal.reflect.NativeMethodAccessorImpl.invoke0(Native Method)
	at java.base/jdk.internal.reflect.NativeMethodAccessorImpl.invoke(NativeMethodAccessorImpl.java:77)
	at java.base/jdk.internal.reflect.DelegatingMethodAccessorImpl.invoke(DelegatingMethodAccessorImpl.java:43)
	at java.base/java.lang.reflect.Method.invoke(Method.java:568)
	at org.springframework.boot.devtools.restart.RestartLauncher.run(RestartLauncher.java:50)
Caused by: org.hibernate.AnnotationException: Collection 'sn.fr.samagp.repository.model.Itineraire.clients' is 'mappedBy' a property named 'clients' which does not exist in the target entity 'sn.fr.samagp.repository.model.Client'
	at org.hibernate.boot.model.internal.CollectionBinder.isReversePropertyInJoin(CollectionBinder.java:1638)
	at org.hibernate.boot.model.internal.CollectionBinder.noAssociationTable(CollectionBinder.java:1652)
	at org.hibernate.boot.model.internal.CollectionBinder.bindStarToManySecondPass(CollectionBinder.java:1613)
	at org.hibernate.boot.model.internal.CollectionBinder$1.secondPass(CollectionBinder.java:1604)
	at org.hibernate.boot.model.internal.CollectionSecondPass.doSecondPass(CollectionSecondPass.java:45)
	at org.hibernate.boot.internal.InFlightMetadataCollectorImpl.processSecondPasses(InFlightMetadataCollectorImpl.java:1842)
	at org.hibernate.boot.internal.InFlightMetadataCollectorImpl.processSecondPasses(InFlightMetadataCollectorImpl.java:1800)
	at org.hibernate.boot.model.process.spi.MetadataBuildingProcess.complete(MetadataBuildingProcess.java:334)
	at org.hibernate.jpa.boot.internal.EntityManagerFactoryBuilderImpl.metadata(EntityManagerFactoryBuilderImpl.java:1442)
	at org.hibernate.jpa.boot.internal.EntityManagerFactoryBuilderImpl.build(EntityManagerFactoryBuilderImpl.java:1513)
	at org.springframework.orm.jpa.vendor.SpringHibernateJpaPersistenceProvider.createContainerEntityManagerFactory(SpringHibernateJpaPersistenceProvider.java:66)
	at org.springframework.orm.jpa.LocalContainerEntityManagerFactoryBean.createNativeEntityManagerFactory(LocalContainerEntityManagerFactoryBean.java:390)
	at org.springframework.orm.jpa.AbstractEntityManagerFactoryBean.buildNativeEntityManagerFactory(AbstractEntityManagerFactoryBean.java:419)
	at org.springframework.orm.jpa.AbstractEntityManagerFactoryBean.afterPropertiesSet(AbstractEntityManagerFactoryBean.java:400)
	at org.springframework.orm.jpa.LocalContainerEntityManagerFactoryBean.afterPropertiesSet(LocalContainerEntityManagerFactoryBean.java:366)
	at org.springframework.beans.factory.support.AbstractAutowireCapableBeanFactory.invokeInitMethods(AbstractAutowireCapableBeanFactory.java:1859)
	at org.springframework.beans.factory.support.AbstractAutowireCapableBeanFactory.initializeBean(AbstractAutowireCapableBeanFactory.java:1808)
	... 20 common frames omitted
2025-03-24 22:37:03.887 [] [] INFO  [restartedMain] sn.fr.samagp.SamaGpApiApplication - Starting SamaGpApiApplication using Java 17.0.7 with PID 21715 (/Users/mac/Desktop/samaGp/samagp-api-ms/target/classes started by mac in /Users/mac/Desktop/samaGp/samagp-api-ms)
2025-03-24 22:37:03.889 [] [] INFO  [restartedMain] sn.fr.samagp.SamaGpApiApplication - The following 1 profile is active: "dev"
2025-03-24 22:37:03.940 [] [] INFO  [restartedMain] o.s.b.d.e.DevToolsPropertyDefaultsPostProcessor - Devtools property defaults active! Set 'spring.devtools.add-properties' to 'false' to disable
2025-03-24 22:37:03.940 [] [] INFO  [restartedMain] o.s.b.d.e.DevToolsPropertyDefaultsPostProcessor - For additional web related logging consider setting the 'logging.level.web' property to 'DEBUG'
2025-03-24 22:37:05.018 [] [] INFO  [restartedMain] o.s.d.r.c.RepositoryConfigurationDelegate - Bootstrapping Spring Data JPA repositories in DEFAULT mode.
2025-03-24 22:37:05.495 [] [] INFO  [restartedMain] o.s.d.r.c.RepositoryConfigurationDelegate - Finished Spring Data repository scanning in 464 ms. Found 4 JPA repository interfaces.
2025-03-24 22:37:05.632 [] [] INFO  [restartedMain] o.s.i.c.DefaultConfiguringBeanFactoryPostProcessor - No bean named 'errorChannel' has been explicitly defined. Therefore, a default PublishSubscribeChannel will be created.
2025-03-24 22:37:05.644 [] [] INFO  [restartedMain] o.s.i.c.DefaultConfiguringBeanFactoryPostProcessor - No bean named 'integrationHeaderChannelRegistry' has been explicitly defined. Therefore, a default DefaultHeaderChannelRegistry will be created.
2025-03-24 22:37:06.315 [] [] INFO  [restartedMain] o.s.b.w.e.tomcat.TomcatWebServer - Tomcat initialized with port 8084 (http)
2025-03-24 22:37:06.333 [] [] INFO  [restartedMain] o.a.catalina.core.StandardService - Starting service [Tomcat]
2025-03-24 22:37:06.333 [] [] INFO  [restartedMain] o.a.catalina.core.StandardEngine - Starting Servlet engine: [Apache Tomcat/10.1.36]
2025-03-24 22:37:06.388 [] [] INFO  [restartedMain] o.a.c.c.C.[.[localhost].[/samagp] - Initializing Spring embedded WebApplicationContext
2025-03-24 22:37:06.389 [] [] INFO  [restartedMain] o.s.b.w.s.c.ServletWebServerApplicationContext - Root WebApplicationContext: initialization completed in 2448 ms
2025-03-24 22:37:06.638 [] [] INFO  [restartedMain] o.h.jpa.internal.util.LogHelper - HHH000204: Processing PersistenceUnitInfo [name: default]
2025-03-24 22:37:06.708 [] [] INFO  [restartedMain] org.hibernate.Version - HHH000412: Hibernate ORM core version 6.6.8.Final
2025-03-24 22:37:06.747 [] [] INFO  [restartedMain] o.h.c.i.RegionFactoryInitiator - HHH000026: Second-level cache disabled
2025-03-24 22:37:07.088 [] [] INFO  [restartedMain] o.s.o.j.p.SpringPersistenceUnitInfo - No LoadTimeWeaver setup: ignoring JPA class transformer
2025-03-24 22:37:07.120 [] [] INFO  [restartedMain] com.zaxxer.hikari.HikariDataSource - HikariPool-1 - Starting...
2025-03-24 22:37:08.283 [] [] WARN  [restartedMain] o.h.e.jdbc.spi.SqlExceptionHelper - SQL Error: 0, SQLState: 28P01
2025-03-24 22:37:08.283 [] [] ERROR [restartedMain] o.h.e.jdbc.spi.SqlExceptionHelper - FATAL: password authentication failed for user "samagp"
2025-03-24 22:37:08.285 [] [] WARN  [restartedMain] o.h.e.j.e.i.JdbcEnvironmentInitiator - HHH000342: Could not obtain connection to query metadata
org.hibernate.exception.GenericJDBCException: unable to obtain isolated JDBC connection [FATAL: password authentication failed for user "samagp"] [n/a]
	at org.hibernate.exception.internal.StandardSQLExceptionConverter.convert(StandardSQLExceptionConverter.java:63)
	at org.hibernate.engine.jdbc.spi.SqlExceptionHelper.convert(SqlExceptionHelper.java:108)
	at org.hibernate.engine.jdbc.spi.SqlExceptionHelper.convert(SqlExceptionHelper.java:94)
	at org.hibernate.resource.transaction.backend.jdbc.internal.JdbcIsolationDelegate.delegateWork(JdbcIsolationDelegate.java:116)
	at org.hibernate.engine.jdbc.env.internal.JdbcEnvironmentInitiator.getJdbcEnvironmentUsingJdbcMetadata(JdbcEnvironmentInitiator.java:320)
	at org.hibernate.engine.jdbc.env.internal.JdbcEnvironmentInitiator.initiateService(JdbcEnvironmentInitiator.java:129)
	at org.hibernate.engine.jdbc.env.internal.JdbcEnvironmentInitiator.initiateService(JdbcEnvironmentInitiator.java:81)
	at org.hibernate.boot.registry.internal.StandardServiceRegistryImpl.initiateService(StandardServiceRegistryImpl.java:130)
	at org.hibernate.service.internal.AbstractServiceRegistryImpl.createService(AbstractServiceRegistryImpl.java:263)
	at org.hibernate.service.internal.AbstractServiceRegistryImpl.initializeService(AbstractServiceRegistryImpl.java:238)
	at org.hibernate.service.internal.AbstractServiceRegistryImpl.getService(AbstractServiceRegistryImpl.java:215)
	at org.hibernate.boot.model.relational.Database.<init>(Database.java:45)
	at org.hibernate.boot.internal.InFlightMetadataCollectorImpl.getDatabase(InFlightMetadataCollectorImpl.java:226)
	at org.hibernate.boot.internal.InFlightMetadataCollectorImpl.<init>(InFlightMetadataCollectorImpl.java:194)
	at org.hibernate.boot.model.process.spi.MetadataBuildingProcess.complete(MetadataBuildingProcess.java:171)
	at org.hibernate.jpa.boot.internal.EntityManagerFactoryBuilderImpl.metadata(EntityManagerFactoryBuilderImpl.java:1442)
	at org.hibernate.jpa.boot.internal.EntityManagerFactoryBuilderImpl.build(EntityManagerFactoryBuilderImpl.java:1513)
	at org.springframework.orm.jpa.vendor.SpringHibernateJpaPersistenceProvider.createContainerEntityManagerFactory(SpringHibernateJpaPersistenceProvider.java:66)
	at org.springframework.orm.jpa.LocalContainerEntityManagerFactoryBean.createNativeEntityManagerFactory(LocalContainerEntityManagerFactoryBean.java:390)
	at org.springframework.orm.jpa.AbstractEntityManagerFactoryBean.buildNativeEntityManagerFactory(AbstractEntityManagerFactoryBean.java:419)
	at org.springframework.orm.jpa.AbstractEntityManagerFactoryBean.afterPropertiesSet(AbstractEntityManagerFactoryBean.java:400)
	at org.springframework.orm.jpa.LocalContainerEntityManagerFactoryBean.afterPropertiesSet(LocalContainerEntityManagerFactoryBean.java:366)
	at org.springframework.beans.factory.support.AbstractAutowireCapableBeanFactory.invokeInitMethods(AbstractAutowireCapableBeanFactory.java:1859)
	at org.springframework.beans.factory.support.AbstractAutowireCapableBeanFactory.initializeBean(AbstractAutowireCapableBeanFactory.java:1808)
	at org.springframework.beans.factory.support.AbstractAutowireCapableBeanFactory.doCreateBean(AbstractAutowireCapableBeanFactory.java:601)
	at org.springframework.beans.factory.support.AbstractAutowireCapableBeanFactory.createBean(AbstractAutowireCapableBeanFactory.java:523)
	at org.springframework.beans.factory.support.AbstractBeanFactory.lambda$doGetBean$0(AbstractBeanFactory.java:339)
	at org.springframework.beans.factory.support.DefaultSingletonBeanRegistry.getSingleton(DefaultSingletonBeanRegistry.java:346)
	at org.springframework.beans.factory.support.AbstractBeanFactory.doGetBean(AbstractBeanFactory.java:337)
	at org.springframework.beans.factory.support.AbstractBeanFactory.getBean(AbstractBeanFactory.java:207)
	at org.springframework.context.support.AbstractApplicationContext.finishBeanFactoryInitialization(AbstractApplicationContext.java:970)
	at org.springframework.context.support.AbstractApplicationContext.refresh(AbstractApplicationContext.java:627)
	at org.springframework.boot.web.servlet.context.ServletWebServerApplicationContext.refresh(ServletWebServerApplicationContext.java:146)
	at org.springframework.boot.SpringApplication.refresh(SpringApplication.java:752)
	at org.springframework.boot.SpringApplication.refreshContext(SpringApplication.java:439)
	at org.springframework.boot.SpringApplication.run(SpringApplication.java:318)
	at org.springframework.boot.SpringApplication.run(SpringApplication.java:1361)
	at org.springframework.boot.SpringApplication.run(SpringApplication.java:1350)
	at sn.fr.samagp.SamaGpApiApplication.main(SamaGpApiApplication.java:12)
	at java.base/jdk.internal.reflect.NativeMethodAccessorImpl.invoke0(Native Method)
	at java.base/jdk.internal.reflect.NativeMethodAccessorImpl.invoke(NativeMethodAccessorImpl.java:77)
	at java.base/jdk.internal.reflect.DelegatingMethodAccessorImpl.invoke(DelegatingMethodAccessorImpl.java:43)
	at java.base/java.lang.reflect.Method.invoke(Method.java:568)
	at org.springframework.boot.devtools.restart.RestartLauncher.run(RestartLauncher.java:50)
Caused by: org.postgresql.util.PSQLException: FATAL: password authentication failed for user "samagp"
	at org.postgresql.core.v3.ConnectionFactoryImpl.doAuthentication(ConnectionFactoryImpl.java:704)
	at org.postgresql.core.v3.ConnectionFactoryImpl.tryConnect(ConnectionFactoryImpl.java:213)
	at org.postgresql.core.v3.ConnectionFactoryImpl.openConnectionImpl(ConnectionFactoryImpl.java:268)
	at org.postgresql.core.ConnectionFactory.openConnection(ConnectionFactory.java:54)
	at org.postgresql.jdbc.PgConnection.<init>(PgConnection.java:273)
	at org.postgresql.Driver.makeConnection(Driver.java:446)
	at org.postgresql.Driver.connect(Driver.java:298)
	at com.zaxxer.hikari.util.DriverDataSource.getConnection(DriverDataSource.java:137)
	at com.zaxxer.hikari.pool.PoolBase.newConnection(PoolBase.java:360)
	at com.zaxxer.hikari.pool.PoolBase.newPoolEntry(PoolBase.java:202)
	at com.zaxxer.hikari.pool.HikariPool.createPoolEntry(HikariPool.java:461)
	at com.zaxxer.hikari.pool.HikariPool.checkFailFast(HikariPool.java:550)
	at com.zaxxer.hikari.pool.HikariPool.<init>(HikariPool.java:98)
	at com.zaxxer.hikari.HikariDataSource.getConnection(HikariDataSource.java:111)
	at org.hibernate.engine.jdbc.connections.internal.DatasourceConnectionProviderImpl.getConnection(DatasourceConnectionProviderImpl.java:126)
	at org.hibernate.engine.jdbc.env.internal.JdbcEnvironmentInitiator$ConnectionProviderJdbcConnectionAccess.obtainConnection(JdbcEnvironmentInitiator.java:467)
	at org.hibernate.resource.transaction.backend.jdbc.internal.JdbcIsolationDelegate.delegateWork(JdbcIsolationDelegate.java:61)
	... 40 common frames omitted
2025-03-24 22:37:08.315 [] [] WARN  [restartedMain] org.hibernate.orm.deprecation - HHH90000025: PostgreSQLDialect does not need to be specified explicitly using 'hibernate.dialect' (remove the property setting and it will be selected by default)
2025-03-24 22:37:08.330 [] [] INFO  [restartedMain] o.hibernate.orm.connections.pooling - HHH10001005: Database info:
	Database JDBC URL [Connecting through datasource 'HikariDataSource (null)']
	Database driver: undefined/unknown
	Database version: 12.0
	Autocommit mode: undefined/unknown
	Isolation level: undefined/unknown
	Minimum pool size: undefined/unknown
	Maximum pool size: undefined/unknown
2025-03-24 22:37:08.606 [] [] ERROR [restartedMain] o.s.o.j.LocalContainerEntityManagerFactoryBean - Failed to initialize JPA EntityManagerFactory: Could not determine recommended JdbcType for Java type 'sn.fr.samagp.repository.model.Itineraire'
2025-03-24 22:37:08.607 [] [] WARN  [restartedMain] o.s.b.w.s.c.AnnotationConfigServletWebServerApplicationContext - Exception encountered during context initialization - cancelling refresh attempt: org.springframework.beans.factory.BeanCreationException: Error creating bean with name 'entityManagerFactory' defined in class path resource [org/springframework/boot/autoconfigure/orm/jpa/HibernateJpaConfiguration.class]: Could not determine recommended JdbcType for Java type 'sn.fr.samagp.repository.model.Itineraire'
2025-03-24 22:37:08.614 [] [] INFO  [restartedMain] o.a.catalina.core.StandardService - Stopping service [Tomcat]
2025-03-24 22:37:08.632 [] [] INFO  [restartedMain] o.s.b.a.l.ConditionEvaluationReportLogger - 

Error starting ApplicationContext. To display the condition evaluation report re-run your application with 'debug' enabled.
2025-03-24 22:37:08.657 [] [] ERROR [restartedMain] o.s.boot.SpringApplication - Application run failed
org.springframework.beans.factory.BeanCreationException: Error creating bean with name 'entityManagerFactory' defined in class path resource [org/springframework/boot/autoconfigure/orm/jpa/HibernateJpaConfiguration.class]: Could not determine recommended JdbcType for Java type 'sn.fr.samagp.repository.model.Itineraire'
	at org.springframework.beans.factory.support.AbstractAutowireCapableBeanFactory.initializeBean(AbstractAutowireCapableBeanFactory.java:1812)
	at org.springframework.beans.factory.support.AbstractAutowireCapableBeanFactory.doCreateBean(AbstractAutowireCapableBeanFactory.java:601)
	at org.springframework.beans.factory.support.AbstractAutowireCapableBeanFactory.createBean(AbstractAutowireCapableBeanFactory.java:523)
	at org.springframework.beans.factory.support.AbstractBeanFactory.lambda$doGetBean$0(AbstractBeanFactory.java:339)
	at org.springframework.beans.factory.support.DefaultSingletonBeanRegistry.getSingleton(DefaultSingletonBeanRegistry.java:346)
	at org.springframework.beans.factory.support.AbstractBeanFactory.doGetBean(AbstractBeanFactory.java:337)
	at org.springframework.beans.factory.support.AbstractBeanFactory.getBean(AbstractBeanFactory.java:207)
	at org.springframework.context.support.AbstractApplicationContext.finishBeanFactoryInitialization(AbstractApplicationContext.java:970)
	at org.springframework.context.support.AbstractApplicationContext.refresh(AbstractApplicationContext.java:627)
	at org.springframework.boot.web.servlet.context.ServletWebServerApplicationContext.refresh(ServletWebServerApplicationContext.java:146)
	at org.springframework.boot.SpringApplication.refresh(SpringApplication.java:752)
	at org.springframework.boot.SpringApplication.refreshContext(SpringApplication.java:439)
	at org.springframework.boot.SpringApplication.run(SpringApplication.java:318)
	at org.springframework.boot.SpringApplication.run(SpringApplication.java:1361)
	at org.springframework.boot.SpringApplication.run(SpringApplication.java:1350)
	at sn.fr.samagp.SamaGpApiApplication.main(SamaGpApiApplication.java:12)
	at java.base/jdk.internal.reflect.NativeMethodAccessorImpl.invoke0(Native Method)
	at java.base/jdk.internal.reflect.NativeMethodAccessorImpl.invoke(NativeMethodAccessorImpl.java:77)
	at java.base/jdk.internal.reflect.DelegatingMethodAccessorImpl.invoke(DelegatingMethodAccessorImpl.java:43)
	at java.base/java.lang.reflect.Method.invoke(Method.java:568)
	at org.springframework.boot.devtools.restart.RestartLauncher.run(RestartLauncher.java:50)
Caused by: org.hibernate.type.descriptor.java.spi.JdbcTypeRecommendationException: Could not determine recommended JdbcType for Java type 'sn.fr.samagp.repository.model.Itineraire'
	at org.hibernate.type.descriptor.java.spi.UnknownBasicJavaType.getRecommendedJdbcType(UnknownBasicJavaType.java:50)
	at org.hibernate.boot.model.process.internal.InferredBasicValueResolver.from(InferredBasicValueResolver.java:195)
	at org.hibernate.mapping.BasicValue.resolution(BasicValue.java:664)
	at org.hibernate.mapping.BasicValue.buildResolution(BasicValue.java:461)
	at org.hibernate.mapping.BasicValue.resolve(BasicValue.java:351)
	at org.hibernate.mapping.BasicValue.resolve(BasicValue.java:341)
	at org.hibernate.boot.internal.InFlightMetadataCollectorImpl.lambda$processValueResolvers$6(InFlightMetadataCollectorImpl.java:1827)
	at java.base/java.util.ArrayList.removeIf(ArrayList.java:1682)
	at java.base/java.util.ArrayList.removeIf(ArrayList.java:1660)
	at org.hibernate.boot.internal.InFlightMetadataCollectorImpl.processValueResolvers(InFlightMetadataCollectorImpl.java:1826)
	at org.hibernate.boot.internal.InFlightMetadataCollectorImpl.processSecondPasses(InFlightMetadataCollectorImpl.java:1812)
	at org.hibernate.boot.model.process.spi.MetadataBuildingProcess.complete(MetadataBuildingProcess.java:334)
	at org.hibernate.jpa.boot.internal.EntityManagerFactoryBuilderImpl.metadata(EntityManagerFactoryBuilderImpl.java:1442)
	at org.hibernate.jpa.boot.internal.EntityManagerFactoryBuilderImpl.build(EntityManagerFactoryBuilderImpl.java:1513)
	at org.springframework.orm.jpa.vendor.SpringHibernateJpaPersistenceProvider.createContainerEntityManagerFactory(SpringHibernateJpaPersistenceProvider.java:66)
	at org.springframework.orm.jpa.LocalContainerEntityManagerFactoryBean.createNativeEntityManagerFactory(LocalContainerEntityManagerFactoryBean.java:390)
	at org.springframework.orm.jpa.AbstractEntityManagerFactoryBean.buildNativeEntityManagerFactory(AbstractEntityManagerFactoryBean.java:419)
	at org.springframework.orm.jpa.AbstractEntityManagerFactoryBean.afterPropertiesSet(AbstractEntityManagerFactoryBean.java:400)
	at org.springframework.orm.jpa.LocalContainerEntityManagerFactoryBean.afterPropertiesSet(LocalContainerEntityManagerFactoryBean.java:366)
	at org.springframework.beans.factory.support.AbstractAutowireCapableBeanFactory.invokeInitMethods(AbstractAutowireCapableBeanFactory.java:1859)
	at org.springframework.beans.factory.support.AbstractAutowireCapableBeanFactory.initializeBean(AbstractAutowireCapableBeanFactory.java:1808)
	... 20 common frames omitted
2025-03-24 22:39:36.874 [] [] INFO  [restartedMain] sn.fr.samagp.SamaGpApiApplication - Starting SamaGpApiApplication using Java 17.0.7 with PID 23048 (/Users/mac/Desktop/samaGp/samagp-api-ms/target/classes started by mac in /Users/mac/Desktop/samaGp/samagp-api-ms)
2025-03-24 22:39:36.876 [] [] INFO  [restartedMain] sn.fr.samagp.SamaGpApiApplication - The following 1 profile is active: "dev"
2025-03-24 22:39:36.927 [] [] INFO  [restartedMain] o.s.b.d.e.DevToolsPropertyDefaultsPostProcessor - Devtools property defaults active! Set 'spring.devtools.add-properties' to 'false' to disable
2025-03-24 22:39:36.927 [] [] INFO  [restartedMain] o.s.b.d.e.DevToolsPropertyDefaultsPostProcessor - For additional web related logging consider setting the 'logging.level.web' property to 'DEBUG'
2025-03-24 22:39:37.938 [] [] INFO  [restartedMain] o.s.d.r.c.RepositoryConfigurationDelegate - Bootstrapping Spring Data JPA repositories in DEFAULT mode.
2025-03-24 22:39:38.159 [] [] INFO  [restartedMain] o.s.d.r.c.RepositoryConfigurationDelegate - Finished Spring Data repository scanning in 209 ms. Found 4 JPA repository interfaces.
2025-03-24 22:39:38.300 [] [] INFO  [restartedMain] o.s.i.c.DefaultConfiguringBeanFactoryPostProcessor - No bean named 'errorChannel' has been explicitly defined. Therefore, a default PublishSubscribeChannel will be created.
2025-03-24 22:39:38.317 [] [] INFO  [restartedMain] o.s.i.c.DefaultConfiguringBeanFactoryPostProcessor - No bean named 'integrationHeaderChannelRegistry' has been explicitly defined. Therefore, a default DefaultHeaderChannelRegistry will be created.
2025-03-24 22:39:39.010 [] [] INFO  [restartedMain] o.s.b.w.e.tomcat.TomcatWebServer - Tomcat initialized with port 8084 (http)
2025-03-24 22:39:39.027 [] [] INFO  [restartedMain] o.a.catalina.core.StandardService - Starting service [Tomcat]
2025-03-24 22:39:39.028 [] [] INFO  [restartedMain] o.a.catalina.core.StandardEngine - Starting Servlet engine: [Apache Tomcat/10.1.36]
2025-03-24 22:39:39.085 [] [] INFO  [restartedMain] o.a.c.c.C.[.[localhost].[/samagp] - Initializing Spring embedded WebApplicationContext
2025-03-24 22:39:39.085 [] [] INFO  [restartedMain] o.s.b.w.s.c.ServletWebServerApplicationContext - Root WebApplicationContext: initialization completed in 2157 ms
2025-03-24 22:39:39.281 [] [] INFO  [restartedMain] o.h.jpa.internal.util.LogHelper - HHH000204: Processing PersistenceUnitInfo [name: default]
2025-03-24 22:39:39.356 [] [] INFO  [restartedMain] org.hibernate.Version - HHH000412: Hibernate ORM core version 6.6.8.Final
2025-03-24 22:39:39.394 [] [] INFO  [restartedMain] o.h.c.i.RegionFactoryInitiator - HHH000026: Second-level cache disabled
2025-03-24 22:39:39.723 [] [] INFO  [restartedMain] o.s.o.j.p.SpringPersistenceUnitInfo - No LoadTimeWeaver setup: ignoring JPA class transformer
2025-03-24 22:39:39.756 [] [] INFO  [restartedMain] com.zaxxer.hikari.HikariDataSource - HikariPool-1 - Starting...
2025-03-24 22:39:40.918 [] [] WARN  [restartedMain] o.h.e.jdbc.spi.SqlExceptionHelper - SQL Error: 0, SQLState: 28P01
2025-03-24 22:39:40.919 [] [] ERROR [restartedMain] o.h.e.jdbc.spi.SqlExceptionHelper - FATAL: password authentication failed for user "samagp"
2025-03-24 22:39:40.920 [] [] WARN  [restartedMain] o.h.e.j.e.i.JdbcEnvironmentInitiator - HHH000342: Could not obtain connection to query metadata
org.hibernate.exception.GenericJDBCException: unable to obtain isolated JDBC connection [FATAL: password authentication failed for user "samagp"] [n/a]
	at org.hibernate.exception.internal.StandardSQLExceptionConverter.convert(StandardSQLExceptionConverter.java:63)
	at org.hibernate.engine.jdbc.spi.SqlExceptionHelper.convert(SqlExceptionHelper.java:108)
	at org.hibernate.engine.jdbc.spi.SqlExceptionHelper.convert(SqlExceptionHelper.java:94)
	at org.hibernate.resource.transaction.backend.jdbc.internal.JdbcIsolationDelegate.delegateWork(JdbcIsolationDelegate.java:116)
	at org.hibernate.engine.jdbc.env.internal.JdbcEnvironmentInitiator.getJdbcEnvironmentUsingJdbcMetadata(JdbcEnvironmentInitiator.java:320)
	at org.hibernate.engine.jdbc.env.internal.JdbcEnvironmentInitiator.initiateService(JdbcEnvironmentInitiator.java:129)
	at org.hibernate.engine.jdbc.env.internal.JdbcEnvironmentInitiator.initiateService(JdbcEnvironmentInitiator.java:81)
	at org.hibernate.boot.registry.internal.StandardServiceRegistryImpl.initiateService(StandardServiceRegistryImpl.java:130)
	at org.hibernate.service.internal.AbstractServiceRegistryImpl.createService(AbstractServiceRegistryImpl.java:263)
	at org.hibernate.service.internal.AbstractServiceRegistryImpl.initializeService(AbstractServiceRegistryImpl.java:238)
	at org.hibernate.service.internal.AbstractServiceRegistryImpl.getService(AbstractServiceRegistryImpl.java:215)
	at org.hibernate.boot.model.relational.Database.<init>(Database.java:45)
	at org.hibernate.boot.internal.InFlightMetadataCollectorImpl.getDatabase(InFlightMetadataCollectorImpl.java:226)
	at org.hibernate.boot.internal.InFlightMetadataCollectorImpl.<init>(InFlightMetadataCollectorImpl.java:194)
	at org.hibernate.boot.model.process.spi.MetadataBuildingProcess.complete(MetadataBuildingProcess.java:171)
	at org.hibernate.jpa.boot.internal.EntityManagerFactoryBuilderImpl.metadata(EntityManagerFactoryBuilderImpl.java:1442)
	at org.hibernate.jpa.boot.internal.EntityManagerFactoryBuilderImpl.build(EntityManagerFactoryBuilderImpl.java:1513)
	at org.springframework.orm.jpa.vendor.SpringHibernateJpaPersistenceProvider.createContainerEntityManagerFactory(SpringHibernateJpaPersistenceProvider.java:66)
	at org.springframework.orm.jpa.LocalContainerEntityManagerFactoryBean.createNativeEntityManagerFactory(LocalContainerEntityManagerFactoryBean.java:390)
	at org.springframework.orm.jpa.AbstractEntityManagerFactoryBean.buildNativeEntityManagerFactory(AbstractEntityManagerFactoryBean.java:419)
	at org.springframework.orm.jpa.AbstractEntityManagerFactoryBean.afterPropertiesSet(AbstractEntityManagerFactoryBean.java:400)
	at org.springframework.orm.jpa.LocalContainerEntityManagerFactoryBean.afterPropertiesSet(LocalContainerEntityManagerFactoryBean.java:366)
	at org.springframework.beans.factory.support.AbstractAutowireCapableBeanFactory.invokeInitMethods(AbstractAutowireCapableBeanFactory.java:1859)
	at org.springframework.beans.factory.support.AbstractAutowireCapableBeanFactory.initializeBean(AbstractAutowireCapableBeanFactory.java:1808)
	at org.springframework.beans.factory.support.AbstractAutowireCapableBeanFactory.doCreateBean(AbstractAutowireCapableBeanFactory.java:601)
	at org.springframework.beans.factory.support.AbstractAutowireCapableBeanFactory.createBean(AbstractAutowireCapableBeanFactory.java:523)
	at org.springframework.beans.factory.support.AbstractBeanFactory.lambda$doGetBean$0(AbstractBeanFactory.java:339)
	at org.springframework.beans.factory.support.DefaultSingletonBeanRegistry.getSingleton(DefaultSingletonBeanRegistry.java:346)
	at org.springframework.beans.factory.support.AbstractBeanFactory.doGetBean(AbstractBeanFactory.java:337)
	at org.springframework.beans.factory.support.AbstractBeanFactory.getBean(AbstractBeanFactory.java:207)
	at org.springframework.context.support.AbstractApplicationContext.finishBeanFactoryInitialization(AbstractApplicationContext.java:970)
	at org.springframework.context.support.AbstractApplicationContext.refresh(AbstractApplicationContext.java:627)
	at org.springframework.boot.web.servlet.context.ServletWebServerApplicationContext.refresh(ServletWebServerApplicationContext.java:146)
	at org.springframework.boot.SpringApplication.refresh(SpringApplication.java:752)
	at org.springframework.boot.SpringApplication.refreshContext(SpringApplication.java:439)
	at org.springframework.boot.SpringApplication.run(SpringApplication.java:318)
	at org.springframework.boot.SpringApplication.run(SpringApplication.java:1361)
	at org.springframework.boot.SpringApplication.run(SpringApplication.java:1350)
	at sn.fr.samagp.SamaGpApiApplication.main(SamaGpApiApplication.java:12)
	at java.base/jdk.internal.reflect.NativeMethodAccessorImpl.invoke0(Native Method)
	at java.base/jdk.internal.reflect.NativeMethodAccessorImpl.invoke(NativeMethodAccessorImpl.java:77)
	at java.base/jdk.internal.reflect.DelegatingMethodAccessorImpl.invoke(DelegatingMethodAccessorImpl.java:43)
	at java.base/java.lang.reflect.Method.invoke(Method.java:568)
	at org.springframework.boot.devtools.restart.RestartLauncher.run(RestartLauncher.java:50)
Caused by: org.postgresql.util.PSQLException: FATAL: password authentication failed for user "samagp"
	at org.postgresql.core.v3.ConnectionFactoryImpl.doAuthentication(ConnectionFactoryImpl.java:704)
	at org.postgresql.core.v3.ConnectionFactoryImpl.tryConnect(ConnectionFactoryImpl.java:213)
	at org.postgresql.core.v3.ConnectionFactoryImpl.openConnectionImpl(ConnectionFactoryImpl.java:268)
	at org.postgresql.core.ConnectionFactory.openConnection(ConnectionFactory.java:54)
	at org.postgresql.jdbc.PgConnection.<init>(PgConnection.java:273)
	at org.postgresql.Driver.makeConnection(Driver.java:446)
	at org.postgresql.Driver.connect(Driver.java:298)
	at com.zaxxer.hikari.util.DriverDataSource.getConnection(DriverDataSource.java:137)
	at com.zaxxer.hikari.pool.PoolBase.newConnection(PoolBase.java:360)
	at com.zaxxer.hikari.pool.PoolBase.newPoolEntry(PoolBase.java:202)
	at com.zaxxer.hikari.pool.HikariPool.createPoolEntry(HikariPool.java:461)
	at com.zaxxer.hikari.pool.HikariPool.checkFailFast(HikariPool.java:550)
	at com.zaxxer.hikari.pool.HikariPool.<init>(HikariPool.java:98)
	at com.zaxxer.hikari.HikariDataSource.getConnection(HikariDataSource.java:111)
	at org.hibernate.engine.jdbc.connections.internal.DatasourceConnectionProviderImpl.getConnection(DatasourceConnectionProviderImpl.java:126)
	at org.hibernate.engine.jdbc.env.internal.JdbcEnvironmentInitiator$ConnectionProviderJdbcConnectionAccess.obtainConnection(JdbcEnvironmentInitiator.java:467)
	at org.hibernate.resource.transaction.backend.jdbc.internal.JdbcIsolationDelegate.delegateWork(JdbcIsolationDelegate.java:61)
	... 40 common frames omitted
2025-03-24 22:39:40.947 [] [] WARN  [restartedMain] org.hibernate.orm.deprecation - HHH90000025: PostgreSQLDialect does not need to be specified explicitly using 'hibernate.dialect' (remove the property setting and it will be selected by default)
2025-03-24 22:39:40.961 [] [] INFO  [restartedMain] o.hibernate.orm.connections.pooling - HHH10001005: Database info:
	Database JDBC URL [Connecting through datasource 'HikariDataSource (null)']
	Database driver: undefined/unknown
	Database version: 12.0
	Autocommit mode: undefined/unknown
	Isolation level: undefined/unknown
	Minimum pool size: undefined/unknown
	Maximum pool size: undefined/unknown
2025-03-24 22:39:41.252 [] [] ERROR [restartedMain] o.s.o.j.LocalContainerEntityManagerFactoryBean - Failed to initialize JPA EntityManagerFactory: Could not determine recommended JdbcType for Java type 'sn.fr.samagp.repository.model.Itineraire'
2025-03-24 22:39:41.253 [] [] WARN  [restartedMain] o.s.b.w.s.c.AnnotationConfigServletWebServerApplicationContext - Exception encountered during context initialization - cancelling refresh attempt: org.springframework.beans.factory.BeanCreationException: Error creating bean with name 'entityManagerFactory' defined in class path resource [org/springframework/boot/autoconfigure/orm/jpa/HibernateJpaConfiguration.class]: Could not determine recommended JdbcType for Java type 'sn.fr.samagp.repository.model.Itineraire'
2025-03-24 22:39:41.257 [] [] INFO  [restartedMain] o.a.catalina.core.StandardService - Stopping service [Tomcat]
2025-03-24 22:39:41.272 [] [] INFO  [restartedMain] o.s.b.a.l.ConditionEvaluationReportLogger - 

Error starting ApplicationContext. To display the condition evaluation report re-run your application with 'debug' enabled.
2025-03-24 22:39:41.294 [] [] ERROR [restartedMain] o.s.boot.SpringApplication - Application run failed
org.springframework.beans.factory.BeanCreationException: Error creating bean with name 'entityManagerFactory' defined in class path resource [org/springframework/boot/autoconfigure/orm/jpa/HibernateJpaConfiguration.class]: Could not determine recommended JdbcType for Java type 'sn.fr.samagp.repository.model.Itineraire'
	at org.springframework.beans.factory.support.AbstractAutowireCapableBeanFactory.initializeBean(AbstractAutowireCapableBeanFactory.java:1812)
	at org.springframework.beans.factory.support.AbstractAutowireCapableBeanFactory.doCreateBean(AbstractAutowireCapableBeanFactory.java:601)
	at org.springframework.beans.factory.support.AbstractAutowireCapableBeanFactory.createBean(AbstractAutowireCapableBeanFactory.java:523)
	at org.springframework.beans.factory.support.AbstractBeanFactory.lambda$doGetBean$0(AbstractBeanFactory.java:339)
	at org.springframework.beans.factory.support.DefaultSingletonBeanRegistry.getSingleton(DefaultSingletonBeanRegistry.java:346)
	at org.springframework.beans.factory.support.AbstractBeanFactory.doGetBean(AbstractBeanFactory.java:337)
	at org.springframework.beans.factory.support.AbstractBeanFactory.getBean(AbstractBeanFactory.java:207)
	at org.springframework.context.support.AbstractApplicationContext.finishBeanFactoryInitialization(AbstractApplicationContext.java:970)
	at org.springframework.context.support.AbstractApplicationContext.refresh(AbstractApplicationContext.java:627)
	at org.springframework.boot.web.servlet.context.ServletWebServerApplicationContext.refresh(ServletWebServerApplicationContext.java:146)
	at org.springframework.boot.SpringApplication.refresh(SpringApplication.java:752)
	at org.springframework.boot.SpringApplication.refreshContext(SpringApplication.java:439)
	at org.springframework.boot.SpringApplication.run(SpringApplication.java:318)
	at org.springframework.boot.SpringApplication.run(SpringApplication.java:1361)
	at org.springframework.boot.SpringApplication.run(SpringApplication.java:1350)
	at sn.fr.samagp.SamaGpApiApplication.main(SamaGpApiApplication.java:12)
	at java.base/jdk.internal.reflect.NativeMethodAccessorImpl.invoke0(Native Method)
	at java.base/jdk.internal.reflect.NativeMethodAccessorImpl.invoke(NativeMethodAccessorImpl.java:77)
	at java.base/jdk.internal.reflect.DelegatingMethodAccessorImpl.invoke(DelegatingMethodAccessorImpl.java:43)
	at java.base/java.lang.reflect.Method.invoke(Method.java:568)
	at org.springframework.boot.devtools.restart.RestartLauncher.run(RestartLauncher.java:50)
Caused by: org.hibernate.type.descriptor.java.spi.JdbcTypeRecommendationException: Could not determine recommended JdbcType for Java type 'sn.fr.samagp.repository.model.Itineraire'
	at org.hibernate.type.descriptor.java.spi.UnknownBasicJavaType.getRecommendedJdbcType(UnknownBasicJavaType.java:50)
	at org.hibernate.boot.model.process.internal.InferredBasicValueResolver.from(InferredBasicValueResolver.java:195)
	at org.hibernate.mapping.BasicValue.resolution(BasicValue.java:664)
	at org.hibernate.mapping.BasicValue.buildResolution(BasicValue.java:461)
	at org.hibernate.mapping.BasicValue.resolve(BasicValue.java:351)
	at org.hibernate.mapping.BasicValue.resolve(BasicValue.java:341)
	at org.hibernate.boot.internal.InFlightMetadataCollectorImpl.lambda$processValueResolvers$6(InFlightMetadataCollectorImpl.java:1827)
	at java.base/java.util.ArrayList.removeIf(ArrayList.java:1682)
	at java.base/java.util.ArrayList.removeIf(ArrayList.java:1660)
	at org.hibernate.boot.internal.InFlightMetadataCollectorImpl.processValueResolvers(InFlightMetadataCollectorImpl.java:1826)
	at org.hibernate.boot.internal.InFlightMetadataCollectorImpl.processSecondPasses(InFlightMetadataCollectorImpl.java:1812)
	at org.hibernate.boot.model.process.spi.MetadataBuildingProcess.complete(MetadataBuildingProcess.java:334)
	at org.hibernate.jpa.boot.internal.EntityManagerFactoryBuilderImpl.metadata(EntityManagerFactoryBuilderImpl.java:1442)
	at org.hibernate.jpa.boot.internal.EntityManagerFactoryBuilderImpl.build(EntityManagerFactoryBuilderImpl.java:1513)
	at org.springframework.orm.jpa.vendor.SpringHibernateJpaPersistenceProvider.createContainerEntityManagerFactory(SpringHibernateJpaPersistenceProvider.java:66)
	at org.springframework.orm.jpa.LocalContainerEntityManagerFactoryBean.createNativeEntityManagerFactory(LocalContainerEntityManagerFactoryBean.java:390)
	at org.springframework.orm.jpa.AbstractEntityManagerFactoryBean.buildNativeEntityManagerFactory(AbstractEntityManagerFactoryBean.java:419)
	at org.springframework.orm.jpa.AbstractEntityManagerFactoryBean.afterPropertiesSet(AbstractEntityManagerFactoryBean.java:400)
	at org.springframework.orm.jpa.LocalContainerEntityManagerFactoryBean.afterPropertiesSet(LocalContainerEntityManagerFactoryBean.java:366)
	at org.springframework.beans.factory.support.AbstractAutowireCapableBeanFactory.invokeInitMethods(AbstractAutowireCapableBeanFactory.java:1859)
	at org.springframework.beans.factory.support.AbstractAutowireCapableBeanFactory.initializeBean(AbstractAutowireCapableBeanFactory.java:1808)
	... 20 common frames omitted
2025-03-24 22:42:12.892 [] [] INFO  [restartedMain] sn.fr.samagp.SamaGpApiApplication - Starting SamaGpApiApplication using Java 17.0.7 with PID 24470 (/Users/mac/Desktop/samaGp/samagp-api-ms/target/classes started by mac in /Users/mac/Desktop/samaGp/samagp-api-ms)
2025-03-24 22:42:12.894 [] [] INFO  [restartedMain] sn.fr.samagp.SamaGpApiApplication - The following 1 profile is active: "dev"
2025-03-24 22:42:12.947 [] [] INFO  [restartedMain] o.s.b.d.e.DevToolsPropertyDefaultsPostProcessor - Devtools property defaults active! Set 'spring.devtools.add-properties' to 'false' to disable
2025-03-24 22:42:12.948 [] [] INFO  [restartedMain] o.s.b.d.e.DevToolsPropertyDefaultsPostProcessor - For additional web related logging consider setting the 'logging.level.web' property to 'DEBUG'
2025-03-24 22:42:14.282 [] [] INFO  [restartedMain] o.s.d.r.c.RepositoryConfigurationDelegate - Bootstrapping Spring Data JPA repositories in DEFAULT mode.
2025-03-24 22:42:14.652 [] [] INFO  [restartedMain] o.s.d.r.c.RepositoryConfigurationDelegate - Finished Spring Data repository scanning in 349 ms. Found 4 JPA repository interfaces.
2025-03-24 22:42:14.846 [] [] INFO  [restartedMain] o.s.i.c.DefaultConfiguringBeanFactoryPostProcessor - No bean named 'errorChannel' has been explicitly defined. Therefore, a default PublishSubscribeChannel will be created.
2025-03-24 22:42:14.861 [] [] INFO  [restartedMain] o.s.i.c.DefaultConfiguringBeanFactoryPostProcessor - No bean named 'integrationHeaderChannelRegistry' has been explicitly defined. Therefore, a default DefaultHeaderChannelRegistry will be created.
2025-03-24 22:42:15.539 [] [] INFO  [restartedMain] o.s.b.w.e.tomcat.TomcatWebServer - Tomcat initialized with port 8084 (http)
2025-03-24 22:42:15.561 [] [] INFO  [restartedMain] o.a.catalina.core.StandardService - Starting service [Tomcat]
2025-03-24 22:42:15.561 [] [] INFO  [restartedMain] o.a.catalina.core.StandardEngine - Starting Servlet engine: [Apache Tomcat/10.1.36]
2025-03-24 22:42:15.617 [] [] INFO  [restartedMain] o.a.c.c.C.[.[localhost].[/samagp] - Initializing Spring embedded WebApplicationContext
2025-03-24 22:42:15.618 [] [] INFO  [restartedMain] o.s.b.w.s.c.ServletWebServerApplicationContext - Root WebApplicationContext: initialization completed in 2669 ms
2025-03-24 22:42:15.821 [] [] INFO  [restartedMain] o.h.jpa.internal.util.LogHelper - HHH000204: Processing PersistenceUnitInfo [name: default]
2025-03-24 22:42:15.894 [] [] INFO  [restartedMain] org.hibernate.Version - HHH000412: Hibernate ORM core version 6.6.8.Final
2025-03-24 22:42:15.933 [] [] INFO  [restartedMain] o.h.c.i.RegionFactoryInitiator - HHH000026: Second-level cache disabled
2025-03-24 22:42:16.259 [] [] INFO  [restartedMain] o.s.o.j.p.SpringPersistenceUnitInfo - No LoadTimeWeaver setup: ignoring JPA class transformer
2025-03-24 22:42:16.291 [] [] INFO  [restartedMain] com.zaxxer.hikari.HikariDataSource - HikariPool-1 - Starting...
2025-03-24 22:42:17.456 [] [] WARN  [restartedMain] o.h.e.jdbc.spi.SqlExceptionHelper - SQL Error: 0, SQLState: 28P01
2025-03-24 22:42:17.456 [] [] ERROR [restartedMain] o.h.e.jdbc.spi.SqlExceptionHelper - FATAL: password authentication failed for user "samagp"
2025-03-24 22:42:17.458 [] [] WARN  [restartedMain] o.h.e.j.e.i.JdbcEnvironmentInitiator - HHH000342: Could not obtain connection to query metadata
org.hibernate.exception.GenericJDBCException: unable to obtain isolated JDBC connection [FATAL: password authentication failed for user "samagp"] [n/a]
	at org.hibernate.exception.internal.StandardSQLExceptionConverter.convert(StandardSQLExceptionConverter.java:63)
	at org.hibernate.engine.jdbc.spi.SqlExceptionHelper.convert(SqlExceptionHelper.java:108)
	at org.hibernate.engine.jdbc.spi.SqlExceptionHelper.convert(SqlExceptionHelper.java:94)
	at org.hibernate.resource.transaction.backend.jdbc.internal.JdbcIsolationDelegate.delegateWork(JdbcIsolationDelegate.java:116)
	at org.hibernate.engine.jdbc.env.internal.JdbcEnvironmentInitiator.getJdbcEnvironmentUsingJdbcMetadata(JdbcEnvironmentInitiator.java:320)
	at org.hibernate.engine.jdbc.env.internal.JdbcEnvironmentInitiator.initiateService(JdbcEnvironmentInitiator.java:129)
	at org.hibernate.engine.jdbc.env.internal.JdbcEnvironmentInitiator.initiateService(JdbcEnvironmentInitiator.java:81)
	at org.hibernate.boot.registry.internal.StandardServiceRegistryImpl.initiateService(StandardServiceRegistryImpl.java:130)
	at org.hibernate.service.internal.AbstractServiceRegistryImpl.createService(AbstractServiceRegistryImpl.java:263)
	at org.hibernate.service.internal.AbstractServiceRegistryImpl.initializeService(AbstractServiceRegistryImpl.java:238)
	at org.hibernate.service.internal.AbstractServiceRegistryImpl.getService(AbstractServiceRegistryImpl.java:215)
	at org.hibernate.boot.model.relational.Database.<init>(Database.java:45)
	at org.hibernate.boot.internal.InFlightMetadataCollectorImpl.getDatabase(InFlightMetadataCollectorImpl.java:226)
	at org.hibernate.boot.internal.InFlightMetadataCollectorImpl.<init>(InFlightMetadataCollectorImpl.java:194)
	at org.hibernate.boot.model.process.spi.MetadataBuildingProcess.complete(MetadataBuildingProcess.java:171)
	at org.hibernate.jpa.boot.internal.EntityManagerFactoryBuilderImpl.metadata(EntityManagerFactoryBuilderImpl.java:1442)
	at org.hibernate.jpa.boot.internal.EntityManagerFactoryBuilderImpl.build(EntityManagerFactoryBuilderImpl.java:1513)
	at org.springframework.orm.jpa.vendor.SpringHibernateJpaPersistenceProvider.createContainerEntityManagerFactory(SpringHibernateJpaPersistenceProvider.java:66)
	at org.springframework.orm.jpa.LocalContainerEntityManagerFactoryBean.createNativeEntityManagerFactory(LocalContainerEntityManagerFactoryBean.java:390)
	at org.springframework.orm.jpa.AbstractEntityManagerFactoryBean.buildNativeEntityManagerFactory(AbstractEntityManagerFactoryBean.java:419)
	at org.springframework.orm.jpa.AbstractEntityManagerFactoryBean.afterPropertiesSet(AbstractEntityManagerFactoryBean.java:400)
	at org.springframework.orm.jpa.LocalContainerEntityManagerFactoryBean.afterPropertiesSet(LocalContainerEntityManagerFactoryBean.java:366)
	at org.springframework.beans.factory.support.AbstractAutowireCapableBeanFactory.invokeInitMethods(AbstractAutowireCapableBeanFactory.java:1859)
	at org.springframework.beans.factory.support.AbstractAutowireCapableBeanFactory.initializeBean(AbstractAutowireCapableBeanFactory.java:1808)
	at org.springframework.beans.factory.support.AbstractAutowireCapableBeanFactory.doCreateBean(AbstractAutowireCapableBeanFactory.java:601)
	at org.springframework.beans.factory.support.AbstractAutowireCapableBeanFactory.createBean(AbstractAutowireCapableBeanFactory.java:523)
	at org.springframework.beans.factory.support.AbstractBeanFactory.lambda$doGetBean$0(AbstractBeanFactory.java:339)
	at org.springframework.beans.factory.support.DefaultSingletonBeanRegistry.getSingleton(DefaultSingletonBeanRegistry.java:346)
	at org.springframework.beans.factory.support.AbstractBeanFactory.doGetBean(AbstractBeanFactory.java:337)
	at org.springframework.beans.factory.support.AbstractBeanFactory.getBean(AbstractBeanFactory.java:207)
	at org.springframework.context.support.AbstractApplicationContext.finishBeanFactoryInitialization(AbstractApplicationContext.java:970)
	at org.springframework.context.support.AbstractApplicationContext.refresh(AbstractApplicationContext.java:627)
	at org.springframework.boot.web.servlet.context.ServletWebServerApplicationContext.refresh(ServletWebServerApplicationContext.java:146)
	at org.springframework.boot.SpringApplication.refresh(SpringApplication.java:752)
	at org.springframework.boot.SpringApplication.refreshContext(SpringApplication.java:439)
	at org.springframework.boot.SpringApplication.run(SpringApplication.java:318)
	at org.springframework.boot.SpringApplication.run(SpringApplication.java:1361)
	at org.springframework.boot.SpringApplication.run(SpringApplication.java:1350)
	at sn.fr.samagp.SamaGpApiApplication.main(SamaGpApiApplication.java:12)
	at java.base/jdk.internal.reflect.NativeMethodAccessorImpl.invoke0(Native Method)
	at java.base/jdk.internal.reflect.NativeMethodAccessorImpl.invoke(NativeMethodAccessorImpl.java:77)
	at java.base/jdk.internal.reflect.DelegatingMethodAccessorImpl.invoke(DelegatingMethodAccessorImpl.java:43)
	at java.base/java.lang.reflect.Method.invoke(Method.java:568)
	at org.springframework.boot.devtools.restart.RestartLauncher.run(RestartLauncher.java:50)
Caused by: org.postgresql.util.PSQLException: FATAL: password authentication failed for user "samagp"
	at org.postgresql.core.v3.ConnectionFactoryImpl.doAuthentication(ConnectionFactoryImpl.java:704)
	at org.postgresql.core.v3.ConnectionFactoryImpl.tryConnect(ConnectionFactoryImpl.java:213)
	at org.postgresql.core.v3.ConnectionFactoryImpl.openConnectionImpl(ConnectionFactoryImpl.java:268)
	at org.postgresql.core.ConnectionFactory.openConnection(ConnectionFactory.java:54)
	at org.postgresql.jdbc.PgConnection.<init>(PgConnection.java:273)
	at org.postgresql.Driver.makeConnection(Driver.java:446)
	at org.postgresql.Driver.connect(Driver.java:298)
	at com.zaxxer.hikari.util.DriverDataSource.getConnection(DriverDataSource.java:137)
	at com.zaxxer.hikari.pool.PoolBase.newConnection(PoolBase.java:360)
	at com.zaxxer.hikari.pool.PoolBase.newPoolEntry(PoolBase.java:202)
	at com.zaxxer.hikari.pool.HikariPool.createPoolEntry(HikariPool.java:461)
	at com.zaxxer.hikari.pool.HikariPool.checkFailFast(HikariPool.java:550)
	at com.zaxxer.hikari.pool.HikariPool.<init>(HikariPool.java:98)
	at com.zaxxer.hikari.HikariDataSource.getConnection(HikariDataSource.java:111)
	at org.hibernate.engine.jdbc.connections.internal.DatasourceConnectionProviderImpl.getConnection(DatasourceConnectionProviderImpl.java:126)
	at org.hibernate.engine.jdbc.env.internal.JdbcEnvironmentInitiator$ConnectionProviderJdbcConnectionAccess.obtainConnection(JdbcEnvironmentInitiator.java:467)
	at org.hibernate.resource.transaction.backend.jdbc.internal.JdbcIsolationDelegate.delegateWork(JdbcIsolationDelegate.java:61)
	... 40 common frames omitted
2025-03-24 22:42:17.484 [] [] WARN  [restartedMain] org.hibernate.orm.deprecation - HHH90000025: PostgreSQLDialect does not need to be specified explicitly using 'hibernate.dialect' (remove the property setting and it will be selected by default)
2025-03-24 22:42:17.499 [] [] INFO  [restartedMain] o.hibernate.orm.connections.pooling - HHH10001005: Database info:
	Database JDBC URL [Connecting through datasource 'HikariDataSource (null)']
	Database driver: undefined/unknown
	Database version: 12.0
	Autocommit mode: undefined/unknown
	Isolation level: undefined/unknown
	Minimum pool size: undefined/unknown
	Maximum pool size: undefined/unknown
2025-03-24 22:42:17.793 [] [] ERROR [restartedMain] o.s.o.j.LocalContainerEntityManagerFactoryBean - Failed to initialize JPA EntityManagerFactory: Could not determine recommended JdbcType for Java type 'sn.fr.samagp.repository.model.Itineraire'
2025-03-24 22:42:17.794 [] [] WARN  [restartedMain] o.s.b.w.s.c.AnnotationConfigServletWebServerApplicationContext - Exception encountered during context initialization - cancelling refresh attempt: org.springframework.beans.factory.BeanCreationException: Error creating bean with name 'entityManagerFactory' defined in class path resource [org/springframework/boot/autoconfigure/orm/jpa/HibernateJpaConfiguration.class]: Could not determine recommended JdbcType for Java type 'sn.fr.samagp.repository.model.Itineraire'
2025-03-24 22:42:17.799 [] [] INFO  [restartedMain] o.a.catalina.core.StandardService - Stopping service [Tomcat]
2025-03-24 22:42:17.814 [] [] INFO  [restartedMain] o.s.b.a.l.ConditionEvaluationReportLogger - 

Error starting ApplicationContext. To display the condition evaluation report re-run your application with 'debug' enabled.
2025-03-24 22:42:17.836 [] [] ERROR [restartedMain] o.s.boot.SpringApplication - Application run failed
org.springframework.beans.factory.BeanCreationException: Error creating bean with name 'entityManagerFactory' defined in class path resource [org/springframework/boot/autoconfigure/orm/jpa/HibernateJpaConfiguration.class]: Could not determine recommended JdbcType for Java type 'sn.fr.samagp.repository.model.Itineraire'
	at org.springframework.beans.factory.support.AbstractAutowireCapableBeanFactory.initializeBean(AbstractAutowireCapableBeanFactory.java:1812)
	at org.springframework.beans.factory.support.AbstractAutowireCapableBeanFactory.doCreateBean(AbstractAutowireCapableBeanFactory.java:601)
	at org.springframework.beans.factory.support.AbstractAutowireCapableBeanFactory.createBean(AbstractAutowireCapableBeanFactory.java:523)
	at org.springframework.beans.factory.support.AbstractBeanFactory.lambda$doGetBean$0(AbstractBeanFactory.java:339)
	at org.springframework.beans.factory.support.DefaultSingletonBeanRegistry.getSingleton(DefaultSingletonBeanRegistry.java:346)
	at org.springframework.beans.factory.support.AbstractBeanFactory.doGetBean(AbstractBeanFactory.java:337)
	at org.springframework.beans.factory.support.AbstractBeanFactory.getBean(AbstractBeanFactory.java:207)
	at org.springframework.context.support.AbstractApplicationContext.finishBeanFactoryInitialization(AbstractApplicationContext.java:970)
	at org.springframework.context.support.AbstractApplicationContext.refresh(AbstractApplicationContext.java:627)
	at org.springframework.boot.web.servlet.context.ServletWebServerApplicationContext.refresh(ServletWebServerApplicationContext.java:146)
	at org.springframework.boot.SpringApplication.refresh(SpringApplication.java:752)
	at org.springframework.boot.SpringApplication.refreshContext(SpringApplication.java:439)
	at org.springframework.boot.SpringApplication.run(SpringApplication.java:318)
	at org.springframework.boot.SpringApplication.run(SpringApplication.java:1361)
	at org.springframework.boot.SpringApplication.run(SpringApplication.java:1350)
	at sn.fr.samagp.SamaGpApiApplication.main(SamaGpApiApplication.java:12)
	at java.base/jdk.internal.reflect.NativeMethodAccessorImpl.invoke0(Native Method)
	at java.base/jdk.internal.reflect.NativeMethodAccessorImpl.invoke(NativeMethodAccessorImpl.java:77)
	at java.base/jdk.internal.reflect.DelegatingMethodAccessorImpl.invoke(DelegatingMethodAccessorImpl.java:43)
	at java.base/java.lang.reflect.Method.invoke(Method.java:568)
	at org.springframework.boot.devtools.restart.RestartLauncher.run(RestartLauncher.java:50)
Caused by: org.hibernate.type.descriptor.java.spi.JdbcTypeRecommendationException: Could not determine recommended JdbcType for Java type 'sn.fr.samagp.repository.model.Itineraire'
	at org.hibernate.type.descriptor.java.spi.UnknownBasicJavaType.getRecommendedJdbcType(UnknownBasicJavaType.java:50)
	at org.hibernate.boot.model.process.internal.InferredBasicValueResolver.from(InferredBasicValueResolver.java:195)
	at org.hibernate.mapping.BasicValue.resolution(BasicValue.java:664)
	at org.hibernate.mapping.BasicValue.buildResolution(BasicValue.java:461)
	at org.hibernate.mapping.BasicValue.resolve(BasicValue.java:351)
	at org.hibernate.mapping.BasicValue.resolve(BasicValue.java:341)
	at org.hibernate.boot.internal.InFlightMetadataCollectorImpl.lambda$processValueResolvers$6(InFlightMetadataCollectorImpl.java:1827)
	at java.base/java.util.ArrayList.removeIf(ArrayList.java:1682)
	at java.base/java.util.ArrayList.removeIf(ArrayList.java:1660)
	at org.hibernate.boot.internal.InFlightMetadataCollectorImpl.processValueResolvers(InFlightMetadataCollectorImpl.java:1826)
	at org.hibernate.boot.internal.InFlightMetadataCollectorImpl.processSecondPasses(InFlightMetadataCollectorImpl.java:1812)
	at org.hibernate.boot.model.process.spi.MetadataBuildingProcess.complete(MetadataBuildingProcess.java:334)
	at org.hibernate.jpa.boot.internal.EntityManagerFactoryBuilderImpl.metadata(EntityManagerFactoryBuilderImpl.java:1442)
	at org.hibernate.jpa.boot.internal.EntityManagerFactoryBuilderImpl.build(EntityManagerFactoryBuilderImpl.java:1513)
	at org.springframework.orm.jpa.vendor.SpringHibernateJpaPersistenceProvider.createContainerEntityManagerFactory(SpringHibernateJpaPersistenceProvider.java:66)
	at org.springframework.orm.jpa.LocalContainerEntityManagerFactoryBean.createNativeEntityManagerFactory(LocalContainerEntityManagerFactoryBean.java:390)
	at org.springframework.orm.jpa.AbstractEntityManagerFactoryBean.buildNativeEntityManagerFactory(AbstractEntityManagerFactoryBean.java:419)
	at org.springframework.orm.jpa.AbstractEntityManagerFactoryBean.afterPropertiesSet(AbstractEntityManagerFactoryBean.java:400)
	at org.springframework.orm.jpa.LocalContainerEntityManagerFactoryBean.afterPropertiesSet(LocalContainerEntityManagerFactoryBean.java:366)
	at org.springframework.beans.factory.support.AbstractAutowireCapableBeanFactory.invokeInitMethods(AbstractAutowireCapableBeanFactory.java:1859)
	at org.springframework.beans.factory.support.AbstractAutowireCapableBeanFactory.initializeBean(AbstractAutowireCapableBeanFactory.java:1808)
	... 20 common frames omitted
2025-03-24 22:42:59.258 [] [] INFO  [restartedMain] sn.fr.samagp.SamaGpApiApplication - Starting SamaGpApiApplication using Java 17.0.7 with PID 24832 (/Users/mac/Desktop/samaGp/samagp-api-ms/target/classes started by mac in /Users/mac/Desktop/samaGp/samagp-api-ms)
2025-03-24 22:42:59.261 [] [] INFO  [restartedMain] sn.fr.samagp.SamaGpApiApplication - The following 1 profile is active: "dev"
2025-03-24 22:42:59.328 [] [] INFO  [restartedMain] o.s.b.d.e.DevToolsPropertyDefaultsPostProcessor - Devtools property defaults active! Set 'spring.devtools.add-properties' to 'false' to disable
2025-03-24 22:42:59.329 [] [] INFO  [restartedMain] o.s.b.d.e.DevToolsPropertyDefaultsPostProcessor - For additional web related logging consider setting the 'logging.level.web' property to 'DEBUG'
2025-03-24 22:43:00.298 [] [] INFO  [restartedMain] o.s.d.r.c.RepositoryConfigurationDelegate - Bootstrapping Spring Data JPA repositories in DEFAULT mode.
2025-03-24 22:43:00.452 [] [] INFO  [restartedMain] o.s.d.r.c.RepositoryConfigurationDelegate - Finished Spring Data repository scanning in 144 ms. Found 4 JPA repository interfaces.
2025-03-24 22:43:00.602 [] [] INFO  [restartedMain] o.s.i.c.DefaultConfiguringBeanFactoryPostProcessor - No bean named 'errorChannel' has been explicitly defined. Therefore, a default PublishSubscribeChannel will be created.
2025-03-24 22:43:00.609 [] [] INFO  [restartedMain] o.s.i.c.DefaultConfiguringBeanFactoryPostProcessor - No bean named 'integrationHeaderChannelRegistry' has been explicitly defined. Therefore, a default DefaultHeaderChannelRegistry will be created.
2025-03-24 22:43:01.204 [] [] INFO  [restartedMain] o.s.b.w.e.tomcat.TomcatWebServer - Tomcat initialized with port 8084 (http)
2025-03-24 22:43:01.216 [] [] INFO  [restartedMain] o.a.catalina.core.StandardService - Starting service [Tomcat]
2025-03-24 22:43:01.216 [] [] INFO  [restartedMain] o.a.catalina.core.StandardEngine - Starting Servlet engine: [Apache Tomcat/10.1.36]
2025-03-24 22:43:01.264 [] [] INFO  [restartedMain] o.a.c.c.C.[.[localhost].[/samagp] - Initializing Spring embedded WebApplicationContext
2025-03-24 22:43:01.264 [] [] INFO  [restartedMain] o.s.b.w.s.c.ServletWebServerApplicationContext - Root WebApplicationContext: initialization completed in 1935 ms
2025-03-24 22:43:01.400 [] [] INFO  [restartedMain] o.h.jpa.internal.util.LogHelper - HHH000204: Processing PersistenceUnitInfo [name: default]
2025-03-24 22:43:01.466 [] [] INFO  [restartedMain] org.hibernate.Version - HHH000412: Hibernate ORM core version 6.6.8.Final
2025-03-24 22:43:01.518 [] [] INFO  [restartedMain] o.h.c.i.RegionFactoryInitiator - HHH000026: Second-level cache disabled
2025-03-24 22:43:01.923 [] [] INFO  [restartedMain] o.s.o.j.p.SpringPersistenceUnitInfo - No LoadTimeWeaver setup: ignoring JPA class transformer
2025-03-24 22:43:01.970 [] [] INFO  [restartedMain] com.zaxxer.hikari.HikariDataSource - HikariPool-1 - Starting...
2025-03-24 22:43:03.176 [] [] WARN  [restartedMain] o.h.e.jdbc.spi.SqlExceptionHelper - SQL Error: 0, SQLState: 28P01
2025-03-24 22:43:03.176 [] [] ERROR [restartedMain] o.h.e.jdbc.spi.SqlExceptionHelper - FATAL: password authentication failed for user "samagp"
2025-03-24 22:43:03.177 [] [] WARN  [restartedMain] o.h.e.j.e.i.JdbcEnvironmentInitiator - HHH000342: Could not obtain connection to query metadata
org.hibernate.exception.GenericJDBCException: unable to obtain isolated JDBC connection [FATAL: password authentication failed for user "samagp"] [n/a]
	at org.hibernate.exception.internal.StandardSQLExceptionConverter.convert(StandardSQLExceptionConverter.java:63)
	at org.hibernate.engine.jdbc.spi.SqlExceptionHelper.convert(SqlExceptionHelper.java:108)
	at org.hibernate.engine.jdbc.spi.SqlExceptionHelper.convert(SqlExceptionHelper.java:94)
	at org.hibernate.resource.transaction.backend.jdbc.internal.JdbcIsolationDelegate.delegateWork(JdbcIsolationDelegate.java:116)
	at org.hibernate.engine.jdbc.env.internal.JdbcEnvironmentInitiator.getJdbcEnvironmentUsingJdbcMetadata(JdbcEnvironmentInitiator.java:320)
	at org.hibernate.engine.jdbc.env.internal.JdbcEnvironmentInitiator.initiateService(JdbcEnvironmentInitiator.java:129)
	at org.hibernate.engine.jdbc.env.internal.JdbcEnvironmentInitiator.initiateService(JdbcEnvironmentInitiator.java:81)
	at org.hibernate.boot.registry.internal.StandardServiceRegistryImpl.initiateService(StandardServiceRegistryImpl.java:130)
	at org.hibernate.service.internal.AbstractServiceRegistryImpl.createService(AbstractServiceRegistryImpl.java:263)
	at org.hibernate.service.internal.AbstractServiceRegistryImpl.initializeService(AbstractServiceRegistryImpl.java:238)
	at org.hibernate.service.internal.AbstractServiceRegistryImpl.getService(AbstractServiceRegistryImpl.java:215)
	at org.hibernate.boot.model.relational.Database.<init>(Database.java:45)
	at org.hibernate.boot.internal.InFlightMetadataCollectorImpl.getDatabase(InFlightMetadataCollectorImpl.java:226)
	at org.hibernate.boot.internal.InFlightMetadataCollectorImpl.<init>(InFlightMetadataCollectorImpl.java:194)
	at org.hibernate.boot.model.process.spi.MetadataBuildingProcess.complete(MetadataBuildingProcess.java:171)
	at org.hibernate.jpa.boot.internal.EntityManagerFactoryBuilderImpl.metadata(EntityManagerFactoryBuilderImpl.java:1442)
	at org.hibernate.jpa.boot.internal.EntityManagerFactoryBuilderImpl.build(EntityManagerFactoryBuilderImpl.java:1513)
	at org.springframework.orm.jpa.vendor.SpringHibernateJpaPersistenceProvider.createContainerEntityManagerFactory(SpringHibernateJpaPersistenceProvider.java:66)
	at org.springframework.orm.jpa.LocalContainerEntityManagerFactoryBean.createNativeEntityManagerFactory(LocalContainerEntityManagerFactoryBean.java:390)
	at org.springframework.orm.jpa.AbstractEntityManagerFactoryBean.buildNativeEntityManagerFactory(AbstractEntityManagerFactoryBean.java:419)
	at org.springframework.orm.jpa.AbstractEntityManagerFactoryBean.afterPropertiesSet(AbstractEntityManagerFactoryBean.java:400)
	at org.springframework.orm.jpa.LocalContainerEntityManagerFactoryBean.afterPropertiesSet(LocalContainerEntityManagerFactoryBean.java:366)
	at org.springframework.beans.factory.support.AbstractAutowireCapableBeanFactory.invokeInitMethods(AbstractAutowireCapableBeanFactory.java:1859)
	at org.springframework.beans.factory.support.AbstractAutowireCapableBeanFactory.initializeBean(AbstractAutowireCapableBeanFactory.java:1808)
	at org.springframework.beans.factory.support.AbstractAutowireCapableBeanFactory.doCreateBean(AbstractAutowireCapableBeanFactory.java:601)
	at org.springframework.beans.factory.support.AbstractAutowireCapableBeanFactory.createBean(AbstractAutowireCapableBeanFactory.java:523)
	at org.springframework.beans.factory.support.AbstractBeanFactory.lambda$doGetBean$0(AbstractBeanFactory.java:339)
	at org.springframework.beans.factory.support.DefaultSingletonBeanRegistry.getSingleton(DefaultSingletonBeanRegistry.java:346)
	at org.springframework.beans.factory.support.AbstractBeanFactory.doGetBean(AbstractBeanFactory.java:337)
	at org.springframework.beans.factory.support.AbstractBeanFactory.getBean(AbstractBeanFactory.java:207)
	at org.springframework.context.support.AbstractApplicationContext.finishBeanFactoryInitialization(AbstractApplicationContext.java:970)
	at org.springframework.context.support.AbstractApplicationContext.refresh(AbstractApplicationContext.java:627)
	at org.springframework.boot.web.servlet.context.ServletWebServerApplicationContext.refresh(ServletWebServerApplicationContext.java:146)
	at org.springframework.boot.SpringApplication.refresh(SpringApplication.java:752)
	at org.springframework.boot.SpringApplication.refreshContext(SpringApplication.java:439)
	at org.springframework.boot.SpringApplication.run(SpringApplication.java:318)
	at org.springframework.boot.SpringApplication.run(SpringApplication.java:1361)
	at org.springframework.boot.SpringApplication.run(SpringApplication.java:1350)
	at sn.fr.samagp.SamaGpApiApplication.main(SamaGpApiApplication.java:12)
	at java.base/jdk.internal.reflect.NativeMethodAccessorImpl.invoke0(Native Method)
	at java.base/jdk.internal.reflect.NativeMethodAccessorImpl.invoke(NativeMethodAccessorImpl.java:77)
	at java.base/jdk.internal.reflect.DelegatingMethodAccessorImpl.invoke(DelegatingMethodAccessorImpl.java:43)
	at java.base/java.lang.reflect.Method.invoke(Method.java:568)
	at org.springframework.boot.devtools.restart.RestartLauncher.run(RestartLauncher.java:50)
Caused by: org.postgresql.util.PSQLException: FATAL: password authentication failed for user "samagp"
	at org.postgresql.core.v3.ConnectionFactoryImpl.doAuthentication(ConnectionFactoryImpl.java:704)
	at org.postgresql.core.v3.ConnectionFactoryImpl.tryConnect(ConnectionFactoryImpl.java:213)
	at org.postgresql.core.v3.ConnectionFactoryImpl.openConnectionImpl(ConnectionFactoryImpl.java:268)
	at org.postgresql.core.ConnectionFactory.openConnection(ConnectionFactory.java:54)
	at org.postgresql.jdbc.PgConnection.<init>(PgConnection.java:273)
	at org.postgresql.Driver.makeConnection(Driver.java:446)
	at org.postgresql.Driver.connect(Driver.java:298)
	at com.zaxxer.hikari.util.DriverDataSource.getConnection(DriverDataSource.java:137)
	at com.zaxxer.hikari.pool.PoolBase.newConnection(PoolBase.java:360)
	at com.zaxxer.hikari.pool.PoolBase.newPoolEntry(PoolBase.java:202)
	at com.zaxxer.hikari.pool.HikariPool.createPoolEntry(HikariPool.java:461)
	at com.zaxxer.hikari.pool.HikariPool.checkFailFast(HikariPool.java:550)
	at com.zaxxer.hikari.pool.HikariPool.<init>(HikariPool.java:98)
	at com.zaxxer.hikari.HikariDataSource.getConnection(HikariDataSource.java:111)
	at org.hibernate.engine.jdbc.connections.internal.DatasourceConnectionProviderImpl.getConnection(DatasourceConnectionProviderImpl.java:126)
	at org.hibernate.engine.jdbc.env.internal.JdbcEnvironmentInitiator$ConnectionProviderJdbcConnectionAccess.obtainConnection(JdbcEnvironmentInitiator.java:467)
	at org.hibernate.resource.transaction.backend.jdbc.internal.JdbcIsolationDelegate.delegateWork(JdbcIsolationDelegate.java:61)
	... 40 common frames omitted
2025-03-24 22:43:03.196 [] [] WARN  [restartedMain] org.hibernate.orm.deprecation - HHH90000025: PostgreSQLDialect does not need to be specified explicitly using 'hibernate.dialect' (remove the property setting and it will be selected by default)
2025-03-24 22:43:03.218 [] [] INFO  [restartedMain] o.hibernate.orm.connections.pooling - HHH10001005: Database info:
	Database JDBC URL [Connecting through datasource 'HikariDataSource (null)']
	Database driver: undefined/unknown
	Database version: 12.0
	Autocommit mode: undefined/unknown
	Isolation level: undefined/unknown
	Minimum pool size: undefined/unknown
	Maximum pool size: undefined/unknown
2025-03-24 22:43:03.401 [] [] ERROR [restartedMain] o.s.o.j.LocalContainerEntityManagerFactoryBean - Failed to initialize JPA EntityManagerFactory: Could not determine recommended JdbcType for Java type 'sn.fr.samagp.repository.model.Itineraire'
2025-03-24 22:43:03.402 [] [] WARN  [restartedMain] o.s.b.w.s.c.AnnotationConfigServletWebServerApplicationContext - Exception encountered during context initialization - cancelling refresh attempt: org.springframework.beans.factory.BeanCreationException: Error creating bean with name 'entityManagerFactory' defined in class path resource [org/springframework/boot/autoconfigure/orm/jpa/HibernateJpaConfiguration.class]: Could not determine recommended JdbcType for Java type 'sn.fr.samagp.repository.model.Itineraire'
2025-03-24 22:43:03.408 [] [] INFO  [restartedMain] o.a.catalina.core.StandardService - Stopping service [Tomcat]
2025-03-24 22:43:03.424 [] [] INFO  [restartedMain] o.s.b.a.l.ConditionEvaluationReportLogger - 

Error starting ApplicationContext. To display the condition evaluation report re-run your application with 'debug' enabled.
2025-03-24 22:43:03.445 [] [] ERROR [restartedMain] o.s.boot.SpringApplication - Application run failed
org.springframework.beans.factory.BeanCreationException: Error creating bean with name 'entityManagerFactory' defined in class path resource [org/springframework/boot/autoconfigure/orm/jpa/HibernateJpaConfiguration.class]: Could not determine recommended JdbcType for Java type 'sn.fr.samagp.repository.model.Itineraire'
	at org.springframework.beans.factory.support.AbstractAutowireCapableBeanFactory.initializeBean(AbstractAutowireCapableBeanFactory.java:1812)
	at org.springframework.beans.factory.support.AbstractAutowireCapableBeanFactory.doCreateBean(AbstractAutowireCapableBeanFactory.java:601)
	at org.springframework.beans.factory.support.AbstractAutowireCapableBeanFactory.createBean(AbstractAutowireCapableBeanFactory.java:523)
	at org.springframework.beans.factory.support.AbstractBeanFactory.lambda$doGetBean$0(AbstractBeanFactory.java:339)
	at org.springframework.beans.factory.support.DefaultSingletonBeanRegistry.getSingleton(DefaultSingletonBeanRegistry.java:346)
	at org.springframework.beans.factory.support.AbstractBeanFactory.doGetBean(AbstractBeanFactory.java:337)
	at org.springframework.beans.factory.support.AbstractBeanFactory.getBean(AbstractBeanFactory.java:207)
	at org.springframework.context.support.AbstractApplicationContext.finishBeanFactoryInitialization(AbstractApplicationContext.java:970)
	at org.springframework.context.support.AbstractApplicationContext.refresh(AbstractApplicationContext.java:627)
	at org.springframework.boot.web.servlet.context.ServletWebServerApplicationContext.refresh(ServletWebServerApplicationContext.java:146)
	at org.springframework.boot.SpringApplication.refresh(SpringApplication.java:752)
	at org.springframework.boot.SpringApplication.refreshContext(SpringApplication.java:439)
	at org.springframework.boot.SpringApplication.run(SpringApplication.java:318)
	at org.springframework.boot.SpringApplication.run(SpringApplication.java:1361)
	at org.springframework.boot.SpringApplication.run(SpringApplication.java:1350)
	at sn.fr.samagp.SamaGpApiApplication.main(SamaGpApiApplication.java:12)
	at java.base/jdk.internal.reflect.NativeMethodAccessorImpl.invoke0(Native Method)
	at java.base/jdk.internal.reflect.NativeMethodAccessorImpl.invoke(NativeMethodAccessorImpl.java:77)
	at java.base/jdk.internal.reflect.DelegatingMethodAccessorImpl.invoke(DelegatingMethodAccessorImpl.java:43)
	at java.base/java.lang.reflect.Method.invoke(Method.java:568)
	at org.springframework.boot.devtools.restart.RestartLauncher.run(RestartLauncher.java:50)
Caused by: org.hibernate.type.descriptor.java.spi.JdbcTypeRecommendationException: Could not determine recommended JdbcType for Java type 'sn.fr.samagp.repository.model.Itineraire'
	at org.hibernate.type.descriptor.java.spi.UnknownBasicJavaType.getRecommendedJdbcType(UnknownBasicJavaType.java:50)
	at org.hibernate.boot.model.process.internal.InferredBasicValueResolver.from(InferredBasicValueResolver.java:195)
	at org.hibernate.mapping.BasicValue.resolution(BasicValue.java:664)
	at org.hibernate.mapping.BasicValue.buildResolution(BasicValue.java:461)
	at org.hibernate.mapping.BasicValue.resolve(BasicValue.java:351)
	at org.hibernate.mapping.BasicValue.resolve(BasicValue.java:341)
	at org.hibernate.boot.internal.InFlightMetadataCollectorImpl.lambda$processValueResolvers$6(InFlightMetadataCollectorImpl.java:1827)
	at java.base/java.util.ArrayList.removeIf(ArrayList.java:1682)
	at java.base/java.util.ArrayList.removeIf(ArrayList.java:1660)
	at org.hibernate.boot.internal.InFlightMetadataCollectorImpl.processValueResolvers(InFlightMetadataCollectorImpl.java:1826)
	at org.hibernate.boot.internal.InFlightMetadataCollectorImpl.processSecondPasses(InFlightMetadataCollectorImpl.java:1812)
	at org.hibernate.boot.model.process.spi.MetadataBuildingProcess.complete(MetadataBuildingProcess.java:334)
	at org.hibernate.jpa.boot.internal.EntityManagerFactoryBuilderImpl.metadata(EntityManagerFactoryBuilderImpl.java:1442)
	at org.hibernate.jpa.boot.internal.EntityManagerFactoryBuilderImpl.build(EntityManagerFactoryBuilderImpl.java:1513)
	at org.springframework.orm.jpa.vendor.SpringHibernateJpaPersistenceProvider.createContainerEntityManagerFactory(SpringHibernateJpaPersistenceProvider.java:66)
	at org.springframework.orm.jpa.LocalContainerEntityManagerFactoryBean.createNativeEntityManagerFactory(LocalContainerEntityManagerFactoryBean.java:390)
	at org.springframework.orm.jpa.AbstractEntityManagerFactoryBean.buildNativeEntityManagerFactory(AbstractEntityManagerFactoryBean.java:419)
	at org.springframework.orm.jpa.AbstractEntityManagerFactoryBean.afterPropertiesSet(AbstractEntityManagerFactoryBean.java:400)
	at org.springframework.orm.jpa.LocalContainerEntityManagerFactoryBean.afterPropertiesSet(LocalContainerEntityManagerFactoryBean.java:366)
	at org.springframework.beans.factory.support.AbstractAutowireCapableBeanFactory.invokeInitMethods(AbstractAutowireCapableBeanFactory.java:1859)
	at org.springframework.beans.factory.support.AbstractAutowireCapableBeanFactory.initializeBean(AbstractAutowireCapableBeanFactory.java:1808)
	... 20 common frames omitted
2025-03-24 22:45:22.958 [] [] INFO  [restartedMain] sn.fr.samagp.SamaGpApiApplication - Starting SamaGpApiApplication using Java 17.0.7 with PID 26071 (/Users/mac/Desktop/samaGp/samagp-api-ms/target/classes started by mac in /Users/mac/Desktop/samaGp/samagp-api-ms)
2025-03-24 22:45:22.961 [] [] INFO  [restartedMain] sn.fr.samagp.SamaGpApiApplication - The following 1 profile is active: "dev"
2025-03-24 22:45:23.012 [] [] INFO  [restartedMain] o.s.b.d.e.DevToolsPropertyDefaultsPostProcessor - Devtools property defaults active! Set 'spring.devtools.add-properties' to 'false' to disable
2025-03-24 22:45:23.013 [] [] INFO  [restartedMain] o.s.b.d.e.DevToolsPropertyDefaultsPostProcessor - For additional web related logging consider setting the 'logging.level.web' property to 'DEBUG'
2025-03-24 22:45:24.030 [] [] INFO  [restartedMain] o.s.d.r.c.RepositoryConfigurationDelegate - Bootstrapping Spring Data JPA repositories in DEFAULT mode.
2025-03-24 22:45:24.261 [] [] INFO  [restartedMain] o.s.d.r.c.RepositoryConfigurationDelegate - Finished Spring Data repository scanning in 219 ms. Found 4 JPA repository interfaces.
2025-03-24 22:45:24.399 [] [] INFO  [restartedMain] o.s.i.c.DefaultConfiguringBeanFactoryPostProcessor - No bean named 'errorChannel' has been explicitly defined. Therefore, a default PublishSubscribeChannel will be created.
2025-03-24 22:45:24.412 [] [] INFO  [restartedMain] o.s.i.c.DefaultConfiguringBeanFactoryPostProcessor - No bean named 'integrationHeaderChannelRegistry' has been explicitly defined. Therefore, a default DefaultHeaderChannelRegistry will be created.
2025-03-24 22:45:25.093 [] [] INFO  [restartedMain] o.s.b.w.e.tomcat.TomcatWebServer - Tomcat initialized with port 8084 (http)
2025-03-24 22:45:25.110 [] [] INFO  [restartedMain] o.a.catalina.core.StandardService - Starting service [Tomcat]
2025-03-24 22:45:25.110 [] [] INFO  [restartedMain] o.a.catalina.core.StandardEngine - Starting Servlet engine: [Apache Tomcat/10.1.36]
2025-03-24 22:45:25.166 [] [] INFO  [restartedMain] o.a.c.c.C.[.[localhost].[/samagp] - Initializing Spring embedded WebApplicationContext
2025-03-24 22:45:25.167 [] [] INFO  [restartedMain] o.s.b.w.s.c.ServletWebServerApplicationContext - Root WebApplicationContext: initialization completed in 2154 ms
2025-03-24 22:45:25.374 [] [] INFO  [restartedMain] o.h.jpa.internal.util.LogHelper - HHH000204: Processing PersistenceUnitInfo [name: default]
2025-03-24 22:45:25.433 [] [] INFO  [restartedMain] org.hibernate.Version - HHH000412: Hibernate ORM core version 6.6.8.Final
2025-03-24 22:45:25.462 [] [] INFO  [restartedMain] o.h.c.i.RegionFactoryInitiator - HHH000026: Second-level cache disabled
2025-03-24 22:45:25.778 [] [] INFO  [restartedMain] o.s.o.j.p.SpringPersistenceUnitInfo - No LoadTimeWeaver setup: ignoring JPA class transformer
2025-03-24 22:45:25.807 [] [] INFO  [restartedMain] com.zaxxer.hikari.HikariDataSource - HikariPool-1 - Starting...
2025-03-24 22:45:26.974 [] [] WARN  [restartedMain] o.h.e.jdbc.spi.SqlExceptionHelper - SQL Error: 0, SQLState: 28P01
2025-03-24 22:45:26.974 [] [] ERROR [restartedMain] o.h.e.jdbc.spi.SqlExceptionHelper - FATAL: password authentication failed for user "samagp"
2025-03-24 22:45:26.976 [] [] WARN  [restartedMain] o.h.e.j.e.i.JdbcEnvironmentInitiator - HHH000342: Could not obtain connection to query metadata
org.hibernate.exception.GenericJDBCException: unable to obtain isolated JDBC connection [FATAL: password authentication failed for user "samagp"] [n/a]
	at org.hibernate.exception.internal.StandardSQLExceptionConverter.convert(StandardSQLExceptionConverter.java:63)
	at org.hibernate.engine.jdbc.spi.SqlExceptionHelper.convert(SqlExceptionHelper.java:108)
	at org.hibernate.engine.jdbc.spi.SqlExceptionHelper.convert(SqlExceptionHelper.java:94)
	at org.hibernate.resource.transaction.backend.jdbc.internal.JdbcIsolationDelegate.delegateWork(JdbcIsolationDelegate.java:116)
	at org.hibernate.engine.jdbc.env.internal.JdbcEnvironmentInitiator.getJdbcEnvironmentUsingJdbcMetadata(JdbcEnvironmentInitiator.java:320)
	at org.hibernate.engine.jdbc.env.internal.JdbcEnvironmentInitiator.initiateService(JdbcEnvironmentInitiator.java:129)
	at org.hibernate.engine.jdbc.env.internal.JdbcEnvironmentInitiator.initiateService(JdbcEnvironmentInitiator.java:81)
	at org.hibernate.boot.registry.internal.StandardServiceRegistryImpl.initiateService(StandardServiceRegistryImpl.java:130)
	at org.hibernate.service.internal.AbstractServiceRegistryImpl.createService(AbstractServiceRegistryImpl.java:263)
	at org.hibernate.service.internal.AbstractServiceRegistryImpl.initializeService(AbstractServiceRegistryImpl.java:238)
	at org.hibernate.service.internal.AbstractServiceRegistryImpl.getService(AbstractServiceRegistryImpl.java:215)
	at org.hibernate.boot.model.relational.Database.<init>(Database.java:45)
	at org.hibernate.boot.internal.InFlightMetadataCollectorImpl.getDatabase(InFlightMetadataCollectorImpl.java:226)
	at org.hibernate.boot.internal.InFlightMetadataCollectorImpl.<init>(InFlightMetadataCollectorImpl.java:194)
	at org.hibernate.boot.model.process.spi.MetadataBuildingProcess.complete(MetadataBuildingProcess.java:171)
	at org.hibernate.jpa.boot.internal.EntityManagerFactoryBuilderImpl.metadata(EntityManagerFactoryBuilderImpl.java:1442)
	at org.hibernate.jpa.boot.internal.EntityManagerFactoryBuilderImpl.build(EntityManagerFactoryBuilderImpl.java:1513)
	at org.springframework.orm.jpa.vendor.SpringHibernateJpaPersistenceProvider.createContainerEntityManagerFactory(SpringHibernateJpaPersistenceProvider.java:66)
	at org.springframework.orm.jpa.LocalContainerEntityManagerFactoryBean.createNativeEntityManagerFactory(LocalContainerEntityManagerFactoryBean.java:390)
	at org.springframework.orm.jpa.AbstractEntityManagerFactoryBean.buildNativeEntityManagerFactory(AbstractEntityManagerFactoryBean.java:419)
	at org.springframework.orm.jpa.AbstractEntityManagerFactoryBean.afterPropertiesSet(AbstractEntityManagerFactoryBean.java:400)
	at org.springframework.orm.jpa.LocalContainerEntityManagerFactoryBean.afterPropertiesSet(LocalContainerEntityManagerFactoryBean.java:366)
	at org.springframework.beans.factory.support.AbstractAutowireCapableBeanFactory.invokeInitMethods(AbstractAutowireCapableBeanFactory.java:1859)
	at org.springframework.beans.factory.support.AbstractAutowireCapableBeanFactory.initializeBean(AbstractAutowireCapableBeanFactory.java:1808)
	at org.springframework.beans.factory.support.AbstractAutowireCapableBeanFactory.doCreateBean(AbstractAutowireCapableBeanFactory.java:601)
	at org.springframework.beans.factory.support.AbstractAutowireCapableBeanFactory.createBean(AbstractAutowireCapableBeanFactory.java:523)
	at org.springframework.beans.factory.support.AbstractBeanFactory.lambda$doGetBean$0(AbstractBeanFactory.java:339)
	at org.springframework.beans.factory.support.DefaultSingletonBeanRegistry.getSingleton(DefaultSingletonBeanRegistry.java:346)
	at org.springframework.beans.factory.support.AbstractBeanFactory.doGetBean(AbstractBeanFactory.java:337)
	at org.springframework.beans.factory.support.AbstractBeanFactory.getBean(AbstractBeanFactory.java:207)
	at org.springframework.context.support.AbstractApplicationContext.finishBeanFactoryInitialization(AbstractApplicationContext.java:970)
	at org.springframework.context.support.AbstractApplicationContext.refresh(AbstractApplicationContext.java:627)
	at org.springframework.boot.web.servlet.context.ServletWebServerApplicationContext.refresh(ServletWebServerApplicationContext.java:146)
	at org.springframework.boot.SpringApplication.refresh(SpringApplication.java:752)
	at org.springframework.boot.SpringApplication.refreshContext(SpringApplication.java:439)
	at org.springframework.boot.SpringApplication.run(SpringApplication.java:318)
	at org.springframework.boot.SpringApplication.run(SpringApplication.java:1361)
	at org.springframework.boot.SpringApplication.run(SpringApplication.java:1350)
	at sn.fr.samagp.SamaGpApiApplication.main(SamaGpApiApplication.java:12)
	at java.base/jdk.internal.reflect.NativeMethodAccessorImpl.invoke0(Native Method)
	at java.base/jdk.internal.reflect.NativeMethodAccessorImpl.invoke(NativeMethodAccessorImpl.java:77)
	at java.base/jdk.internal.reflect.DelegatingMethodAccessorImpl.invoke(DelegatingMethodAccessorImpl.java:43)
	at java.base/java.lang.reflect.Method.invoke(Method.java:568)
	at org.springframework.boot.devtools.restart.RestartLauncher.run(RestartLauncher.java:50)
Caused by: org.postgresql.util.PSQLException: FATAL: password authentication failed for user "samagp"
	at org.postgresql.core.v3.ConnectionFactoryImpl.doAuthentication(ConnectionFactoryImpl.java:704)
	at org.postgresql.core.v3.ConnectionFactoryImpl.tryConnect(ConnectionFactoryImpl.java:213)
	at org.postgresql.core.v3.ConnectionFactoryImpl.openConnectionImpl(ConnectionFactoryImpl.java:268)
	at org.postgresql.core.ConnectionFactory.openConnection(ConnectionFactory.java:54)
	at org.postgresql.jdbc.PgConnection.<init>(PgConnection.java:273)
	at org.postgresql.Driver.makeConnection(Driver.java:446)
	at org.postgresql.Driver.connect(Driver.java:298)
	at com.zaxxer.hikari.util.DriverDataSource.getConnection(DriverDataSource.java:137)
	at com.zaxxer.hikari.pool.PoolBase.newConnection(PoolBase.java:360)
	at com.zaxxer.hikari.pool.PoolBase.newPoolEntry(PoolBase.java:202)
	at com.zaxxer.hikari.pool.HikariPool.createPoolEntry(HikariPool.java:461)
	at com.zaxxer.hikari.pool.HikariPool.checkFailFast(HikariPool.java:550)
	at com.zaxxer.hikari.pool.HikariPool.<init>(HikariPool.java:98)
	at com.zaxxer.hikari.HikariDataSource.getConnection(HikariDataSource.java:111)
	at org.hibernate.engine.jdbc.connections.internal.DatasourceConnectionProviderImpl.getConnection(DatasourceConnectionProviderImpl.java:126)
	at org.hibernate.engine.jdbc.env.internal.JdbcEnvironmentInitiator$ConnectionProviderJdbcConnectionAccess.obtainConnection(JdbcEnvironmentInitiator.java:467)
	at org.hibernate.resource.transaction.backend.jdbc.internal.JdbcIsolationDelegate.delegateWork(JdbcIsolationDelegate.java:61)
	... 40 common frames omitted
2025-03-24 22:45:26.998 [] [] WARN  [restartedMain] org.hibernate.orm.deprecation - HHH90000025: PostgreSQLDialect does not need to be specified explicitly using 'hibernate.dialect' (remove the property setting and it will be selected by default)
2025-03-24 22:45:27.011 [] [] INFO  [restartedMain] o.hibernate.orm.connections.pooling - HHH10001005: Database info:
	Database JDBC URL [Connecting through datasource 'HikariDataSource (null)']
	Database driver: undefined/unknown
	Database version: 12.0
	Autocommit mode: undefined/unknown
	Isolation level: undefined/unknown
	Minimum pool size: undefined/unknown
	Maximum pool size: undefined/unknown
2025-03-24 22:45:27.228 [] [] ERROR [restartedMain] o.s.o.j.LocalContainerEntityManagerFactoryBean - Failed to initialize JPA EntityManagerFactory: Could not determine recommended JdbcType for Java type 'sn.fr.samagp.repository.model.Itineraire'
2025-03-24 22:45:27.229 [] [] WARN  [restartedMain] o.s.b.w.s.c.AnnotationConfigServletWebServerApplicationContext - Exception encountered during context initialization - cancelling refresh attempt: org.springframework.beans.factory.BeanCreationException: Error creating bean with name 'entityManagerFactory' defined in class path resource [org/springframework/boot/autoconfigure/orm/jpa/HibernateJpaConfiguration.class]: Could not determine recommended JdbcType for Java type 'sn.fr.samagp.repository.model.Itineraire'
2025-03-24 22:45:27.236 [] [] INFO  [restartedMain] o.a.catalina.core.StandardService - Stopping service [Tomcat]
2025-03-24 22:45:27.254 [] [] INFO  [restartedMain] o.s.b.a.l.ConditionEvaluationReportLogger - 

Error starting ApplicationContext. To display the condition evaluation report re-run your application with 'debug' enabled.
2025-03-24 22:45:27.282 [] [] ERROR [restartedMain] o.s.boot.SpringApplication - Application run failed
org.springframework.beans.factory.BeanCreationException: Error creating bean with name 'entityManagerFactory' defined in class path resource [org/springframework/boot/autoconfigure/orm/jpa/HibernateJpaConfiguration.class]: Could not determine recommended JdbcType for Java type 'sn.fr.samagp.repository.model.Itineraire'
	at org.springframework.beans.factory.support.AbstractAutowireCapableBeanFactory.initializeBean(AbstractAutowireCapableBeanFactory.java:1812)
	at org.springframework.beans.factory.support.AbstractAutowireCapableBeanFactory.doCreateBean(AbstractAutowireCapableBeanFactory.java:601)
	at org.springframework.beans.factory.support.AbstractAutowireCapableBeanFactory.createBean(AbstractAutowireCapableBeanFactory.java:523)
	at org.springframework.beans.factory.support.AbstractBeanFactory.lambda$doGetBean$0(AbstractBeanFactory.java:339)
	at org.springframework.beans.factory.support.DefaultSingletonBeanRegistry.getSingleton(DefaultSingletonBeanRegistry.java:346)
	at org.springframework.beans.factory.support.AbstractBeanFactory.doGetBean(AbstractBeanFactory.java:337)
	at org.springframework.beans.factory.support.AbstractBeanFactory.getBean(AbstractBeanFactory.java:207)
	at org.springframework.context.support.AbstractApplicationContext.finishBeanFactoryInitialization(AbstractApplicationContext.java:970)
	at org.springframework.context.support.AbstractApplicationContext.refresh(AbstractApplicationContext.java:627)
	at org.springframework.boot.web.servlet.context.ServletWebServerApplicationContext.refresh(ServletWebServerApplicationContext.java:146)
	at org.springframework.boot.SpringApplication.refresh(SpringApplication.java:752)
	at org.springframework.boot.SpringApplication.refreshContext(SpringApplication.java:439)
	at org.springframework.boot.SpringApplication.run(SpringApplication.java:318)
	at org.springframework.boot.SpringApplication.run(SpringApplication.java:1361)
	at org.springframework.boot.SpringApplication.run(SpringApplication.java:1350)
	at sn.fr.samagp.SamaGpApiApplication.main(SamaGpApiApplication.java:12)
	at java.base/jdk.internal.reflect.NativeMethodAccessorImpl.invoke0(Native Method)
	at java.base/jdk.internal.reflect.NativeMethodAccessorImpl.invoke(NativeMethodAccessorImpl.java:77)
	at java.base/jdk.internal.reflect.DelegatingMethodAccessorImpl.invoke(DelegatingMethodAccessorImpl.java:43)
	at java.base/java.lang.reflect.Method.invoke(Method.java:568)
	at org.springframework.boot.devtools.restart.RestartLauncher.run(RestartLauncher.java:50)
Caused by: org.hibernate.type.descriptor.java.spi.JdbcTypeRecommendationException: Could not determine recommended JdbcType for Java type 'sn.fr.samagp.repository.model.Itineraire'
	at org.hibernate.type.descriptor.java.spi.UnknownBasicJavaType.getRecommendedJdbcType(UnknownBasicJavaType.java:50)
	at org.hibernate.boot.model.process.internal.InferredBasicValueResolver.from(InferredBasicValueResolver.java:195)
	at org.hibernate.mapping.BasicValue.resolution(BasicValue.java:664)
	at org.hibernate.mapping.BasicValue.buildResolution(BasicValue.java:461)
	at org.hibernate.mapping.BasicValue.resolve(BasicValue.java:351)
	at org.hibernate.mapping.BasicValue.resolve(BasicValue.java:341)
	at org.hibernate.boot.internal.InFlightMetadataCollectorImpl.lambda$processValueResolvers$6(InFlightMetadataCollectorImpl.java:1827)
	at java.base/java.util.ArrayList.removeIf(ArrayList.java:1682)
	at java.base/java.util.ArrayList.removeIf(ArrayList.java:1660)
	at org.hibernate.boot.internal.InFlightMetadataCollectorImpl.processValueResolvers(InFlightMetadataCollectorImpl.java:1826)
	at org.hibernate.boot.internal.InFlightMetadataCollectorImpl.processSecondPasses(InFlightMetadataCollectorImpl.java:1812)
	at org.hibernate.boot.model.process.spi.MetadataBuildingProcess.complete(MetadataBuildingProcess.java:334)
	at org.hibernate.jpa.boot.internal.EntityManagerFactoryBuilderImpl.metadata(EntityManagerFactoryBuilderImpl.java:1442)
	at org.hibernate.jpa.boot.internal.EntityManagerFactoryBuilderImpl.build(EntityManagerFactoryBuilderImpl.java:1513)
	at org.springframework.orm.jpa.vendor.SpringHibernateJpaPersistenceProvider.createContainerEntityManagerFactory(SpringHibernateJpaPersistenceProvider.java:66)
	at org.springframework.orm.jpa.LocalContainerEntityManagerFactoryBean.createNativeEntityManagerFactory(LocalContainerEntityManagerFactoryBean.java:390)
	at org.springframework.orm.jpa.AbstractEntityManagerFactoryBean.buildNativeEntityManagerFactory(AbstractEntityManagerFactoryBean.java:419)
	at org.springframework.orm.jpa.AbstractEntityManagerFactoryBean.afterPropertiesSet(AbstractEntityManagerFactoryBean.java:400)
	at org.springframework.orm.jpa.LocalContainerEntityManagerFactoryBean.afterPropertiesSet(LocalContainerEntityManagerFactoryBean.java:366)
	at org.springframework.beans.factory.support.AbstractAutowireCapableBeanFactory.invokeInitMethods(AbstractAutowireCapableBeanFactory.java:1859)
	at org.springframework.beans.factory.support.AbstractAutowireCapableBeanFactory.initializeBean(AbstractAutowireCapableBeanFactory.java:1808)
	... 20 common frames omitted
2025-03-24 22:46:22.952 [] [] INFO  [restartedMain] sn.fr.samagp.SamaGpApiApplication - Starting SamaGpApiApplication using Java 17.0.7 with PID 26615 (/Users/mac/Desktop/samaGp/samagp-api-ms/target/classes started by mac in /Users/mac/Desktop/samaGp/samagp-api-ms)
2025-03-24 22:46:22.955 [] [] INFO  [restartedMain] sn.fr.samagp.SamaGpApiApplication - The following 1 profile is active: "dev"
2025-03-24 22:46:22.999 [] [] INFO  [restartedMain] o.s.b.d.e.DevToolsPropertyDefaultsPostProcessor - Devtools property defaults active! Set 'spring.devtools.add-properties' to 'false' to disable
2025-03-24 22:46:23.000 [] [] INFO  [restartedMain] o.s.b.d.e.DevToolsPropertyDefaultsPostProcessor - For additional web related logging consider setting the 'logging.level.web' property to 'DEBUG'
2025-03-24 22:46:23.919 [] [] INFO  [restartedMain] o.s.d.r.c.RepositoryConfigurationDelegate - Bootstrapping Spring Data JPA repositories in DEFAULT mode.
2025-03-24 22:46:24.112 [] [] INFO  [restartedMain] o.s.d.r.c.RepositoryConfigurationDelegate - Finished Spring Data repository scanning in 183 ms. Found 4 JPA repository interfaces.
2025-03-24 22:46:24.267 [] [] INFO  [restartedMain] o.s.i.c.DefaultConfiguringBeanFactoryPostProcessor - No bean named 'errorChannel' has been explicitly defined. Therefore, a default PublishSubscribeChannel will be created.
2025-03-24 22:46:24.278 [] [] INFO  [restartedMain] o.s.i.c.DefaultConfiguringBeanFactoryPostProcessor - No bean named 'integrationHeaderChannelRegistry' has been explicitly defined. Therefore, a default DefaultHeaderChannelRegistry will be created.
2025-03-24 22:46:24.901 [] [] INFO  [restartedMain] o.s.b.w.e.tomcat.TomcatWebServer - Tomcat initialized with port 8084 (http)
2025-03-24 22:46:24.917 [] [] INFO  [restartedMain] o.a.catalina.core.StandardService - Starting service [Tomcat]
2025-03-24 22:46:24.918 [] [] INFO  [restartedMain] o.a.catalina.core.StandardEngine - Starting Servlet engine: [Apache Tomcat/10.1.36]
2025-03-24 22:46:24.973 [] [] INFO  [restartedMain] o.a.c.c.C.[.[localhost].[/samagp] - Initializing Spring embedded WebApplicationContext
2025-03-24 22:46:24.974 [] [] INFO  [restartedMain] o.s.b.w.s.c.ServletWebServerApplicationContext - Root WebApplicationContext: initialization completed in 1973 ms
2025-03-24 22:46:25.140 [] [] INFO  [restartedMain] o.h.jpa.internal.util.LogHelper - HHH000204: Processing PersistenceUnitInfo [name: default]
2025-03-24 22:46:25.204 [] [] INFO  [restartedMain] org.hibernate.Version - HHH000412: Hibernate ORM core version 6.6.8.Final
2025-03-24 22:46:25.237 [] [] INFO  [restartedMain] o.h.c.i.RegionFactoryInitiator - HHH000026: Second-level cache disabled
2025-03-24 22:46:25.514 [] [] INFO  [restartedMain] o.s.o.j.p.SpringPersistenceUnitInfo - No LoadTimeWeaver setup: ignoring JPA class transformer
2025-03-24 22:46:25.541 [] [] INFO  [restartedMain] com.zaxxer.hikari.HikariDataSource - HikariPool-1 - Starting...
2025-03-24 22:46:26.688 [] [] WARN  [restartedMain] o.h.e.jdbc.spi.SqlExceptionHelper - SQL Error: 0, SQLState: 28P01
2025-03-24 22:46:26.689 [] [] ERROR [restartedMain] o.h.e.jdbc.spi.SqlExceptionHelper - FATAL: password authentication failed for user "samagp"
2025-03-24 22:46:26.690 [] [] WARN  [restartedMain] o.h.e.j.e.i.JdbcEnvironmentInitiator - HHH000342: Could not obtain connection to query metadata
org.hibernate.exception.GenericJDBCException: unable to obtain isolated JDBC connection [FATAL: password authentication failed for user "samagp"] [n/a]
	at org.hibernate.exception.internal.StandardSQLExceptionConverter.convert(StandardSQLExceptionConverter.java:63)
	at org.hibernate.engine.jdbc.spi.SqlExceptionHelper.convert(SqlExceptionHelper.java:108)
	at org.hibernate.engine.jdbc.spi.SqlExceptionHelper.convert(SqlExceptionHelper.java:94)
	at org.hibernate.resource.transaction.backend.jdbc.internal.JdbcIsolationDelegate.delegateWork(JdbcIsolationDelegate.java:116)
	at org.hibernate.engine.jdbc.env.internal.JdbcEnvironmentInitiator.getJdbcEnvironmentUsingJdbcMetadata(JdbcEnvironmentInitiator.java:320)
	at org.hibernate.engine.jdbc.env.internal.JdbcEnvironmentInitiator.initiateService(JdbcEnvironmentInitiator.java:129)
	at org.hibernate.engine.jdbc.env.internal.JdbcEnvironmentInitiator.initiateService(JdbcEnvironmentInitiator.java:81)
	at org.hibernate.boot.registry.internal.StandardServiceRegistryImpl.initiateService(StandardServiceRegistryImpl.java:130)
	at org.hibernate.service.internal.AbstractServiceRegistryImpl.createService(AbstractServiceRegistryImpl.java:263)
	at org.hibernate.service.internal.AbstractServiceRegistryImpl.initializeService(AbstractServiceRegistryImpl.java:238)
	at org.hibernate.service.internal.AbstractServiceRegistryImpl.getService(AbstractServiceRegistryImpl.java:215)
	at org.hibernate.boot.model.relational.Database.<init>(Database.java:45)
	at org.hibernate.boot.internal.InFlightMetadataCollectorImpl.getDatabase(InFlightMetadataCollectorImpl.java:226)
	at org.hibernate.boot.internal.InFlightMetadataCollectorImpl.<init>(InFlightMetadataCollectorImpl.java:194)
	at org.hibernate.boot.model.process.spi.MetadataBuildingProcess.complete(MetadataBuildingProcess.java:171)
	at org.hibernate.jpa.boot.internal.EntityManagerFactoryBuilderImpl.metadata(EntityManagerFactoryBuilderImpl.java:1442)
	at org.hibernate.jpa.boot.internal.EntityManagerFactoryBuilderImpl.build(EntityManagerFactoryBuilderImpl.java:1513)
	at org.springframework.orm.jpa.vendor.SpringHibernateJpaPersistenceProvider.createContainerEntityManagerFactory(SpringHibernateJpaPersistenceProvider.java:66)
	at org.springframework.orm.jpa.LocalContainerEntityManagerFactoryBean.createNativeEntityManagerFactory(LocalContainerEntityManagerFactoryBean.java:390)
	at org.springframework.orm.jpa.AbstractEntityManagerFactoryBean.buildNativeEntityManagerFactory(AbstractEntityManagerFactoryBean.java:419)
	at org.springframework.orm.jpa.AbstractEntityManagerFactoryBean.afterPropertiesSet(AbstractEntityManagerFactoryBean.java:400)
	at org.springframework.orm.jpa.LocalContainerEntityManagerFactoryBean.afterPropertiesSet(LocalContainerEntityManagerFactoryBean.java:366)
	at org.springframework.beans.factory.support.AbstractAutowireCapableBeanFactory.invokeInitMethods(AbstractAutowireCapableBeanFactory.java:1859)
	at org.springframework.beans.factory.support.AbstractAutowireCapableBeanFactory.initializeBean(AbstractAutowireCapableBeanFactory.java:1808)
	at org.springframework.beans.factory.support.AbstractAutowireCapableBeanFactory.doCreateBean(AbstractAutowireCapableBeanFactory.java:601)
	at org.springframework.beans.factory.support.AbstractAutowireCapableBeanFactory.createBean(AbstractAutowireCapableBeanFactory.java:523)
	at org.springframework.beans.factory.support.AbstractBeanFactory.lambda$doGetBean$0(AbstractBeanFactory.java:339)
	at org.springframework.beans.factory.support.DefaultSingletonBeanRegistry.getSingleton(DefaultSingletonBeanRegistry.java:346)
	at org.springframework.beans.factory.support.AbstractBeanFactory.doGetBean(AbstractBeanFactory.java:337)
	at org.springframework.beans.factory.support.AbstractBeanFactory.getBean(AbstractBeanFactory.java:207)
	at org.springframework.context.support.AbstractApplicationContext.finishBeanFactoryInitialization(AbstractApplicationContext.java:970)
	at org.springframework.context.support.AbstractApplicationContext.refresh(AbstractApplicationContext.java:627)
	at org.springframework.boot.web.servlet.context.ServletWebServerApplicationContext.refresh(ServletWebServerApplicationContext.java:146)
	at org.springframework.boot.SpringApplication.refresh(SpringApplication.java:752)
	at org.springframework.boot.SpringApplication.refreshContext(SpringApplication.java:439)
	at org.springframework.boot.SpringApplication.run(SpringApplication.java:318)
	at org.springframework.boot.SpringApplication.run(SpringApplication.java:1361)
	at org.springframework.boot.SpringApplication.run(SpringApplication.java:1350)
	at sn.fr.samagp.SamaGpApiApplication.main(SamaGpApiApplication.java:12)
	at java.base/jdk.internal.reflect.NativeMethodAccessorImpl.invoke0(Native Method)
	at java.base/jdk.internal.reflect.NativeMethodAccessorImpl.invoke(NativeMethodAccessorImpl.java:77)
	at java.base/jdk.internal.reflect.DelegatingMethodAccessorImpl.invoke(DelegatingMethodAccessorImpl.java:43)
	at java.base/java.lang.reflect.Method.invoke(Method.java:568)
	at org.springframework.boot.devtools.restart.RestartLauncher.run(RestartLauncher.java:50)
Caused by: org.postgresql.util.PSQLException: FATAL: password authentication failed for user "samagp"
	at org.postgresql.core.v3.ConnectionFactoryImpl.doAuthentication(ConnectionFactoryImpl.java:704)
	at org.postgresql.core.v3.ConnectionFactoryImpl.tryConnect(ConnectionFactoryImpl.java:213)
	at org.postgresql.core.v3.ConnectionFactoryImpl.openConnectionImpl(ConnectionFactoryImpl.java:268)
	at org.postgresql.core.ConnectionFactory.openConnection(ConnectionFactory.java:54)
	at org.postgresql.jdbc.PgConnection.<init>(PgConnection.java:273)
	at org.postgresql.Driver.makeConnection(Driver.java:446)
	at org.postgresql.Driver.connect(Driver.java:298)
	at com.zaxxer.hikari.util.DriverDataSource.getConnection(DriverDataSource.java:137)
	at com.zaxxer.hikari.pool.PoolBase.newConnection(PoolBase.java:360)
	at com.zaxxer.hikari.pool.PoolBase.newPoolEntry(PoolBase.java:202)
	at com.zaxxer.hikari.pool.HikariPool.createPoolEntry(HikariPool.java:461)
	at com.zaxxer.hikari.pool.HikariPool.checkFailFast(HikariPool.java:550)
	at com.zaxxer.hikari.pool.HikariPool.<init>(HikariPool.java:98)
	at com.zaxxer.hikari.HikariDataSource.getConnection(HikariDataSource.java:111)
	at org.hibernate.engine.jdbc.connections.internal.DatasourceConnectionProviderImpl.getConnection(DatasourceConnectionProviderImpl.java:126)
	at org.hibernate.engine.jdbc.env.internal.JdbcEnvironmentInitiator$ConnectionProviderJdbcConnectionAccess.obtainConnection(JdbcEnvironmentInitiator.java:467)
	at org.hibernate.resource.transaction.backend.jdbc.internal.JdbcIsolationDelegate.delegateWork(JdbcIsolationDelegate.java:61)
	... 40 common frames omitted
2025-03-24 22:46:26.712 [] [] WARN  [restartedMain] org.hibernate.orm.deprecation - HHH90000025: PostgreSQLDialect does not need to be specified explicitly using 'hibernate.dialect' (remove the property setting and it will be selected by default)
2025-03-24 22:46:26.726 [] [] INFO  [restartedMain] o.hibernate.orm.connections.pooling - HHH10001005: Database info:
	Database JDBC URL [Connecting through datasource 'HikariDataSource (null)']
	Database driver: undefined/unknown
	Database version: 12.0
	Autocommit mode: undefined/unknown
	Isolation level: undefined/unknown
	Minimum pool size: undefined/unknown
	Maximum pool size: undefined/unknown
2025-03-24 22:46:26.946 [] [] ERROR [restartedMain] o.s.o.j.LocalContainerEntityManagerFactoryBean - Failed to initialize JPA EntityManagerFactory: Could not determine recommended JdbcType for Java type 'sn.fr.samagp.repository.model.Itineraire'
2025-03-24 22:46:26.947 [] [] WARN  [restartedMain] o.s.b.w.s.c.AnnotationConfigServletWebServerApplicationContext - Exception encountered during context initialization - cancelling refresh attempt: org.springframework.beans.factory.BeanCreationException: Error creating bean with name 'entityManagerFactory' defined in class path resource [org/springframework/boot/autoconfigure/orm/jpa/HibernateJpaConfiguration.class]: Could not determine recommended JdbcType for Java type 'sn.fr.samagp.repository.model.Itineraire'
2025-03-24 22:46:26.953 [] [] INFO  [restartedMain] o.a.catalina.core.StandardService - Stopping service [Tomcat]
2025-03-24 22:46:26.969 [] [] INFO  [restartedMain] o.s.b.a.l.ConditionEvaluationReportLogger - 

Error starting ApplicationContext. To display the condition evaluation report re-run your application with 'debug' enabled.
2025-03-24 22:46:26.991 [] [] ERROR [restartedMain] o.s.boot.SpringApplication - Application run failed
org.springframework.beans.factory.BeanCreationException: Error creating bean with name 'entityManagerFactory' defined in class path resource [org/springframework/boot/autoconfigure/orm/jpa/HibernateJpaConfiguration.class]: Could not determine recommended JdbcType for Java type 'sn.fr.samagp.repository.model.Itineraire'
	at org.springframework.beans.factory.support.AbstractAutowireCapableBeanFactory.initializeBean(AbstractAutowireCapableBeanFactory.java:1812)
	at org.springframework.beans.factory.support.AbstractAutowireCapableBeanFactory.doCreateBean(AbstractAutowireCapableBeanFactory.java:601)
	at org.springframework.beans.factory.support.AbstractAutowireCapableBeanFactory.createBean(AbstractAutowireCapableBeanFactory.java:523)
	at org.springframework.beans.factory.support.AbstractBeanFactory.lambda$doGetBean$0(AbstractBeanFactory.java:339)
	at org.springframework.beans.factory.support.DefaultSingletonBeanRegistry.getSingleton(DefaultSingletonBeanRegistry.java:346)
	at org.springframework.beans.factory.support.AbstractBeanFactory.doGetBean(AbstractBeanFactory.java:337)
	at org.springframework.beans.factory.support.AbstractBeanFactory.getBean(AbstractBeanFactory.java:207)
	at org.springframework.context.support.AbstractApplicationContext.finishBeanFactoryInitialization(AbstractApplicationContext.java:970)
	at org.springframework.context.support.AbstractApplicationContext.refresh(AbstractApplicationContext.java:627)
	at org.springframework.boot.web.servlet.context.ServletWebServerApplicationContext.refresh(ServletWebServerApplicationContext.java:146)
	at org.springframework.boot.SpringApplication.refresh(SpringApplication.java:752)
	at org.springframework.boot.SpringApplication.refreshContext(SpringApplication.java:439)
	at org.springframework.boot.SpringApplication.run(SpringApplication.java:318)
	at org.springframework.boot.SpringApplication.run(SpringApplication.java:1361)
	at org.springframework.boot.SpringApplication.run(SpringApplication.java:1350)
	at sn.fr.samagp.SamaGpApiApplication.main(SamaGpApiApplication.java:12)
	at java.base/jdk.internal.reflect.NativeMethodAccessorImpl.invoke0(Native Method)
	at java.base/jdk.internal.reflect.NativeMethodAccessorImpl.invoke(NativeMethodAccessorImpl.java:77)
	at java.base/jdk.internal.reflect.DelegatingMethodAccessorImpl.invoke(DelegatingMethodAccessorImpl.java:43)
	at java.base/java.lang.reflect.Method.invoke(Method.java:568)
	at org.springframework.boot.devtools.restart.RestartLauncher.run(RestartLauncher.java:50)
Caused by: org.hibernate.type.descriptor.java.spi.JdbcTypeRecommendationException: Could not determine recommended JdbcType for Java type 'sn.fr.samagp.repository.model.Itineraire'
	at org.hibernate.type.descriptor.java.spi.UnknownBasicJavaType.getRecommendedJdbcType(UnknownBasicJavaType.java:50)
	at org.hibernate.boot.model.process.internal.InferredBasicValueResolver.from(InferredBasicValueResolver.java:195)
	at org.hibernate.mapping.BasicValue.resolution(BasicValue.java:664)
	at org.hibernate.mapping.BasicValue.buildResolution(BasicValue.java:461)
	at org.hibernate.mapping.BasicValue.resolve(BasicValue.java:351)
	at org.hibernate.mapping.BasicValue.resolve(BasicValue.java:341)
	at org.hibernate.boot.internal.InFlightMetadataCollectorImpl.lambda$processValueResolvers$6(InFlightMetadataCollectorImpl.java:1827)
	at java.base/java.util.ArrayList.removeIf(ArrayList.java:1682)
	at java.base/java.util.ArrayList.removeIf(ArrayList.java:1660)
	at org.hibernate.boot.internal.InFlightMetadataCollectorImpl.processValueResolvers(InFlightMetadataCollectorImpl.java:1826)
	at org.hibernate.boot.internal.InFlightMetadataCollectorImpl.processSecondPasses(InFlightMetadataCollectorImpl.java:1812)
	at org.hibernate.boot.model.process.spi.MetadataBuildingProcess.complete(MetadataBuildingProcess.java:334)
	at org.hibernate.jpa.boot.internal.EntityManagerFactoryBuilderImpl.metadata(EntityManagerFactoryBuilderImpl.java:1442)
	at org.hibernate.jpa.boot.internal.EntityManagerFactoryBuilderImpl.build(EntityManagerFactoryBuilderImpl.java:1513)
	at org.springframework.orm.jpa.vendor.SpringHibernateJpaPersistenceProvider.createContainerEntityManagerFactory(SpringHibernateJpaPersistenceProvider.java:66)
	at org.springframework.orm.jpa.LocalContainerEntityManagerFactoryBean.createNativeEntityManagerFactory(LocalContainerEntityManagerFactoryBean.java:390)
	at org.springframework.orm.jpa.AbstractEntityManagerFactoryBean.buildNativeEntityManagerFactory(AbstractEntityManagerFactoryBean.java:419)
	at org.springframework.orm.jpa.AbstractEntityManagerFactoryBean.afterPropertiesSet(AbstractEntityManagerFactoryBean.java:400)
	at org.springframework.orm.jpa.LocalContainerEntityManagerFactoryBean.afterPropertiesSet(LocalContainerEntityManagerFactoryBean.java:366)
	at org.springframework.beans.factory.support.AbstractAutowireCapableBeanFactory.invokeInitMethods(AbstractAutowireCapableBeanFactory.java:1859)
	at org.springframework.beans.factory.support.AbstractAutowireCapableBeanFactory.initializeBean(AbstractAutowireCapableBeanFactory.java:1808)
	... 20 common frames omitted
2025-03-24 22:46:59.814 [] [] INFO  [restartedMain] sn.fr.samagp.SamaGpApiApplication - Starting SamaGpApiApplication using Java 17.0.7 with PID 26966 (/Users/mac/Desktop/samaGp/samagp-api-ms/target/classes started by mac in /Users/mac/Desktop/samaGp/samagp-api-ms)
2025-03-24 22:46:59.816 [] [] INFO  [restartedMain] sn.fr.samagp.SamaGpApiApplication - The following 1 profile is active: "dev"
2025-03-24 22:46:59.857 [] [] INFO  [restartedMain] o.s.b.d.e.DevToolsPropertyDefaultsPostProcessor - Devtools property defaults active! Set 'spring.devtools.add-properties' to 'false' to disable
2025-03-24 22:46:59.857 [] [] INFO  [restartedMain] o.s.b.d.e.DevToolsPropertyDefaultsPostProcessor - For additional web related logging consider setting the 'logging.level.web' property to 'DEBUG'
2025-03-24 22:47:00.782 [] [] INFO  [restartedMain] o.s.d.r.c.RepositoryConfigurationDelegate - Bootstrapping Spring Data JPA repositories in DEFAULT mode.
2025-03-24 22:47:00.989 [] [] INFO  [restartedMain] o.s.d.r.c.RepositoryConfigurationDelegate - Finished Spring Data repository scanning in 194 ms. Found 4 JPA repository interfaces.
2025-03-24 22:47:01.150 [] [] INFO  [restartedMain] o.s.i.c.DefaultConfiguringBeanFactoryPostProcessor - No bean named 'errorChannel' has been explicitly defined. Therefore, a default PublishSubscribeChannel will be created.
2025-03-24 22:47:01.163 [] [] INFO  [restartedMain] o.s.i.c.DefaultConfiguringBeanFactoryPostProcessor - No bean named 'integrationHeaderChannelRegistry' has been explicitly defined. Therefore, a default DefaultHeaderChannelRegistry will be created.
2025-03-24 22:47:01.907 [] [] INFO  [restartedMain] o.s.b.w.e.tomcat.TomcatWebServer - Tomcat initialized with port 8084 (http)
2025-03-24 22:47:01.921 [] [] INFO  [restartedMain] o.a.catalina.core.StandardService - Starting service [Tomcat]
2025-03-24 22:47:01.922 [] [] INFO  [restartedMain] o.a.catalina.core.StandardEngine - Starting Servlet engine: [Apache Tomcat/10.1.36]
2025-03-24 22:47:01.978 [] [] INFO  [restartedMain] o.a.c.c.C.[.[localhost].[/samagp] - Initializing Spring embedded WebApplicationContext
2025-03-24 22:47:01.978 [] [] INFO  [restartedMain] o.s.b.w.s.c.ServletWebServerApplicationContext - Root WebApplicationContext: initialization completed in 2120 ms
2025-03-24 22:47:02.159 [] [] INFO  [restartedMain] o.h.jpa.internal.util.LogHelper - HHH000204: Processing PersistenceUnitInfo [name: default]
2025-03-24 22:47:02.224 [] [] INFO  [restartedMain] org.hibernate.Version - HHH000412: Hibernate ORM core version 6.6.8.Final
2025-03-24 22:47:02.265 [] [] INFO  [restartedMain] o.h.c.i.RegionFactoryInitiator - HHH000026: Second-level cache disabled
2025-03-24 22:47:02.647 [] [] INFO  [restartedMain] o.s.o.j.p.SpringPersistenceUnitInfo - No LoadTimeWeaver setup: ignoring JPA class transformer
2025-03-24 22:47:02.679 [] [] INFO  [restartedMain] com.zaxxer.hikari.HikariDataSource - HikariPool-1 - Starting...
2025-03-24 22:47:03.820 [] [] WARN  [restartedMain] o.h.e.jdbc.spi.SqlExceptionHelper - SQL Error: 0, SQLState: 28P01
2025-03-24 22:47:03.821 [] [] ERROR [restartedMain] o.h.e.jdbc.spi.SqlExceptionHelper - FATAL: password authentication failed for user "samagp"
2025-03-24 22:47:03.822 [] [] WARN  [restartedMain] o.h.e.j.e.i.JdbcEnvironmentInitiator - HHH000342: Could not obtain connection to query metadata
org.hibernate.exception.GenericJDBCException: unable to obtain isolated JDBC connection [FATAL: password authentication failed for user "samagp"] [n/a]
	at org.hibernate.exception.internal.StandardSQLExceptionConverter.convert(StandardSQLExceptionConverter.java:63)
	at org.hibernate.engine.jdbc.spi.SqlExceptionHelper.convert(SqlExceptionHelper.java:108)
	at org.hibernate.engine.jdbc.spi.SqlExceptionHelper.convert(SqlExceptionHelper.java:94)
	at org.hibernate.resource.transaction.backend.jdbc.internal.JdbcIsolationDelegate.delegateWork(JdbcIsolationDelegate.java:116)
	at org.hibernate.engine.jdbc.env.internal.JdbcEnvironmentInitiator.getJdbcEnvironmentUsingJdbcMetadata(JdbcEnvironmentInitiator.java:320)
	at org.hibernate.engine.jdbc.env.internal.JdbcEnvironmentInitiator.initiateService(JdbcEnvironmentInitiator.java:129)
	at org.hibernate.engine.jdbc.env.internal.JdbcEnvironmentInitiator.initiateService(JdbcEnvironmentInitiator.java:81)
	at org.hibernate.boot.registry.internal.StandardServiceRegistryImpl.initiateService(StandardServiceRegistryImpl.java:130)
	at org.hibernate.service.internal.AbstractServiceRegistryImpl.createService(AbstractServiceRegistryImpl.java:263)
	at org.hibernate.service.internal.AbstractServiceRegistryImpl.initializeService(AbstractServiceRegistryImpl.java:238)
	at org.hibernate.service.internal.AbstractServiceRegistryImpl.getService(AbstractServiceRegistryImpl.java:215)
	at org.hibernate.boot.model.relational.Database.<init>(Database.java:45)
	at org.hibernate.boot.internal.InFlightMetadataCollectorImpl.getDatabase(InFlightMetadataCollectorImpl.java:226)
	at org.hibernate.boot.internal.InFlightMetadataCollectorImpl.<init>(InFlightMetadataCollectorImpl.java:194)
	at org.hibernate.boot.model.process.spi.MetadataBuildingProcess.complete(MetadataBuildingProcess.java:171)
	at org.hibernate.jpa.boot.internal.EntityManagerFactoryBuilderImpl.metadata(EntityManagerFactoryBuilderImpl.java:1442)
	at org.hibernate.jpa.boot.internal.EntityManagerFactoryBuilderImpl.build(EntityManagerFactoryBuilderImpl.java:1513)
	at org.springframework.orm.jpa.vendor.SpringHibernateJpaPersistenceProvider.createContainerEntityManagerFactory(SpringHibernateJpaPersistenceProvider.java:66)
	at org.springframework.orm.jpa.LocalContainerEntityManagerFactoryBean.createNativeEntityManagerFactory(LocalContainerEntityManagerFactoryBean.java:390)
	at org.springframework.orm.jpa.AbstractEntityManagerFactoryBean.buildNativeEntityManagerFactory(AbstractEntityManagerFactoryBean.java:419)
	at org.springframework.orm.jpa.AbstractEntityManagerFactoryBean.afterPropertiesSet(AbstractEntityManagerFactoryBean.java:400)
	at org.springframework.orm.jpa.LocalContainerEntityManagerFactoryBean.afterPropertiesSet(LocalContainerEntityManagerFactoryBean.java:366)
	at org.springframework.beans.factory.support.AbstractAutowireCapableBeanFactory.invokeInitMethods(AbstractAutowireCapableBeanFactory.java:1859)
	at org.springframework.beans.factory.support.AbstractAutowireCapableBeanFactory.initializeBean(AbstractAutowireCapableBeanFactory.java:1808)
	at org.springframework.beans.factory.support.AbstractAutowireCapableBeanFactory.doCreateBean(AbstractAutowireCapableBeanFactory.java:601)
	at org.springframework.beans.factory.support.AbstractAutowireCapableBeanFactory.createBean(AbstractAutowireCapableBeanFactory.java:523)
	at org.springframework.beans.factory.support.AbstractBeanFactory.lambda$doGetBean$0(AbstractBeanFactory.java:339)
	at org.springframework.beans.factory.support.DefaultSingletonBeanRegistry.getSingleton(DefaultSingletonBeanRegistry.java:346)
	at org.springframework.beans.factory.support.AbstractBeanFactory.doGetBean(AbstractBeanFactory.java:337)
	at org.springframework.beans.factory.support.AbstractBeanFactory.getBean(AbstractBeanFactory.java:207)
	at org.springframework.context.support.AbstractApplicationContext.finishBeanFactoryInitialization(AbstractApplicationContext.java:970)
	at org.springframework.context.support.AbstractApplicationContext.refresh(AbstractApplicationContext.java:627)
	at org.springframework.boot.web.servlet.context.ServletWebServerApplicationContext.refresh(ServletWebServerApplicationContext.java:146)
	at org.springframework.boot.SpringApplication.refresh(SpringApplication.java:752)
	at org.springframework.boot.SpringApplication.refreshContext(SpringApplication.java:439)
	at org.springframework.boot.SpringApplication.run(SpringApplication.java:318)
	at org.springframework.boot.SpringApplication.run(SpringApplication.java:1361)
	at org.springframework.boot.SpringApplication.run(SpringApplication.java:1350)
	at sn.fr.samagp.SamaGpApiApplication.main(SamaGpApiApplication.java:12)
	at java.base/jdk.internal.reflect.NativeMethodAccessorImpl.invoke0(Native Method)
	at java.base/jdk.internal.reflect.NativeMethodAccessorImpl.invoke(NativeMethodAccessorImpl.java:77)
	at java.base/jdk.internal.reflect.DelegatingMethodAccessorImpl.invoke(DelegatingMethodAccessorImpl.java:43)
	at java.base/java.lang.reflect.Method.invoke(Method.java:568)
	at org.springframework.boot.devtools.restart.RestartLauncher.run(RestartLauncher.java:50)
Caused by: org.postgresql.util.PSQLException: FATAL: password authentication failed for user "samagp"
	at org.postgresql.core.v3.ConnectionFactoryImpl.doAuthentication(ConnectionFactoryImpl.java:704)
	at org.postgresql.core.v3.ConnectionFactoryImpl.tryConnect(ConnectionFactoryImpl.java:213)
	at org.postgresql.core.v3.ConnectionFactoryImpl.openConnectionImpl(ConnectionFactoryImpl.java:268)
	at org.postgresql.core.ConnectionFactory.openConnection(ConnectionFactory.java:54)
	at org.postgresql.jdbc.PgConnection.<init>(PgConnection.java:273)
	at org.postgresql.Driver.makeConnection(Driver.java:446)
	at org.postgresql.Driver.connect(Driver.java:298)
	at com.zaxxer.hikari.util.DriverDataSource.getConnection(DriverDataSource.java:137)
	at com.zaxxer.hikari.pool.PoolBase.newConnection(PoolBase.java:360)
	at com.zaxxer.hikari.pool.PoolBase.newPoolEntry(PoolBase.java:202)
	at com.zaxxer.hikari.pool.HikariPool.createPoolEntry(HikariPool.java:461)
	at com.zaxxer.hikari.pool.HikariPool.checkFailFast(HikariPool.java:550)
	at com.zaxxer.hikari.pool.HikariPool.<init>(HikariPool.java:98)
	at com.zaxxer.hikari.HikariDataSource.getConnection(HikariDataSource.java:111)
	at org.hibernate.engine.jdbc.connections.internal.DatasourceConnectionProviderImpl.getConnection(DatasourceConnectionProviderImpl.java:126)
	at org.hibernate.engine.jdbc.env.internal.JdbcEnvironmentInitiator$ConnectionProviderJdbcConnectionAccess.obtainConnection(JdbcEnvironmentInitiator.java:467)
	at org.hibernate.resource.transaction.backend.jdbc.internal.JdbcIsolationDelegate.delegateWork(JdbcIsolationDelegate.java:61)
	... 40 common frames omitted
2025-03-24 22:47:03.861 [] [] WARN  [restartedMain] org.hibernate.orm.deprecation - HHH90000025: PostgreSQLDialect does not need to be specified explicitly using 'hibernate.dialect' (remove the property setting and it will be selected by default)
2025-03-24 22:47:03.879 [] [] INFO  [restartedMain] o.hibernate.orm.connections.pooling - HHH10001005: Database info:
	Database JDBC URL [Connecting through datasource 'HikariDataSource (null)']
	Database driver: undefined/unknown
	Database version: 12.0
	Autocommit mode: undefined/unknown
	Isolation level: undefined/unknown
	Minimum pool size: undefined/unknown
	Maximum pool size: undefined/unknown
2025-03-24 22:47:04.098 [] [] ERROR [restartedMain] o.s.o.j.LocalContainerEntityManagerFactoryBean - Failed to initialize JPA EntityManagerFactory: Could not determine recommended JdbcType for Java type 'sn.fr.samagp.repository.model.Itineraire'
2025-03-24 22:47:04.098 [] [] WARN  [restartedMain] o.s.b.w.s.c.AnnotationConfigServletWebServerApplicationContext - Exception encountered during context initialization - cancelling refresh attempt: org.springframework.beans.factory.BeanCreationException: Error creating bean with name 'entityManagerFactory' defined in class path resource [org/springframework/boot/autoconfigure/orm/jpa/HibernateJpaConfiguration.class]: Could not determine recommended JdbcType for Java type 'sn.fr.samagp.repository.model.Itineraire'
2025-03-24 22:47:04.104 [] [] INFO  [restartedMain] o.a.catalina.core.StandardService - Stopping service [Tomcat]
2025-03-24 22:47:04.119 [] [] INFO  [restartedMain] o.s.b.a.l.ConditionEvaluationReportLogger - 

Error starting ApplicationContext. To display the condition evaluation report re-run your application with 'debug' enabled.
2025-03-24 22:47:04.140 [] [] ERROR [restartedMain] o.s.boot.SpringApplication - Application run failed
org.springframework.beans.factory.BeanCreationException: Error creating bean with name 'entityManagerFactory' defined in class path resource [org/springframework/boot/autoconfigure/orm/jpa/HibernateJpaConfiguration.class]: Could not determine recommended JdbcType for Java type 'sn.fr.samagp.repository.model.Itineraire'
	at org.springframework.beans.factory.support.AbstractAutowireCapableBeanFactory.initializeBean(AbstractAutowireCapableBeanFactory.java:1812)
	at org.springframework.beans.factory.support.AbstractAutowireCapableBeanFactory.doCreateBean(AbstractAutowireCapableBeanFactory.java:601)
	at org.springframework.beans.factory.support.AbstractAutowireCapableBeanFactory.createBean(AbstractAutowireCapableBeanFactory.java:523)
	at org.springframework.beans.factory.support.AbstractBeanFactory.lambda$doGetBean$0(AbstractBeanFactory.java:339)
	at org.springframework.beans.factory.support.DefaultSingletonBeanRegistry.getSingleton(DefaultSingletonBeanRegistry.java:346)
	at org.springframework.beans.factory.support.AbstractBeanFactory.doGetBean(AbstractBeanFactory.java:337)
	at org.springframework.beans.factory.support.AbstractBeanFactory.getBean(AbstractBeanFactory.java:207)
	at org.springframework.context.support.AbstractApplicationContext.finishBeanFactoryInitialization(AbstractApplicationContext.java:970)
	at org.springframework.context.support.AbstractApplicationContext.refresh(AbstractApplicationContext.java:627)
	at org.springframework.boot.web.servlet.context.ServletWebServerApplicationContext.refresh(ServletWebServerApplicationContext.java:146)
	at org.springframework.boot.SpringApplication.refresh(SpringApplication.java:752)
	at org.springframework.boot.SpringApplication.refreshContext(SpringApplication.java:439)
	at org.springframework.boot.SpringApplication.run(SpringApplication.java:318)
	at org.springframework.boot.SpringApplication.run(SpringApplication.java:1361)
	at org.springframework.boot.SpringApplication.run(SpringApplication.java:1350)
	at sn.fr.samagp.SamaGpApiApplication.main(SamaGpApiApplication.java:12)
	at java.base/jdk.internal.reflect.NativeMethodAccessorImpl.invoke0(Native Method)
	at java.base/jdk.internal.reflect.NativeMethodAccessorImpl.invoke(NativeMethodAccessorImpl.java:77)
	at java.base/jdk.internal.reflect.DelegatingMethodAccessorImpl.invoke(DelegatingMethodAccessorImpl.java:43)
	at java.base/java.lang.reflect.Method.invoke(Method.java:568)
	at org.springframework.boot.devtools.restart.RestartLauncher.run(RestartLauncher.java:50)
Caused by: org.hibernate.type.descriptor.java.spi.JdbcTypeRecommendationException: Could not determine recommended JdbcType for Java type 'sn.fr.samagp.repository.model.Itineraire'
	at org.hibernate.type.descriptor.java.spi.UnknownBasicJavaType.getRecommendedJdbcType(UnknownBasicJavaType.java:50)
	at org.hibernate.boot.model.process.internal.InferredBasicValueResolver.from(InferredBasicValueResolver.java:195)
	at org.hibernate.mapping.BasicValue.resolution(BasicValue.java:664)
	at org.hibernate.mapping.BasicValue.buildResolution(BasicValue.java:461)
	at org.hibernate.mapping.BasicValue.resolve(BasicValue.java:351)
	at org.hibernate.mapping.BasicValue.resolve(BasicValue.java:341)
	at org.hibernate.boot.internal.InFlightMetadataCollectorImpl.lambda$processValueResolvers$6(InFlightMetadataCollectorImpl.java:1827)
	at java.base/java.util.ArrayList.removeIf(ArrayList.java:1682)
	at java.base/java.util.ArrayList.removeIf(ArrayList.java:1660)
	at org.hibernate.boot.internal.InFlightMetadataCollectorImpl.processValueResolvers(InFlightMetadataCollectorImpl.java:1826)
	at org.hibernate.boot.internal.InFlightMetadataCollectorImpl.processSecondPasses(InFlightMetadataCollectorImpl.java:1812)
	at org.hibernate.boot.model.process.spi.MetadataBuildingProcess.complete(MetadataBuildingProcess.java:334)
	at org.hibernate.jpa.boot.internal.EntityManagerFactoryBuilderImpl.metadata(EntityManagerFactoryBuilderImpl.java:1442)
	at org.hibernate.jpa.boot.internal.EntityManagerFactoryBuilderImpl.build(EntityManagerFactoryBuilderImpl.java:1513)
	at org.springframework.orm.jpa.vendor.SpringHibernateJpaPersistenceProvider.createContainerEntityManagerFactory(SpringHibernateJpaPersistenceProvider.java:66)
	at org.springframework.orm.jpa.LocalContainerEntityManagerFactoryBean.createNativeEntityManagerFactory(LocalContainerEntityManagerFactoryBean.java:390)
	at org.springframework.orm.jpa.AbstractEntityManagerFactoryBean.buildNativeEntityManagerFactory(AbstractEntityManagerFactoryBean.java:419)
	at org.springframework.orm.jpa.AbstractEntityManagerFactoryBean.afterPropertiesSet(AbstractEntityManagerFactoryBean.java:400)
	at org.springframework.orm.jpa.LocalContainerEntityManagerFactoryBean.afterPropertiesSet(LocalContainerEntityManagerFactoryBean.java:366)
	at org.springframework.beans.factory.support.AbstractAutowireCapableBeanFactory.invokeInitMethods(AbstractAutowireCapableBeanFactory.java:1859)
	at org.springframework.beans.factory.support.AbstractAutowireCapableBeanFactory.initializeBean(AbstractAutowireCapableBeanFactory.java:1808)
	... 20 common frames omitted
2025-03-24 22:47:36.434 [] [] INFO  [restartedMain] sn.fr.samagp.SamaGpApiApplication - Starting SamaGpApiApplication using Java 17.0.7 with PID 27241 (/Users/mac/Desktop/samaGp/samagp-api-ms/target/classes started by mac in /Users/mac/Desktop/samaGp/samagp-api-ms)
2025-03-24 22:47:36.437 [] [] INFO  [restartedMain] sn.fr.samagp.SamaGpApiApplication - The following 1 profile is active: "dev"
2025-03-24 22:47:36.490 [] [] INFO  [restartedMain] o.s.b.d.e.DevToolsPropertyDefaultsPostProcessor - Devtools property defaults active! Set 'spring.devtools.add-properties' to 'false' to disable
2025-03-24 22:47:36.491 [] [] INFO  [restartedMain] o.s.b.d.e.DevToolsPropertyDefaultsPostProcessor - For additional web related logging consider setting the 'logging.level.web' property to 'DEBUG'
2025-03-24 22:47:37.761 [] [] INFO  [restartedMain] o.s.d.r.c.RepositoryConfigurationDelegate - Bootstrapping Spring Data JPA repositories in DEFAULT mode.
2025-03-24 22:47:38.175 [] [] INFO  [restartedMain] o.s.d.r.c.RepositoryConfigurationDelegate - Finished Spring Data repository scanning in 357 ms. Found 4 JPA repository interfaces.
2025-03-24 22:47:38.375 [] [] INFO  [restartedMain] o.s.i.c.DefaultConfiguringBeanFactoryPostProcessor - No bean named 'errorChannel' has been explicitly defined. Therefore, a default PublishSubscribeChannel will be created.
2025-03-24 22:47:38.394 [] [] INFO  [restartedMain] o.s.i.c.DefaultConfiguringBeanFactoryPostProcessor - No bean named 'integrationHeaderChannelRegistry' has been explicitly defined. Therefore, a default DefaultHeaderChannelRegistry will be created.
2025-03-24 22:47:39.139 [] [] INFO  [restartedMain] o.s.b.w.e.tomcat.TomcatWebServer - Tomcat initialized with port 8084 (http)
2025-03-24 22:47:39.157 [] [] INFO  [restartedMain] o.a.catalina.core.StandardService - Starting service [Tomcat]
2025-03-24 22:47:39.158 [] [] INFO  [restartedMain] o.a.catalina.core.StandardEngine - Starting Servlet engine: [Apache Tomcat/10.1.36]
2025-03-24 22:47:39.216 [] [] INFO  [restartedMain] o.a.c.c.C.[.[localhost].[/samagp] - Initializing Spring embedded WebApplicationContext
2025-03-24 22:47:39.216 [] [] INFO  [restartedMain] o.s.b.w.s.c.ServletWebServerApplicationContext - Root WebApplicationContext: initialization completed in 2724 ms
2025-03-24 22:47:39.395 [] [] INFO  [restartedMain] o.h.jpa.internal.util.LogHelper - HHH000204: Processing PersistenceUnitInfo [name: default]
2025-03-24 22:47:39.467 [] [] INFO  [restartedMain] org.hibernate.Version - HHH000412: Hibernate ORM core version 6.6.8.Final
2025-03-24 22:47:39.498 [] [] INFO  [restartedMain] o.h.c.i.RegionFactoryInitiator - HHH000026: Second-level cache disabled
2025-03-24 22:47:39.816 [] [] INFO  [restartedMain] o.s.o.j.p.SpringPersistenceUnitInfo - No LoadTimeWeaver setup: ignoring JPA class transformer
2025-03-24 22:47:39.845 [] [] INFO  [restartedMain] com.zaxxer.hikari.HikariDataSource - HikariPool-1 - Starting...
2025-03-24 22:47:41.011 [] [] WARN  [restartedMain] o.h.e.jdbc.spi.SqlExceptionHelper - SQL Error: 0, SQLState: 28P01
2025-03-24 22:47:41.012 [] [] ERROR [restartedMain] o.h.e.jdbc.spi.SqlExceptionHelper - FATAL: password authentication failed for user "samagp"
2025-03-24 22:47:41.013 [] [] WARN  [restartedMain] o.h.e.j.e.i.JdbcEnvironmentInitiator - HHH000342: Could not obtain connection to query metadata
org.hibernate.exception.GenericJDBCException: unable to obtain isolated JDBC connection [FATAL: password authentication failed for user "samagp"] [n/a]
	at org.hibernate.exception.internal.StandardSQLExceptionConverter.convert(StandardSQLExceptionConverter.java:63)
	at org.hibernate.engine.jdbc.spi.SqlExceptionHelper.convert(SqlExceptionHelper.java:108)
	at org.hibernate.engine.jdbc.spi.SqlExceptionHelper.convert(SqlExceptionHelper.java:94)
	at org.hibernate.resource.transaction.backend.jdbc.internal.JdbcIsolationDelegate.delegateWork(JdbcIsolationDelegate.java:116)
	at org.hibernate.engine.jdbc.env.internal.JdbcEnvironmentInitiator.getJdbcEnvironmentUsingJdbcMetadata(JdbcEnvironmentInitiator.java:320)
	at org.hibernate.engine.jdbc.env.internal.JdbcEnvironmentInitiator.initiateService(JdbcEnvironmentInitiator.java:129)
	at org.hibernate.engine.jdbc.env.internal.JdbcEnvironmentInitiator.initiateService(JdbcEnvironmentInitiator.java:81)
	at org.hibernate.boot.registry.internal.StandardServiceRegistryImpl.initiateService(StandardServiceRegistryImpl.java:130)
	at org.hibernate.service.internal.AbstractServiceRegistryImpl.createService(AbstractServiceRegistryImpl.java:263)
	at org.hibernate.service.internal.AbstractServiceRegistryImpl.initializeService(AbstractServiceRegistryImpl.java:238)
	at org.hibernate.service.internal.AbstractServiceRegistryImpl.getService(AbstractServiceRegistryImpl.java:215)
	at org.hibernate.boot.model.relational.Database.<init>(Database.java:45)
	at org.hibernate.boot.internal.InFlightMetadataCollectorImpl.getDatabase(InFlightMetadataCollectorImpl.java:226)
	at org.hibernate.boot.internal.InFlightMetadataCollectorImpl.<init>(InFlightMetadataCollectorImpl.java:194)
	at org.hibernate.boot.model.process.spi.MetadataBuildingProcess.complete(MetadataBuildingProcess.java:171)
	at org.hibernate.jpa.boot.internal.EntityManagerFactoryBuilderImpl.metadata(EntityManagerFactoryBuilderImpl.java:1442)
	at org.hibernate.jpa.boot.internal.EntityManagerFactoryBuilderImpl.build(EntityManagerFactoryBuilderImpl.java:1513)
	at org.springframework.orm.jpa.vendor.SpringHibernateJpaPersistenceProvider.createContainerEntityManagerFactory(SpringHibernateJpaPersistenceProvider.java:66)
	at org.springframework.orm.jpa.LocalContainerEntityManagerFactoryBean.createNativeEntityManagerFactory(LocalContainerEntityManagerFactoryBean.java:390)
	at org.springframework.orm.jpa.AbstractEntityManagerFactoryBean.buildNativeEntityManagerFactory(AbstractEntityManagerFactoryBean.java:419)
	at org.springframework.orm.jpa.AbstractEntityManagerFactoryBean.afterPropertiesSet(AbstractEntityManagerFactoryBean.java:400)
	at org.springframework.orm.jpa.LocalContainerEntityManagerFactoryBean.afterPropertiesSet(LocalContainerEntityManagerFactoryBean.java:366)
	at org.springframework.beans.factory.support.AbstractAutowireCapableBeanFactory.invokeInitMethods(AbstractAutowireCapableBeanFactory.java:1859)
	at org.springframework.beans.factory.support.AbstractAutowireCapableBeanFactory.initializeBean(AbstractAutowireCapableBeanFactory.java:1808)
	at org.springframework.beans.factory.support.AbstractAutowireCapableBeanFactory.doCreateBean(AbstractAutowireCapableBeanFactory.java:601)
	at org.springframework.beans.factory.support.AbstractAutowireCapableBeanFactory.createBean(AbstractAutowireCapableBeanFactory.java:523)
	at org.springframework.beans.factory.support.AbstractBeanFactory.lambda$doGetBean$0(AbstractBeanFactory.java:339)
	at org.springframework.beans.factory.support.DefaultSingletonBeanRegistry.getSingleton(DefaultSingletonBeanRegistry.java:346)
	at org.springframework.beans.factory.support.AbstractBeanFactory.doGetBean(AbstractBeanFactory.java:337)
	at org.springframework.beans.factory.support.AbstractBeanFactory.getBean(AbstractBeanFactory.java:207)
	at org.springframework.context.support.AbstractApplicationContext.finishBeanFactoryInitialization(AbstractApplicationContext.java:970)
	at org.springframework.context.support.AbstractApplicationContext.refresh(AbstractApplicationContext.java:627)
	at org.springframework.boot.web.servlet.context.ServletWebServerApplicationContext.refresh(ServletWebServerApplicationContext.java:146)
	at org.springframework.boot.SpringApplication.refresh(SpringApplication.java:752)
	at org.springframework.boot.SpringApplication.refreshContext(SpringApplication.java:439)
	at org.springframework.boot.SpringApplication.run(SpringApplication.java:318)
	at org.springframework.boot.SpringApplication.run(SpringApplication.java:1361)
	at org.springframework.boot.SpringApplication.run(SpringApplication.java:1350)
	at sn.fr.samagp.SamaGpApiApplication.main(SamaGpApiApplication.java:12)
	at java.base/jdk.internal.reflect.NativeMethodAccessorImpl.invoke0(Native Method)
	at java.base/jdk.internal.reflect.NativeMethodAccessorImpl.invoke(NativeMethodAccessorImpl.java:77)
	at java.base/jdk.internal.reflect.DelegatingMethodAccessorImpl.invoke(DelegatingMethodAccessorImpl.java:43)
	at java.base/java.lang.reflect.Method.invoke(Method.java:568)
	at org.springframework.boot.devtools.restart.RestartLauncher.run(RestartLauncher.java:50)
Caused by: org.postgresql.util.PSQLException: FATAL: password authentication failed for user "samagp"
	at org.postgresql.core.v3.ConnectionFactoryImpl.doAuthentication(ConnectionFactoryImpl.java:704)
	at org.postgresql.core.v3.ConnectionFactoryImpl.tryConnect(ConnectionFactoryImpl.java:213)
	at org.postgresql.core.v3.ConnectionFactoryImpl.openConnectionImpl(ConnectionFactoryImpl.java:268)
	at org.postgresql.core.ConnectionFactory.openConnection(ConnectionFactory.java:54)
	at org.postgresql.jdbc.PgConnection.<init>(PgConnection.java:273)
	at org.postgresql.Driver.makeConnection(Driver.java:446)
	at org.postgresql.Driver.connect(Driver.java:298)
	at com.zaxxer.hikari.util.DriverDataSource.getConnection(DriverDataSource.java:137)
	at com.zaxxer.hikari.pool.PoolBase.newConnection(PoolBase.java:360)
	at com.zaxxer.hikari.pool.PoolBase.newPoolEntry(PoolBase.java:202)
	at com.zaxxer.hikari.pool.HikariPool.createPoolEntry(HikariPool.java:461)
	at com.zaxxer.hikari.pool.HikariPool.checkFailFast(HikariPool.java:550)
	at com.zaxxer.hikari.pool.HikariPool.<init>(HikariPool.java:98)
	at com.zaxxer.hikari.HikariDataSource.getConnection(HikariDataSource.java:111)
	at org.hibernate.engine.jdbc.connections.internal.DatasourceConnectionProviderImpl.getConnection(DatasourceConnectionProviderImpl.java:126)
	at org.hibernate.engine.jdbc.env.internal.JdbcEnvironmentInitiator$ConnectionProviderJdbcConnectionAccess.obtainConnection(JdbcEnvironmentInitiator.java:467)
	at org.hibernate.resource.transaction.backend.jdbc.internal.JdbcIsolationDelegate.delegateWork(JdbcIsolationDelegate.java:61)
	... 40 common frames omitted
2025-03-24 22:47:41.034 [] [] WARN  [restartedMain] org.hibernate.orm.deprecation - HHH90000025: PostgreSQLDialect does not need to be specified explicitly using 'hibernate.dialect' (remove the property setting and it will be selected by default)
2025-03-24 22:47:41.048 [] [] INFO  [restartedMain] o.hibernate.orm.connections.pooling - HHH10001005: Database info:
	Database JDBC URL [Connecting through datasource 'HikariDataSource (null)']
	Database driver: undefined/unknown
	Database version: 12.0
	Autocommit mode: undefined/unknown
	Isolation level: undefined/unknown
	Minimum pool size: undefined/unknown
	Maximum pool size: undefined/unknown
2025-03-24 22:47:41.266 [] [] ERROR [restartedMain] o.s.o.j.LocalContainerEntityManagerFactoryBean - Failed to initialize JPA EntityManagerFactory: Could not determine recommended JdbcType for Java type 'sn.fr.samagp.repository.model.Itineraire'
2025-03-24 22:47:41.267 [] [] WARN  [restartedMain] o.s.b.w.s.c.AnnotationConfigServletWebServerApplicationContext - Exception encountered during context initialization - cancelling refresh attempt: org.springframework.beans.factory.BeanCreationException: Error creating bean with name 'entityManagerFactory' defined in class path resource [org/springframework/boot/autoconfigure/orm/jpa/HibernateJpaConfiguration.class]: Could not determine recommended JdbcType for Java type 'sn.fr.samagp.repository.model.Itineraire'
2025-03-24 22:47:41.272 [] [] INFO  [restartedMain] o.a.catalina.core.StandardService - Stopping service [Tomcat]
2025-03-24 22:47:41.292 [] [] INFO  [restartedMain] o.s.b.a.l.ConditionEvaluationReportLogger - 

Error starting ApplicationContext. To display the condition evaluation report re-run your application with 'debug' enabled.
2025-03-24 22:47:41.329 [] [] ERROR [restartedMain] o.s.boot.SpringApplication - Application run failed
org.springframework.beans.factory.BeanCreationException: Error creating bean with name 'entityManagerFactory' defined in class path resource [org/springframework/boot/autoconfigure/orm/jpa/HibernateJpaConfiguration.class]: Could not determine recommended JdbcType for Java type 'sn.fr.samagp.repository.model.Itineraire'
	at org.springframework.beans.factory.support.AbstractAutowireCapableBeanFactory.initializeBean(AbstractAutowireCapableBeanFactory.java:1812)
	at org.springframework.beans.factory.support.AbstractAutowireCapableBeanFactory.doCreateBean(AbstractAutowireCapableBeanFactory.java:601)
	at org.springframework.beans.factory.support.AbstractAutowireCapableBeanFactory.createBean(AbstractAutowireCapableBeanFactory.java:523)
	at org.springframework.beans.factory.support.AbstractBeanFactory.lambda$doGetBean$0(AbstractBeanFactory.java:339)
	at org.springframework.beans.factory.support.DefaultSingletonBeanRegistry.getSingleton(DefaultSingletonBeanRegistry.java:346)
	at org.springframework.beans.factory.support.AbstractBeanFactory.doGetBean(AbstractBeanFactory.java:337)
	at org.springframework.beans.factory.support.AbstractBeanFactory.getBean(AbstractBeanFactory.java:207)
	at org.springframework.context.support.AbstractApplicationContext.finishBeanFactoryInitialization(AbstractApplicationContext.java:970)
	at org.springframework.context.support.AbstractApplicationContext.refresh(AbstractApplicationContext.java:627)
	at org.springframework.boot.web.servlet.context.ServletWebServerApplicationContext.refresh(ServletWebServerApplicationContext.java:146)
	at org.springframework.boot.SpringApplication.refresh(SpringApplication.java:752)
	at org.springframework.boot.SpringApplication.refreshContext(SpringApplication.java:439)
	at org.springframework.boot.SpringApplication.run(SpringApplication.java:318)
	at org.springframework.boot.SpringApplication.run(SpringApplication.java:1361)
	at org.springframework.boot.SpringApplication.run(SpringApplication.java:1350)
	at sn.fr.samagp.SamaGpApiApplication.main(SamaGpApiApplication.java:12)
	at java.base/jdk.internal.reflect.NativeMethodAccessorImpl.invoke0(Native Method)
	at java.base/jdk.internal.reflect.NativeMethodAccessorImpl.invoke(NativeMethodAccessorImpl.java:77)
	at java.base/jdk.internal.reflect.DelegatingMethodAccessorImpl.invoke(DelegatingMethodAccessorImpl.java:43)
	at java.base/java.lang.reflect.Method.invoke(Method.java:568)
	at org.springframework.boot.devtools.restart.RestartLauncher.run(RestartLauncher.java:50)
Caused by: org.hibernate.type.descriptor.java.spi.JdbcTypeRecommendationException: Could not determine recommended JdbcType for Java type 'sn.fr.samagp.repository.model.Itineraire'
	at org.hibernate.type.descriptor.java.spi.UnknownBasicJavaType.getRecommendedJdbcType(UnknownBasicJavaType.java:50)
	at org.hibernate.boot.model.process.internal.InferredBasicValueResolver.from(InferredBasicValueResolver.java:195)
	at org.hibernate.mapping.BasicValue.resolution(BasicValue.java:664)
	at org.hibernate.mapping.BasicValue.buildResolution(BasicValue.java:461)
	at org.hibernate.mapping.BasicValue.resolve(BasicValue.java:351)
	at org.hibernate.mapping.BasicValue.resolve(BasicValue.java:341)
	at org.hibernate.boot.internal.InFlightMetadataCollectorImpl.lambda$processValueResolvers$6(InFlightMetadataCollectorImpl.java:1827)
	at java.base/java.util.ArrayList.removeIf(ArrayList.java:1682)
	at java.base/java.util.ArrayList.removeIf(ArrayList.java:1660)
	at org.hibernate.boot.internal.InFlightMetadataCollectorImpl.processValueResolvers(InFlightMetadataCollectorImpl.java:1826)
	at org.hibernate.boot.internal.InFlightMetadataCollectorImpl.processSecondPasses(InFlightMetadataCollectorImpl.java:1812)
	at org.hibernate.boot.model.process.spi.MetadataBuildingProcess.complete(MetadataBuildingProcess.java:334)
	at org.hibernate.jpa.boot.internal.EntityManagerFactoryBuilderImpl.metadata(EntityManagerFactoryBuilderImpl.java:1442)
	at org.hibernate.jpa.boot.internal.EntityManagerFactoryBuilderImpl.build(EntityManagerFactoryBuilderImpl.java:1513)
	at org.springframework.orm.jpa.vendor.SpringHibernateJpaPersistenceProvider.createContainerEntityManagerFactory(SpringHibernateJpaPersistenceProvider.java:66)
	at org.springframework.orm.jpa.LocalContainerEntityManagerFactoryBean.createNativeEntityManagerFactory(LocalContainerEntityManagerFactoryBean.java:390)
	at org.springframework.orm.jpa.AbstractEntityManagerFactoryBean.buildNativeEntityManagerFactory(AbstractEntityManagerFactoryBean.java:419)
	at org.springframework.orm.jpa.AbstractEntityManagerFactoryBean.afterPropertiesSet(AbstractEntityManagerFactoryBean.java:400)
	at org.springframework.orm.jpa.LocalContainerEntityManagerFactoryBean.afterPropertiesSet(LocalContainerEntityManagerFactoryBean.java:366)
	at org.springframework.beans.factory.support.AbstractAutowireCapableBeanFactory.invokeInitMethods(AbstractAutowireCapableBeanFactory.java:1859)
	at org.springframework.beans.factory.support.AbstractAutowireCapableBeanFactory.initializeBean(AbstractAutowireCapableBeanFactory.java:1808)
	... 20 common frames omitted
2025-03-24 22:49:09.979 [] [] INFO  [restartedMain] sn.fr.samagp.SamaGpApiApplication - Starting SamaGpApiApplication using Java 17.0.7 with PID 28041 (/Users/mac/Desktop/samaGp/samagp-api-ms/target/classes started by mac in /Users/mac/Desktop/samaGp/samagp-api-ms)
2025-03-24 22:49:09.982 [] [] INFO  [restartedMain] sn.fr.samagp.SamaGpApiApplication - The following 1 profile is active: "dev"
2025-03-24 22:49:10.043 [] [] INFO  [restartedMain] o.s.b.d.e.DevToolsPropertyDefaultsPostProcessor - Devtools property defaults active! Set 'spring.devtools.add-properties' to 'false' to disable
2025-03-24 22:49:10.045 [] [] INFO  [restartedMain] o.s.b.d.e.DevToolsPropertyDefaultsPostProcessor - For additional web related logging consider setting the 'logging.level.web' property to 'DEBUG'
2025-03-24 22:49:11.095 [] [] INFO  [restartedMain] o.s.d.r.c.RepositoryConfigurationDelegate - Bootstrapping Spring Data JPA repositories in DEFAULT mode.
2025-03-24 22:49:11.336 [] [] INFO  [restartedMain] o.s.d.r.c.RepositoryConfigurationDelegate - Finished Spring Data repository scanning in 226 ms. Found 4 JPA repository interfaces.
2025-03-24 22:49:11.476 [] [] INFO  [restartedMain] o.s.i.c.DefaultConfiguringBeanFactoryPostProcessor - No bean named 'errorChannel' has been explicitly defined. Therefore, a default PublishSubscribeChannel will be created.
2025-03-24 22:49:11.488 [] [] INFO  [restartedMain] o.s.i.c.DefaultConfiguringBeanFactoryPostProcessor - No bean named 'integrationHeaderChannelRegistry' has been explicitly defined. Therefore, a default DefaultHeaderChannelRegistry will be created.
2025-03-24 22:49:12.175 [] [] INFO  [restartedMain] o.s.b.w.e.tomcat.TomcatWebServer - Tomcat initialized with port 8084 (http)
2025-03-24 22:49:12.194 [] [] INFO  [restartedMain] o.a.catalina.core.StandardService - Starting service [Tomcat]
2025-03-24 22:49:12.195 [] [] INFO  [restartedMain] o.a.catalina.core.StandardEngine - Starting Servlet engine: [Apache Tomcat/10.1.36]
2025-03-24 22:49:12.265 [] [] INFO  [restartedMain] o.a.c.c.C.[.[localhost].[/samagp] - Initializing Spring embedded WebApplicationContext
2025-03-24 22:49:12.266 [] [] INFO  [restartedMain] o.s.b.w.s.c.ServletWebServerApplicationContext - Root WebApplicationContext: initialization completed in 2220 ms
2025-03-24 22:49:12.469 [] [] INFO  [restartedMain] o.h.jpa.internal.util.LogHelper - HHH000204: Processing PersistenceUnitInfo [name: default]
2025-03-24 22:49:12.538 [] [] INFO  [restartedMain] org.hibernate.Version - HHH000412: Hibernate ORM core version 6.6.8.Final
2025-03-24 22:49:12.570 [] [] INFO  [restartedMain] o.h.c.i.RegionFactoryInitiator - HHH000026: Second-level cache disabled
2025-03-24 22:49:12.894 [] [] INFO  [restartedMain] o.s.o.j.p.SpringPersistenceUnitInfo - No LoadTimeWeaver setup: ignoring JPA class transformer
2025-03-24 22:49:12.924 [] [] INFO  [restartedMain] com.zaxxer.hikari.HikariDataSource - HikariPool-1 - Starting...
2025-03-24 22:49:14.085 [] [] WARN  [restartedMain] o.h.e.jdbc.spi.SqlExceptionHelper - SQL Error: 0, SQLState: 28P01
2025-03-24 22:49:14.086 [] [] ERROR [restartedMain] o.h.e.jdbc.spi.SqlExceptionHelper - FATAL: password authentication failed for user "samagp"
2025-03-24 22:49:14.088 [] [] WARN  [restartedMain] o.h.e.j.e.i.JdbcEnvironmentInitiator - HHH000342: Could not obtain connection to query metadata
org.hibernate.exception.GenericJDBCException: unable to obtain isolated JDBC connection [FATAL: password authentication failed for user "samagp"] [n/a]
	at org.hibernate.exception.internal.StandardSQLExceptionConverter.convert(StandardSQLExceptionConverter.java:63)
	at org.hibernate.engine.jdbc.spi.SqlExceptionHelper.convert(SqlExceptionHelper.java:108)
	at org.hibernate.engine.jdbc.spi.SqlExceptionHelper.convert(SqlExceptionHelper.java:94)
	at org.hibernate.resource.transaction.backend.jdbc.internal.JdbcIsolationDelegate.delegateWork(JdbcIsolationDelegate.java:116)
	at org.hibernate.engine.jdbc.env.internal.JdbcEnvironmentInitiator.getJdbcEnvironmentUsingJdbcMetadata(JdbcEnvironmentInitiator.java:320)
	at org.hibernate.engine.jdbc.env.internal.JdbcEnvironmentInitiator.initiateService(JdbcEnvironmentInitiator.java:129)
	at org.hibernate.engine.jdbc.env.internal.JdbcEnvironmentInitiator.initiateService(JdbcEnvironmentInitiator.java:81)
	at org.hibernate.boot.registry.internal.StandardServiceRegistryImpl.initiateService(StandardServiceRegistryImpl.java:130)
	at org.hibernate.service.internal.AbstractServiceRegistryImpl.createService(AbstractServiceRegistryImpl.java:263)
	at org.hibernate.service.internal.AbstractServiceRegistryImpl.initializeService(AbstractServiceRegistryImpl.java:238)
	at org.hibernate.service.internal.AbstractServiceRegistryImpl.getService(AbstractServiceRegistryImpl.java:215)
	at org.hibernate.boot.model.relational.Database.<init>(Database.java:45)
	at org.hibernate.boot.internal.InFlightMetadataCollectorImpl.getDatabase(InFlightMetadataCollectorImpl.java:226)
	at org.hibernate.boot.internal.InFlightMetadataCollectorImpl.<init>(InFlightMetadataCollectorImpl.java:194)
	at org.hibernate.boot.model.process.spi.MetadataBuildingProcess.complete(MetadataBuildingProcess.java:171)
	at org.hibernate.jpa.boot.internal.EntityManagerFactoryBuilderImpl.metadata(EntityManagerFactoryBuilderImpl.java:1442)
	at org.hibernate.jpa.boot.internal.EntityManagerFactoryBuilderImpl.build(EntityManagerFactoryBuilderImpl.java:1513)
	at org.springframework.orm.jpa.vendor.SpringHibernateJpaPersistenceProvider.createContainerEntityManagerFactory(SpringHibernateJpaPersistenceProvider.java:66)
	at org.springframework.orm.jpa.LocalContainerEntityManagerFactoryBean.createNativeEntityManagerFactory(LocalContainerEntityManagerFactoryBean.java:390)
	at org.springframework.orm.jpa.AbstractEntityManagerFactoryBean.buildNativeEntityManagerFactory(AbstractEntityManagerFactoryBean.java:419)
	at org.springframework.orm.jpa.AbstractEntityManagerFactoryBean.afterPropertiesSet(AbstractEntityManagerFactoryBean.java:400)
	at org.springframework.orm.jpa.LocalContainerEntityManagerFactoryBean.afterPropertiesSet(LocalContainerEntityManagerFactoryBean.java:366)
	at org.springframework.beans.factory.support.AbstractAutowireCapableBeanFactory.invokeInitMethods(AbstractAutowireCapableBeanFactory.java:1859)
	at org.springframework.beans.factory.support.AbstractAutowireCapableBeanFactory.initializeBean(AbstractAutowireCapableBeanFactory.java:1808)
	at org.springframework.beans.factory.support.AbstractAutowireCapableBeanFactory.doCreateBean(AbstractAutowireCapableBeanFactory.java:601)
	at org.springframework.beans.factory.support.AbstractAutowireCapableBeanFactory.createBean(AbstractAutowireCapableBeanFactory.java:523)
	at org.springframework.beans.factory.support.AbstractBeanFactory.lambda$doGetBean$0(AbstractBeanFactory.java:339)
	at org.springframework.beans.factory.support.DefaultSingletonBeanRegistry.getSingleton(DefaultSingletonBeanRegistry.java:346)
	at org.springframework.beans.factory.support.AbstractBeanFactory.doGetBean(AbstractBeanFactory.java:337)
	at org.springframework.beans.factory.support.AbstractBeanFactory.getBean(AbstractBeanFactory.java:207)
	at org.springframework.context.support.AbstractApplicationContext.finishBeanFactoryInitialization(AbstractApplicationContext.java:970)
	at org.springframework.context.support.AbstractApplicationContext.refresh(AbstractApplicationContext.java:627)
	at org.springframework.boot.web.servlet.context.ServletWebServerApplicationContext.refresh(ServletWebServerApplicationContext.java:146)
	at org.springframework.boot.SpringApplication.refresh(SpringApplication.java:752)
	at org.springframework.boot.SpringApplication.refreshContext(SpringApplication.java:439)
	at org.springframework.boot.SpringApplication.run(SpringApplication.java:318)
	at org.springframework.boot.SpringApplication.run(SpringApplication.java:1361)
	at org.springframework.boot.SpringApplication.run(SpringApplication.java:1350)
	at sn.fr.samagp.SamaGpApiApplication.main(SamaGpApiApplication.java:12)
	at java.base/jdk.internal.reflect.NativeMethodAccessorImpl.invoke0(Native Method)
	at java.base/jdk.internal.reflect.NativeMethodAccessorImpl.invoke(NativeMethodAccessorImpl.java:77)
	at java.base/jdk.internal.reflect.DelegatingMethodAccessorImpl.invoke(DelegatingMethodAccessorImpl.java:43)
	at java.base/java.lang.reflect.Method.invoke(Method.java:568)
	at org.springframework.boot.devtools.restart.RestartLauncher.run(RestartLauncher.java:50)
Caused by: org.postgresql.util.PSQLException: FATAL: password authentication failed for user "samagp"
	at org.postgresql.core.v3.ConnectionFactoryImpl.doAuthentication(ConnectionFactoryImpl.java:704)
	at org.postgresql.core.v3.ConnectionFactoryImpl.tryConnect(ConnectionFactoryImpl.java:213)
	at org.postgresql.core.v3.ConnectionFactoryImpl.openConnectionImpl(ConnectionFactoryImpl.java:268)
	at org.postgresql.core.ConnectionFactory.openConnection(ConnectionFactory.java:54)
	at org.postgresql.jdbc.PgConnection.<init>(PgConnection.java:273)
	at org.postgresql.Driver.makeConnection(Driver.java:446)
	at org.postgresql.Driver.connect(Driver.java:298)
	at com.zaxxer.hikari.util.DriverDataSource.getConnection(DriverDataSource.java:137)
	at com.zaxxer.hikari.pool.PoolBase.newConnection(PoolBase.java:360)
	at com.zaxxer.hikari.pool.PoolBase.newPoolEntry(PoolBase.java:202)
	at com.zaxxer.hikari.pool.HikariPool.createPoolEntry(HikariPool.java:461)
	at com.zaxxer.hikari.pool.HikariPool.checkFailFast(HikariPool.java:550)
	at com.zaxxer.hikari.pool.HikariPool.<init>(HikariPool.java:98)
	at com.zaxxer.hikari.HikariDataSource.getConnection(HikariDataSource.java:111)
	at org.hibernate.engine.jdbc.connections.internal.DatasourceConnectionProviderImpl.getConnection(DatasourceConnectionProviderImpl.java:126)
	at org.hibernate.engine.jdbc.env.internal.JdbcEnvironmentInitiator$ConnectionProviderJdbcConnectionAccess.obtainConnection(JdbcEnvironmentInitiator.java:467)
	at org.hibernate.resource.transaction.backend.jdbc.internal.JdbcIsolationDelegate.delegateWork(JdbcIsolationDelegate.java:61)
	... 40 common frames omitted
2025-03-24 22:49:14.110 [] [] WARN  [restartedMain] org.hibernate.orm.deprecation - HHH90000025: PostgreSQLDialect does not need to be specified explicitly using 'hibernate.dialect' (remove the property setting and it will be selected by default)
2025-03-24 22:49:14.125 [] [] INFO  [restartedMain] o.hibernate.orm.connections.pooling - HHH10001005: Database info:
	Database JDBC URL [Connecting through datasource 'HikariDataSource (null)']
	Database driver: undefined/unknown
	Database version: 12.0
	Autocommit mode: undefined/unknown
	Isolation level: undefined/unknown
	Minimum pool size: undefined/unknown
	Maximum pool size: undefined/unknown
2025-03-24 22:49:14.357 [] [] ERROR [restartedMain] o.s.o.j.LocalContainerEntityManagerFactoryBean - Failed to initialize JPA EntityManagerFactory: Could not determine recommended JdbcType for Java type 'sn.fr.samagp.repository.model.Itineraire'
2025-03-24 22:49:14.358 [] [] WARN  [restartedMain] o.s.b.w.s.c.AnnotationConfigServletWebServerApplicationContext - Exception encountered during context initialization - cancelling refresh attempt: org.springframework.beans.factory.BeanCreationException: Error creating bean with name 'entityManagerFactory' defined in class path resource [org/springframework/boot/autoconfigure/orm/jpa/HibernateJpaConfiguration.class]: Could not determine recommended JdbcType for Java type 'sn.fr.samagp.repository.model.Itineraire'
2025-03-24 22:49:14.364 [] [] INFO  [restartedMain] o.a.catalina.core.StandardService - Stopping service [Tomcat]
2025-03-24 22:49:14.382 [] [] INFO  [restartedMain] o.s.b.a.l.ConditionEvaluationReportLogger - 

Error starting ApplicationContext. To display the condition evaluation report re-run your application with 'debug' enabled.
2025-03-24 22:49:14.406 [] [] ERROR [restartedMain] o.s.boot.SpringApplication - Application run failed
org.springframework.beans.factory.BeanCreationException: Error creating bean with name 'entityManagerFactory' defined in class path resource [org/springframework/boot/autoconfigure/orm/jpa/HibernateJpaConfiguration.class]: Could not determine recommended JdbcType for Java type 'sn.fr.samagp.repository.model.Itineraire'
	at org.springframework.beans.factory.support.AbstractAutowireCapableBeanFactory.initializeBean(AbstractAutowireCapableBeanFactory.java:1812)
	at org.springframework.beans.factory.support.AbstractAutowireCapableBeanFactory.doCreateBean(AbstractAutowireCapableBeanFactory.java:601)
	at org.springframework.beans.factory.support.AbstractAutowireCapableBeanFactory.createBean(AbstractAutowireCapableBeanFactory.java:523)
	at org.springframework.beans.factory.support.AbstractBeanFactory.lambda$doGetBean$0(AbstractBeanFactory.java:339)
	at org.springframework.beans.factory.support.DefaultSingletonBeanRegistry.getSingleton(DefaultSingletonBeanRegistry.java:346)
	at org.springframework.beans.factory.support.AbstractBeanFactory.doGetBean(AbstractBeanFactory.java:337)
	at org.springframework.beans.factory.support.AbstractBeanFactory.getBean(AbstractBeanFactory.java:207)
	at org.springframework.context.support.AbstractApplicationContext.finishBeanFactoryInitialization(AbstractApplicationContext.java:970)
	at org.springframework.context.support.AbstractApplicationContext.refresh(AbstractApplicationContext.java:627)
	at org.springframework.boot.web.servlet.context.ServletWebServerApplicationContext.refresh(ServletWebServerApplicationContext.java:146)
	at org.springframework.boot.SpringApplication.refresh(SpringApplication.java:752)
	at org.springframework.boot.SpringApplication.refreshContext(SpringApplication.java:439)
	at org.springframework.boot.SpringApplication.run(SpringApplication.java:318)
	at org.springframework.boot.SpringApplication.run(SpringApplication.java:1361)
	at org.springframework.boot.SpringApplication.run(SpringApplication.java:1350)
	at sn.fr.samagp.SamaGpApiApplication.main(SamaGpApiApplication.java:12)
	at java.base/jdk.internal.reflect.NativeMethodAccessorImpl.invoke0(Native Method)
	at java.base/jdk.internal.reflect.NativeMethodAccessorImpl.invoke(NativeMethodAccessorImpl.java:77)
	at java.base/jdk.internal.reflect.DelegatingMethodAccessorImpl.invoke(DelegatingMethodAccessorImpl.java:43)
	at java.base/java.lang.reflect.Method.invoke(Method.java:568)
	at org.springframework.boot.devtools.restart.RestartLauncher.run(RestartLauncher.java:50)
Caused by: org.hibernate.type.descriptor.java.spi.JdbcTypeRecommendationException: Could not determine recommended JdbcType for Java type 'sn.fr.samagp.repository.model.Itineraire'
	at org.hibernate.type.descriptor.java.spi.UnknownBasicJavaType.getRecommendedJdbcType(UnknownBasicJavaType.java:50)
	at org.hibernate.boot.model.process.internal.InferredBasicValueResolver.from(InferredBasicValueResolver.java:195)
	at org.hibernate.mapping.BasicValue.resolution(BasicValue.java:664)
	at org.hibernate.mapping.BasicValue.buildResolution(BasicValue.java:461)
	at org.hibernate.mapping.BasicValue.resolve(BasicValue.java:351)
	at org.hibernate.mapping.BasicValue.resolve(BasicValue.java:341)
	at org.hibernate.boot.internal.InFlightMetadataCollectorImpl.lambda$processValueResolvers$6(InFlightMetadataCollectorImpl.java:1827)
	at java.base/java.util.ArrayList.removeIf(ArrayList.java:1682)
	at java.base/java.util.ArrayList.removeIf(ArrayList.java:1660)
	at org.hibernate.boot.internal.InFlightMetadataCollectorImpl.processValueResolvers(InFlightMetadataCollectorImpl.java:1826)
	at org.hibernate.boot.internal.InFlightMetadataCollectorImpl.processSecondPasses(InFlightMetadataCollectorImpl.java:1812)
	at org.hibernate.boot.model.process.spi.MetadataBuildingProcess.complete(MetadataBuildingProcess.java:334)
	at org.hibernate.jpa.boot.internal.EntityManagerFactoryBuilderImpl.metadata(EntityManagerFactoryBuilderImpl.java:1442)
	at org.hibernate.jpa.boot.internal.EntityManagerFactoryBuilderImpl.build(EntityManagerFactoryBuilderImpl.java:1513)
	at org.springframework.orm.jpa.vendor.SpringHibernateJpaPersistenceProvider.createContainerEntityManagerFactory(SpringHibernateJpaPersistenceProvider.java:66)
	at org.springframework.orm.jpa.LocalContainerEntityManagerFactoryBean.createNativeEntityManagerFactory(LocalContainerEntityManagerFactoryBean.java:390)
	at org.springframework.orm.jpa.AbstractEntityManagerFactoryBean.buildNativeEntityManagerFactory(AbstractEntityManagerFactoryBean.java:419)
	at org.springframework.orm.jpa.AbstractEntityManagerFactoryBean.afterPropertiesSet(AbstractEntityManagerFactoryBean.java:400)
	at org.springframework.orm.jpa.LocalContainerEntityManagerFactoryBean.afterPropertiesSet(LocalContainerEntityManagerFactoryBean.java:366)
	at org.springframework.beans.factory.support.AbstractAutowireCapableBeanFactory.invokeInitMethods(AbstractAutowireCapableBeanFactory.java:1859)
	at org.springframework.beans.factory.support.AbstractAutowireCapableBeanFactory.initializeBean(AbstractAutowireCapableBeanFactory.java:1808)
	... 20 common frames omitted
2025-03-24 22:49:57.466 [] [] INFO  [restartedMain] sn.fr.samagp.SamaGpApiApplication - Starting SamaGpApiApplication using Java 17.0.7 with PID 28482 (/Users/mac/Desktop/samaGp/samagp-api-ms/target/classes started by mac in /Users/mac/Desktop/samaGp/samagp-api-ms)
2025-03-24 22:49:57.468 [] [] INFO  [restartedMain] sn.fr.samagp.SamaGpApiApplication - The following 1 profile is active: "dev"
2025-03-24 22:49:57.513 [] [] INFO  [restartedMain] o.s.b.d.e.DevToolsPropertyDefaultsPostProcessor - Devtools property defaults active! Set 'spring.devtools.add-properties' to 'false' to disable
2025-03-24 22:49:57.514 [] [] INFO  [restartedMain] o.s.b.d.e.DevToolsPropertyDefaultsPostProcessor - For additional web related logging consider setting the 'logging.level.web' property to 'DEBUG'
2025-03-24 22:49:58.423 [] [] INFO  [restartedMain] o.s.d.r.c.RepositoryConfigurationDelegate - Bootstrapping Spring Data JPA repositories in DEFAULT mode.
2025-03-24 22:49:58.615 [] [] INFO  [restartedMain] o.s.d.r.c.RepositoryConfigurationDelegate - Finished Spring Data repository scanning in 180 ms. Found 4 JPA repository interfaces.
2025-03-24 22:49:58.801 [] [] INFO  [restartedMain] o.s.i.c.DefaultConfiguringBeanFactoryPostProcessor - No bean named 'errorChannel' has been explicitly defined. Therefore, a default PublishSubscribeChannel will be created.
2025-03-24 22:49:58.812 [] [] INFO  [restartedMain] o.s.i.c.DefaultConfiguringBeanFactoryPostProcessor - No bean named 'integrationHeaderChannelRegistry' has been explicitly defined. Therefore, a default DefaultHeaderChannelRegistry will be created.
2025-03-24 22:49:59.485 [] [] INFO  [restartedMain] o.s.b.w.e.tomcat.TomcatWebServer - Tomcat initialized with port 8084 (http)
2025-03-24 22:49:59.500 [] [] INFO  [restartedMain] o.a.catalina.core.StandardService - Starting service [Tomcat]
2025-03-24 22:49:59.501 [] [] INFO  [restartedMain] o.a.catalina.core.StandardEngine - Starting Servlet engine: [Apache Tomcat/10.1.36]
2025-03-24 22:49:59.567 [] [] INFO  [restartedMain] o.a.c.c.C.[.[localhost].[/samagp] - Initializing Spring embedded WebApplicationContext
2025-03-24 22:49:59.568 [] [] INFO  [restartedMain] o.s.b.w.s.c.ServletWebServerApplicationContext - Root WebApplicationContext: initialization completed in 2054 ms
2025-03-24 22:49:59.747 [] [] INFO  [restartedMain] o.h.jpa.internal.util.LogHelper - HHH000204: Processing PersistenceUnitInfo [name: default]
2025-03-24 22:49:59.811 [] [] INFO  [restartedMain] org.hibernate.Version - HHH000412: Hibernate ORM core version 6.6.8.Final
2025-03-24 22:49:59.843 [] [] INFO  [restartedMain] o.h.c.i.RegionFactoryInitiator - HHH000026: Second-level cache disabled
2025-03-24 22:50:00.157 [] [] INFO  [restartedMain] o.s.o.j.p.SpringPersistenceUnitInfo - No LoadTimeWeaver setup: ignoring JPA class transformer
2025-03-24 22:50:00.186 [] [] INFO  [restartedMain] com.zaxxer.hikari.HikariDataSource - HikariPool-1 - Starting...
2025-03-24 22:50:01.329 [] [] WARN  [restartedMain] o.h.e.jdbc.spi.SqlExceptionHelper - SQL Error: 0, SQLState: 28P01
2025-03-24 22:50:01.329 [] [] ERROR [restartedMain] o.h.e.jdbc.spi.SqlExceptionHelper - FATAL: password authentication failed for user "samagp"
2025-03-24 22:50:01.331 [] [] WARN  [restartedMain] o.h.e.j.e.i.JdbcEnvironmentInitiator - HHH000342: Could not obtain connection to query metadata
org.hibernate.exception.GenericJDBCException: unable to obtain isolated JDBC connection [FATAL: password authentication failed for user "samagp"] [n/a]
	at org.hibernate.exception.internal.StandardSQLExceptionConverter.convert(StandardSQLExceptionConverter.java:63)
	at org.hibernate.engine.jdbc.spi.SqlExceptionHelper.convert(SqlExceptionHelper.java:108)
	at org.hibernate.engine.jdbc.spi.SqlExceptionHelper.convert(SqlExceptionHelper.java:94)
	at org.hibernate.resource.transaction.backend.jdbc.internal.JdbcIsolationDelegate.delegateWork(JdbcIsolationDelegate.java:116)
	at org.hibernate.engine.jdbc.env.internal.JdbcEnvironmentInitiator.getJdbcEnvironmentUsingJdbcMetadata(JdbcEnvironmentInitiator.java:320)
	at org.hibernate.engine.jdbc.env.internal.JdbcEnvironmentInitiator.initiateService(JdbcEnvironmentInitiator.java:129)
	at org.hibernate.engine.jdbc.env.internal.JdbcEnvironmentInitiator.initiateService(JdbcEnvironmentInitiator.java:81)
	at org.hibernate.boot.registry.internal.StandardServiceRegistryImpl.initiateService(StandardServiceRegistryImpl.java:130)
	at org.hibernate.service.internal.AbstractServiceRegistryImpl.createService(AbstractServiceRegistryImpl.java:263)
	at org.hibernate.service.internal.AbstractServiceRegistryImpl.initializeService(AbstractServiceRegistryImpl.java:238)
	at org.hibernate.service.internal.AbstractServiceRegistryImpl.getService(AbstractServiceRegistryImpl.java:215)
	at org.hibernate.boot.model.relational.Database.<init>(Database.java:45)
	at org.hibernate.boot.internal.InFlightMetadataCollectorImpl.getDatabase(InFlightMetadataCollectorImpl.java:226)
	at org.hibernate.boot.internal.InFlightMetadataCollectorImpl.<init>(InFlightMetadataCollectorImpl.java:194)
	at org.hibernate.boot.model.process.spi.MetadataBuildingProcess.complete(MetadataBuildingProcess.java:171)
	at org.hibernate.jpa.boot.internal.EntityManagerFactoryBuilderImpl.metadata(EntityManagerFactoryBuilderImpl.java:1442)
	at org.hibernate.jpa.boot.internal.EntityManagerFactoryBuilderImpl.build(EntityManagerFactoryBuilderImpl.java:1513)
	at org.springframework.orm.jpa.vendor.SpringHibernateJpaPersistenceProvider.createContainerEntityManagerFactory(SpringHibernateJpaPersistenceProvider.java:66)
	at org.springframework.orm.jpa.LocalContainerEntityManagerFactoryBean.createNativeEntityManagerFactory(LocalContainerEntityManagerFactoryBean.java:390)
	at org.springframework.orm.jpa.AbstractEntityManagerFactoryBean.buildNativeEntityManagerFactory(AbstractEntityManagerFactoryBean.java:419)
	at org.springframework.orm.jpa.AbstractEntityManagerFactoryBean.afterPropertiesSet(AbstractEntityManagerFactoryBean.java:400)
	at org.springframework.orm.jpa.LocalContainerEntityManagerFactoryBean.afterPropertiesSet(LocalContainerEntityManagerFactoryBean.java:366)
	at org.springframework.beans.factory.support.AbstractAutowireCapableBeanFactory.invokeInitMethods(AbstractAutowireCapableBeanFactory.java:1859)
	at org.springframework.beans.factory.support.AbstractAutowireCapableBeanFactory.initializeBean(AbstractAutowireCapableBeanFactory.java:1808)
	at org.springframework.beans.factory.support.AbstractAutowireCapableBeanFactory.doCreateBean(AbstractAutowireCapableBeanFactory.java:601)
	at org.springframework.beans.factory.support.AbstractAutowireCapableBeanFactory.createBean(AbstractAutowireCapableBeanFactory.java:523)
	at org.springframework.beans.factory.support.AbstractBeanFactory.lambda$doGetBean$0(AbstractBeanFactory.java:339)
	at org.springframework.beans.factory.support.DefaultSingletonBeanRegistry.getSingleton(DefaultSingletonBeanRegistry.java:346)
	at org.springframework.beans.factory.support.AbstractBeanFactory.doGetBean(AbstractBeanFactory.java:337)
	at org.springframework.beans.factory.support.AbstractBeanFactory.getBean(AbstractBeanFactory.java:207)
	at org.springframework.context.support.AbstractApplicationContext.finishBeanFactoryInitialization(AbstractApplicationContext.java:970)
	at org.springframework.context.support.AbstractApplicationContext.refresh(AbstractApplicationContext.java:627)
	at org.springframework.boot.web.servlet.context.ServletWebServerApplicationContext.refresh(ServletWebServerApplicationContext.java:146)
	at org.springframework.boot.SpringApplication.refresh(SpringApplication.java:752)
	at org.springframework.boot.SpringApplication.refreshContext(SpringApplication.java:439)
	at org.springframework.boot.SpringApplication.run(SpringApplication.java:318)
	at org.springframework.boot.SpringApplication.run(SpringApplication.java:1361)
	at org.springframework.boot.SpringApplication.run(SpringApplication.java:1350)
	at sn.fr.samagp.SamaGpApiApplication.main(SamaGpApiApplication.java:12)
	at java.base/jdk.internal.reflect.NativeMethodAccessorImpl.invoke0(Native Method)
	at java.base/jdk.internal.reflect.NativeMethodAccessorImpl.invoke(NativeMethodAccessorImpl.java:77)
	at java.base/jdk.internal.reflect.DelegatingMethodAccessorImpl.invoke(DelegatingMethodAccessorImpl.java:43)
	at java.base/java.lang.reflect.Method.invoke(Method.java:568)
	at org.springframework.boot.devtools.restart.RestartLauncher.run(RestartLauncher.java:50)
Caused by: org.postgresql.util.PSQLException: FATAL: password authentication failed for user "samagp"
	at org.postgresql.core.v3.ConnectionFactoryImpl.doAuthentication(ConnectionFactoryImpl.java:704)
	at org.postgresql.core.v3.ConnectionFactoryImpl.tryConnect(ConnectionFactoryImpl.java:213)
	at org.postgresql.core.v3.ConnectionFactoryImpl.openConnectionImpl(ConnectionFactoryImpl.java:268)
	at org.postgresql.core.ConnectionFactory.openConnection(ConnectionFactory.java:54)
	at org.postgresql.jdbc.PgConnection.<init>(PgConnection.java:273)
	at org.postgresql.Driver.makeConnection(Driver.java:446)
	at org.postgresql.Driver.connect(Driver.java:298)
	at com.zaxxer.hikari.util.DriverDataSource.getConnection(DriverDataSource.java:137)
	at com.zaxxer.hikari.pool.PoolBase.newConnection(PoolBase.java:360)
	at com.zaxxer.hikari.pool.PoolBase.newPoolEntry(PoolBase.java:202)
	at com.zaxxer.hikari.pool.HikariPool.createPoolEntry(HikariPool.java:461)
	at com.zaxxer.hikari.pool.HikariPool.checkFailFast(HikariPool.java:550)
	at com.zaxxer.hikari.pool.HikariPool.<init>(HikariPool.java:98)
	at com.zaxxer.hikari.HikariDataSource.getConnection(HikariDataSource.java:111)
	at org.hibernate.engine.jdbc.connections.internal.DatasourceConnectionProviderImpl.getConnection(DatasourceConnectionProviderImpl.java:126)
	at org.hibernate.engine.jdbc.env.internal.JdbcEnvironmentInitiator$ConnectionProviderJdbcConnectionAccess.obtainConnection(JdbcEnvironmentInitiator.java:467)
	at org.hibernate.resource.transaction.backend.jdbc.internal.JdbcIsolationDelegate.delegateWork(JdbcIsolationDelegate.java:61)
	... 40 common frames omitted
2025-03-24 22:50:01.352 [] [] WARN  [restartedMain] org.hibernate.orm.deprecation - HHH90000025: PostgreSQLDialect does not need to be specified explicitly using 'hibernate.dialect' (remove the property setting and it will be selected by default)
2025-03-24 22:50:01.365 [] [] INFO  [restartedMain] o.hibernate.orm.connections.pooling - HHH10001005: Database info:
	Database JDBC URL [Connecting through datasource 'HikariDataSource (null)']
	Database driver: undefined/unknown
	Database version: 12.0
	Autocommit mode: undefined/unknown
	Isolation level: undefined/unknown
	Minimum pool size: undefined/unknown
	Maximum pool size: undefined/unknown
2025-03-24 22:50:01.586 [] [] ERROR [restartedMain] o.s.o.j.LocalContainerEntityManagerFactoryBean - Failed to initialize JPA EntityManagerFactory: Could not determine recommended JdbcType for Java type 'sn.fr.samagp.repository.model.Itineraire'
2025-03-24 22:50:01.587 [] [] WARN  [restartedMain] o.s.b.w.s.c.AnnotationConfigServletWebServerApplicationContext - Exception encountered during context initialization - cancelling refresh attempt: org.springframework.beans.factory.BeanCreationException: Error creating bean with name 'entityManagerFactory' defined in class path resource [org/springframework/boot/autoconfigure/orm/jpa/HibernateJpaConfiguration.class]: Could not determine recommended JdbcType for Java type 'sn.fr.samagp.repository.model.Itineraire'
2025-03-24 22:50:01.591 [] [] INFO  [restartedMain] o.a.catalina.core.StandardService - Stopping service [Tomcat]
2025-03-24 22:50:01.607 [] [] INFO  [restartedMain] o.s.b.a.l.ConditionEvaluationReportLogger - 

Error starting ApplicationContext. To display the condition evaluation report re-run your application with 'debug' enabled.
2025-03-24 22:50:01.630 [] [] ERROR [restartedMain] o.s.boot.SpringApplication - Application run failed
org.springframework.beans.factory.BeanCreationException: Error creating bean with name 'entityManagerFactory' defined in class path resource [org/springframework/boot/autoconfigure/orm/jpa/HibernateJpaConfiguration.class]: Could not determine recommended JdbcType for Java type 'sn.fr.samagp.repository.model.Itineraire'
	at org.springframework.beans.factory.support.AbstractAutowireCapableBeanFactory.initializeBean(AbstractAutowireCapableBeanFactory.java:1812)
	at org.springframework.beans.factory.support.AbstractAutowireCapableBeanFactory.doCreateBean(AbstractAutowireCapableBeanFactory.java:601)
	at org.springframework.beans.factory.support.AbstractAutowireCapableBeanFactory.createBean(AbstractAutowireCapableBeanFactory.java:523)
	at org.springframework.beans.factory.support.AbstractBeanFactory.lambda$doGetBean$0(AbstractBeanFactory.java:339)
	at org.springframework.beans.factory.support.DefaultSingletonBeanRegistry.getSingleton(DefaultSingletonBeanRegistry.java:346)
	at org.springframework.beans.factory.support.AbstractBeanFactory.doGetBean(AbstractBeanFactory.java:337)
	at org.springframework.beans.factory.support.AbstractBeanFactory.getBean(AbstractBeanFactory.java:207)
	at org.springframework.context.support.AbstractApplicationContext.finishBeanFactoryInitialization(AbstractApplicationContext.java:970)
	at org.springframework.context.support.AbstractApplicationContext.refresh(AbstractApplicationContext.java:627)
	at org.springframework.boot.web.servlet.context.ServletWebServerApplicationContext.refresh(ServletWebServerApplicationContext.java:146)
	at org.springframework.boot.SpringApplication.refresh(SpringApplication.java:752)
	at org.springframework.boot.SpringApplication.refreshContext(SpringApplication.java:439)
	at org.springframework.boot.SpringApplication.run(SpringApplication.java:318)
	at org.springframework.boot.SpringApplication.run(SpringApplication.java:1361)
	at org.springframework.boot.SpringApplication.run(SpringApplication.java:1350)
	at sn.fr.samagp.SamaGpApiApplication.main(SamaGpApiApplication.java:12)
	at java.base/jdk.internal.reflect.NativeMethodAccessorImpl.invoke0(Native Method)
	at java.base/jdk.internal.reflect.NativeMethodAccessorImpl.invoke(NativeMethodAccessorImpl.java:77)
	at java.base/jdk.internal.reflect.DelegatingMethodAccessorImpl.invoke(DelegatingMethodAccessorImpl.java:43)
	at java.base/java.lang.reflect.Method.invoke(Method.java:568)
	at org.springframework.boot.devtools.restart.RestartLauncher.run(RestartLauncher.java:50)
Caused by: org.hibernate.type.descriptor.java.spi.JdbcTypeRecommendationException: Could not determine recommended JdbcType for Java type 'sn.fr.samagp.repository.model.Itineraire'
	at org.hibernate.type.descriptor.java.spi.UnknownBasicJavaType.getRecommendedJdbcType(UnknownBasicJavaType.java:50)
	at org.hibernate.boot.model.process.internal.InferredBasicValueResolver.from(InferredBasicValueResolver.java:195)
	at org.hibernate.mapping.BasicValue.resolution(BasicValue.java:664)
	at org.hibernate.mapping.BasicValue.buildResolution(BasicValue.java:461)
	at org.hibernate.mapping.BasicValue.resolve(BasicValue.java:351)
	at org.hibernate.mapping.BasicValue.resolve(BasicValue.java:341)
	at org.hibernate.boot.internal.InFlightMetadataCollectorImpl.lambda$processValueResolvers$6(InFlightMetadataCollectorImpl.java:1827)
	at java.base/java.util.ArrayList.removeIf(ArrayList.java:1682)
	at java.base/java.util.ArrayList.removeIf(ArrayList.java:1660)
	at org.hibernate.boot.internal.InFlightMetadataCollectorImpl.processValueResolvers(InFlightMetadataCollectorImpl.java:1826)
	at org.hibernate.boot.internal.InFlightMetadataCollectorImpl.processSecondPasses(InFlightMetadataCollectorImpl.java:1812)
	at org.hibernate.boot.model.process.spi.MetadataBuildingProcess.complete(MetadataBuildingProcess.java:334)
	at org.hibernate.jpa.boot.internal.EntityManagerFactoryBuilderImpl.metadata(EntityManagerFactoryBuilderImpl.java:1442)
	at org.hibernate.jpa.boot.internal.EntityManagerFactoryBuilderImpl.build(EntityManagerFactoryBuilderImpl.java:1513)
	at org.springframework.orm.jpa.vendor.SpringHibernateJpaPersistenceProvider.createContainerEntityManagerFactory(SpringHibernateJpaPersistenceProvider.java:66)
	at org.springframework.orm.jpa.LocalContainerEntityManagerFactoryBean.createNativeEntityManagerFactory(LocalContainerEntityManagerFactoryBean.java:390)
	at org.springframework.orm.jpa.AbstractEntityManagerFactoryBean.buildNativeEntityManagerFactory(AbstractEntityManagerFactoryBean.java:419)
	at org.springframework.orm.jpa.AbstractEntityManagerFactoryBean.afterPropertiesSet(AbstractEntityManagerFactoryBean.java:400)
	at org.springframework.orm.jpa.LocalContainerEntityManagerFactoryBean.afterPropertiesSet(LocalContainerEntityManagerFactoryBean.java:366)
	at org.springframework.beans.factory.support.AbstractAutowireCapableBeanFactory.invokeInitMethods(AbstractAutowireCapableBeanFactory.java:1859)
	at org.springframework.beans.factory.support.AbstractAutowireCapableBeanFactory.initializeBean(AbstractAutowireCapableBeanFactory.java:1808)
	... 20 common frames omitted
2025-03-24 22:52:18.596 [] [] INFO  [restartedMain] sn.fr.samagp.SamaGpApiApplication - Starting SamaGpApiApplication using Java 17.0.7 with PID 29725 (/Users/mac/Desktop/samaGp/samagp-api-ms/target/classes started by mac in /Users/mac/Desktop/samaGp/samagp-api-ms)
2025-03-24 22:52:18.599 [] [] INFO  [restartedMain] sn.fr.samagp.SamaGpApiApplication - The following 1 profile is active: "dev"
2025-03-24 22:52:18.651 [] [] INFO  [restartedMain] o.s.b.d.e.DevToolsPropertyDefaultsPostProcessor - Devtools property defaults active! Set 'spring.devtools.add-properties' to 'false' to disable
2025-03-24 22:52:18.652 [] [] INFO  [restartedMain] o.s.b.d.e.DevToolsPropertyDefaultsPostProcessor - For additional web related logging consider setting the 'logging.level.web' property to 'DEBUG'
2025-03-24 22:52:19.817 [] [] INFO  [restartedMain] o.s.d.r.c.RepositoryConfigurationDelegate - Bootstrapping Spring Data JPA repositories in DEFAULT mode.
2025-03-24 22:52:20.052 [] [] INFO  [restartedMain] o.s.d.r.c.RepositoryConfigurationDelegate - Finished Spring Data repository scanning in 220 ms. Found 4 JPA repository interfaces.
2025-03-24 22:52:20.189 [] [] INFO  [restartedMain] o.s.i.c.DefaultConfiguringBeanFactoryPostProcessor - No bean named 'errorChannel' has been explicitly defined. Therefore, a default PublishSubscribeChannel will be created.
2025-03-24 22:52:20.203 [] [] INFO  [restartedMain] o.s.i.c.DefaultConfiguringBeanFactoryPostProcessor - No bean named 'integrationHeaderChannelRegistry' has been explicitly defined. Therefore, a default DefaultHeaderChannelRegistry will be created.
2025-03-24 22:52:20.903 [] [] INFO  [restartedMain] o.s.b.w.e.tomcat.TomcatWebServer - Tomcat initialized with port 8084 (http)
2025-03-24 22:52:20.920 [] [] INFO  [restartedMain] o.a.catalina.core.StandardService - Starting service [Tomcat]
2025-03-24 22:52:20.920 [] [] INFO  [restartedMain] o.a.catalina.core.StandardEngine - Starting Servlet engine: [Apache Tomcat/10.1.36]
2025-03-24 22:52:20.990 [] [] INFO  [restartedMain] o.a.c.c.C.[.[localhost].[/samagp] - Initializing Spring embedded WebApplicationContext
2025-03-24 22:52:20.991 [] [] INFO  [restartedMain] o.s.b.w.s.c.ServletWebServerApplicationContext - Root WebApplicationContext: initialization completed in 2338 ms
2025-03-24 22:52:21.261 [] [] INFO  [restartedMain] o.h.jpa.internal.util.LogHelper - HHH000204: Processing PersistenceUnitInfo [name: default]
2025-03-24 22:52:21.314 [] [] INFO  [restartedMain] org.hibernate.Version - HHH000412: Hibernate ORM core version 6.6.8.Final
2025-03-24 22:52:21.347 [] [] INFO  [restartedMain] o.h.c.i.RegionFactoryInitiator - HHH000026: Second-level cache disabled
2025-03-24 22:52:21.661 [] [] INFO  [restartedMain] o.s.o.j.p.SpringPersistenceUnitInfo - No LoadTimeWeaver setup: ignoring JPA class transformer
2025-03-24 22:52:21.689 [] [] INFO  [restartedMain] com.zaxxer.hikari.HikariDataSource - HikariPool-1 - Starting...
2025-03-24 22:52:22.856 [] [] WARN  [restartedMain] o.h.e.jdbc.spi.SqlExceptionHelper - SQL Error: 0, SQLState: 28P01
2025-03-24 22:52:22.857 [] [] ERROR [restartedMain] o.h.e.jdbc.spi.SqlExceptionHelper - FATAL: password authentication failed for user "samagp"
2025-03-24 22:52:22.859 [] [] WARN  [restartedMain] o.h.e.j.e.i.JdbcEnvironmentInitiator - HHH000342: Could not obtain connection to query metadata
org.hibernate.exception.GenericJDBCException: unable to obtain isolated JDBC connection [FATAL: password authentication failed for user "samagp"] [n/a]
	at org.hibernate.exception.internal.StandardSQLExceptionConverter.convert(StandardSQLExceptionConverter.java:63)
	at org.hibernate.engine.jdbc.spi.SqlExceptionHelper.convert(SqlExceptionHelper.java:108)
	at org.hibernate.engine.jdbc.spi.SqlExceptionHelper.convert(SqlExceptionHelper.java:94)
	at org.hibernate.resource.transaction.backend.jdbc.internal.JdbcIsolationDelegate.delegateWork(JdbcIsolationDelegate.java:116)
	at org.hibernate.engine.jdbc.env.internal.JdbcEnvironmentInitiator.getJdbcEnvironmentUsingJdbcMetadata(JdbcEnvironmentInitiator.java:320)
	at org.hibernate.engine.jdbc.env.internal.JdbcEnvironmentInitiator.initiateService(JdbcEnvironmentInitiator.java:129)
	at org.hibernate.engine.jdbc.env.internal.JdbcEnvironmentInitiator.initiateService(JdbcEnvironmentInitiator.java:81)
	at org.hibernate.boot.registry.internal.StandardServiceRegistryImpl.initiateService(StandardServiceRegistryImpl.java:130)
	at org.hibernate.service.internal.AbstractServiceRegistryImpl.createService(AbstractServiceRegistryImpl.java:263)
	at org.hibernate.service.internal.AbstractServiceRegistryImpl.initializeService(AbstractServiceRegistryImpl.java:238)
	at org.hibernate.service.internal.AbstractServiceRegistryImpl.getService(AbstractServiceRegistryImpl.java:215)
	at org.hibernate.boot.model.relational.Database.<init>(Database.java:45)
	at org.hibernate.boot.internal.InFlightMetadataCollectorImpl.getDatabase(InFlightMetadataCollectorImpl.java:226)
	at org.hibernate.boot.internal.InFlightMetadataCollectorImpl.<init>(InFlightMetadataCollectorImpl.java:194)
	at org.hibernate.boot.model.process.spi.MetadataBuildingProcess.complete(MetadataBuildingProcess.java:171)
	at org.hibernate.jpa.boot.internal.EntityManagerFactoryBuilderImpl.metadata(EntityManagerFactoryBuilderImpl.java:1442)
	at org.hibernate.jpa.boot.internal.EntityManagerFactoryBuilderImpl.build(EntityManagerFactoryBuilderImpl.java:1513)
	at org.springframework.orm.jpa.vendor.SpringHibernateJpaPersistenceProvider.createContainerEntityManagerFactory(SpringHibernateJpaPersistenceProvider.java:66)
	at org.springframework.orm.jpa.LocalContainerEntityManagerFactoryBean.createNativeEntityManagerFactory(LocalContainerEntityManagerFactoryBean.java:390)
	at org.springframework.orm.jpa.AbstractEntityManagerFactoryBean.buildNativeEntityManagerFactory(AbstractEntityManagerFactoryBean.java:419)
	at org.springframework.orm.jpa.AbstractEntityManagerFactoryBean.afterPropertiesSet(AbstractEntityManagerFactoryBean.java:400)
	at org.springframework.orm.jpa.LocalContainerEntityManagerFactoryBean.afterPropertiesSet(LocalContainerEntityManagerFactoryBean.java:366)
	at org.springframework.beans.factory.support.AbstractAutowireCapableBeanFactory.invokeInitMethods(AbstractAutowireCapableBeanFactory.java:1859)
	at org.springframework.beans.factory.support.AbstractAutowireCapableBeanFactory.initializeBean(AbstractAutowireCapableBeanFactory.java:1808)
	at org.springframework.beans.factory.support.AbstractAutowireCapableBeanFactory.doCreateBean(AbstractAutowireCapableBeanFactory.java:601)
	at org.springframework.beans.factory.support.AbstractAutowireCapableBeanFactory.createBean(AbstractAutowireCapableBeanFactory.java:523)
	at org.springframework.beans.factory.support.AbstractBeanFactory.lambda$doGetBean$0(AbstractBeanFactory.java:339)
	at org.springframework.beans.factory.support.DefaultSingletonBeanRegistry.getSingleton(DefaultSingletonBeanRegistry.java:346)
	at org.springframework.beans.factory.support.AbstractBeanFactory.doGetBean(AbstractBeanFactory.java:337)
	at org.springframework.beans.factory.support.AbstractBeanFactory.getBean(AbstractBeanFactory.java:207)
	at org.springframework.context.support.AbstractApplicationContext.finishBeanFactoryInitialization(AbstractApplicationContext.java:970)
	at org.springframework.context.support.AbstractApplicationContext.refresh(AbstractApplicationContext.java:627)
	at org.springframework.boot.web.servlet.context.ServletWebServerApplicationContext.refresh(ServletWebServerApplicationContext.java:146)
	at org.springframework.boot.SpringApplication.refresh(SpringApplication.java:752)
	at org.springframework.boot.SpringApplication.refreshContext(SpringApplication.java:439)
	at org.springframework.boot.SpringApplication.run(SpringApplication.java:318)
	at org.springframework.boot.SpringApplication.run(SpringApplication.java:1361)
	at org.springframework.boot.SpringApplication.run(SpringApplication.java:1350)
	at sn.fr.samagp.SamaGpApiApplication.main(SamaGpApiApplication.java:12)
	at java.base/jdk.internal.reflect.NativeMethodAccessorImpl.invoke0(Native Method)
	at java.base/jdk.internal.reflect.NativeMethodAccessorImpl.invoke(NativeMethodAccessorImpl.java:77)
	at java.base/jdk.internal.reflect.DelegatingMethodAccessorImpl.invoke(DelegatingMethodAccessorImpl.java:43)
	at java.base/java.lang.reflect.Method.invoke(Method.java:568)
	at org.springframework.boot.devtools.restart.RestartLauncher.run(RestartLauncher.java:50)
Caused by: org.postgresql.util.PSQLException: FATAL: password authentication failed for user "samagp"
	at org.postgresql.core.v3.ConnectionFactoryImpl.doAuthentication(ConnectionFactoryImpl.java:704)
	at org.postgresql.core.v3.ConnectionFactoryImpl.tryConnect(ConnectionFactoryImpl.java:213)
	at org.postgresql.core.v3.ConnectionFactoryImpl.openConnectionImpl(ConnectionFactoryImpl.java:268)
	at org.postgresql.core.ConnectionFactory.openConnection(ConnectionFactory.java:54)
	at org.postgresql.jdbc.PgConnection.<init>(PgConnection.java:273)
	at org.postgresql.Driver.makeConnection(Driver.java:446)
	at org.postgresql.Driver.connect(Driver.java:298)
	at com.zaxxer.hikari.util.DriverDataSource.getConnection(DriverDataSource.java:137)
	at com.zaxxer.hikari.pool.PoolBase.newConnection(PoolBase.java:360)
	at com.zaxxer.hikari.pool.PoolBase.newPoolEntry(PoolBase.java:202)
	at com.zaxxer.hikari.pool.HikariPool.createPoolEntry(HikariPool.java:461)
	at com.zaxxer.hikari.pool.HikariPool.checkFailFast(HikariPool.java:550)
	at com.zaxxer.hikari.pool.HikariPool.<init>(HikariPool.java:98)
	at com.zaxxer.hikari.HikariDataSource.getConnection(HikariDataSource.java:111)
	at org.hibernate.engine.jdbc.connections.internal.DatasourceConnectionProviderImpl.getConnection(DatasourceConnectionProviderImpl.java:126)
	at org.hibernate.engine.jdbc.env.internal.JdbcEnvironmentInitiator$ConnectionProviderJdbcConnectionAccess.obtainConnection(JdbcEnvironmentInitiator.java:467)
	at org.hibernate.resource.transaction.backend.jdbc.internal.JdbcIsolationDelegate.delegateWork(JdbcIsolationDelegate.java:61)
	... 40 common frames omitted
2025-03-24 22:52:22.881 [] [] WARN  [restartedMain] org.hibernate.orm.deprecation - HHH90000025: PostgreSQLDialect does not need to be specified explicitly using 'hibernate.dialect' (remove the property setting and it will be selected by default)
2025-03-24 22:52:22.894 [] [] INFO  [restartedMain] o.hibernate.orm.connections.pooling - HHH10001005: Database info:
	Database JDBC URL [Connecting through datasource 'HikariDataSource (null)']
	Database driver: undefined/unknown
	Database version: 12.0
	Autocommit mode: undefined/unknown
	Isolation level: undefined/unknown
	Minimum pool size: undefined/unknown
	Maximum pool size: undefined/unknown
2025-03-24 22:52:23.125 [] [] ERROR [restartedMain] o.s.o.j.LocalContainerEntityManagerFactoryBean - Failed to initialize JPA EntityManagerFactory: Could not determine recommended JdbcType for Java type 'sn.fr.samagp.repository.model.Itineraire'
2025-03-24 22:52:23.126 [] [] WARN  [restartedMain] o.s.b.w.s.c.AnnotationConfigServletWebServerApplicationContext - Exception encountered during context initialization - cancelling refresh attempt: org.springframework.beans.factory.BeanCreationException: Error creating bean with name 'entityManagerFactory' defined in class path resource [org/springframework/boot/autoconfigure/orm/jpa/HibernateJpaConfiguration.class]: Could not determine recommended JdbcType for Java type 'sn.fr.samagp.repository.model.Itineraire'
2025-03-24 22:52:23.133 [] [] INFO  [restartedMain] o.a.catalina.core.StandardService - Stopping service [Tomcat]
2025-03-24 22:52:23.150 [] [] INFO  [restartedMain] o.s.b.a.l.ConditionEvaluationReportLogger - 

Error starting ApplicationContext. To display the condition evaluation report re-run your application with 'debug' enabled.
2025-03-24 22:52:23.175 [] [] ERROR [restartedMain] o.s.boot.SpringApplication - Application run failed
org.springframework.beans.factory.BeanCreationException: Error creating bean with name 'entityManagerFactory' defined in class path resource [org/springframework/boot/autoconfigure/orm/jpa/HibernateJpaConfiguration.class]: Could not determine recommended JdbcType for Java type 'sn.fr.samagp.repository.model.Itineraire'
	at org.springframework.beans.factory.support.AbstractAutowireCapableBeanFactory.initializeBean(AbstractAutowireCapableBeanFactory.java:1812)
	at org.springframework.beans.factory.support.AbstractAutowireCapableBeanFactory.doCreateBean(AbstractAutowireCapableBeanFactory.java:601)
	at org.springframework.beans.factory.support.AbstractAutowireCapableBeanFactory.createBean(AbstractAutowireCapableBeanFactory.java:523)
	at org.springframework.beans.factory.support.AbstractBeanFactory.lambda$doGetBean$0(AbstractBeanFactory.java:339)
	at org.springframework.beans.factory.support.DefaultSingletonBeanRegistry.getSingleton(DefaultSingletonBeanRegistry.java:346)
	at org.springframework.beans.factory.support.AbstractBeanFactory.doGetBean(AbstractBeanFactory.java:337)
	at org.springframework.beans.factory.support.AbstractBeanFactory.getBean(AbstractBeanFactory.java:207)
	at org.springframework.context.support.AbstractApplicationContext.finishBeanFactoryInitialization(AbstractApplicationContext.java:970)
	at org.springframework.context.support.AbstractApplicationContext.refresh(AbstractApplicationContext.java:627)
	at org.springframework.boot.web.servlet.context.ServletWebServerApplicationContext.refresh(ServletWebServerApplicationContext.java:146)
	at org.springframework.boot.SpringApplication.refresh(SpringApplication.java:752)
	at org.springframework.boot.SpringApplication.refreshContext(SpringApplication.java:439)
	at org.springframework.boot.SpringApplication.run(SpringApplication.java:318)
	at org.springframework.boot.SpringApplication.run(SpringApplication.java:1361)
	at org.springframework.boot.SpringApplication.run(SpringApplication.java:1350)
	at sn.fr.samagp.SamaGpApiApplication.main(SamaGpApiApplication.java:12)
	at java.base/jdk.internal.reflect.NativeMethodAccessorImpl.invoke0(Native Method)
	at java.base/jdk.internal.reflect.NativeMethodAccessorImpl.invoke(NativeMethodAccessorImpl.java:77)
	at java.base/jdk.internal.reflect.DelegatingMethodAccessorImpl.invoke(DelegatingMethodAccessorImpl.java:43)
	at java.base/java.lang.reflect.Method.invoke(Method.java:568)
	at org.springframework.boot.devtools.restart.RestartLauncher.run(RestartLauncher.java:50)
Caused by: org.hibernate.type.descriptor.java.spi.JdbcTypeRecommendationException: Could not determine recommended JdbcType for Java type 'sn.fr.samagp.repository.model.Itineraire'
	at org.hibernate.type.descriptor.java.spi.UnknownBasicJavaType.getRecommendedJdbcType(UnknownBasicJavaType.java:50)
	at org.hibernate.boot.model.process.internal.InferredBasicValueResolver.from(InferredBasicValueResolver.java:195)
	at org.hibernate.mapping.BasicValue.resolution(BasicValue.java:664)
	at org.hibernate.mapping.BasicValue.buildResolution(BasicValue.java:461)
	at org.hibernate.mapping.BasicValue.resolve(BasicValue.java:351)
	at org.hibernate.mapping.BasicValue.resolve(BasicValue.java:341)
	at org.hibernate.boot.internal.InFlightMetadataCollectorImpl.lambda$processValueResolvers$6(InFlightMetadataCollectorImpl.java:1827)
	at java.base/java.util.ArrayList.removeIf(ArrayList.java:1682)
	at java.base/java.util.ArrayList.removeIf(ArrayList.java:1660)
	at org.hibernate.boot.internal.InFlightMetadataCollectorImpl.processValueResolvers(InFlightMetadataCollectorImpl.java:1826)
	at org.hibernate.boot.internal.InFlightMetadataCollectorImpl.processSecondPasses(InFlightMetadataCollectorImpl.java:1812)
	at org.hibernate.boot.model.process.spi.MetadataBuildingProcess.complete(MetadataBuildingProcess.java:334)
	at org.hibernate.jpa.boot.internal.EntityManagerFactoryBuilderImpl.metadata(EntityManagerFactoryBuilderImpl.java:1442)
	at org.hibernate.jpa.boot.internal.EntityManagerFactoryBuilderImpl.build(EntityManagerFactoryBuilderImpl.java:1513)
	at org.springframework.orm.jpa.vendor.SpringHibernateJpaPersistenceProvider.createContainerEntityManagerFactory(SpringHibernateJpaPersistenceProvider.java:66)
	at org.springframework.orm.jpa.LocalContainerEntityManagerFactoryBean.createNativeEntityManagerFactory(LocalContainerEntityManagerFactoryBean.java:390)
	at org.springframework.orm.jpa.AbstractEntityManagerFactoryBean.buildNativeEntityManagerFactory(AbstractEntityManagerFactoryBean.java:419)
	at org.springframework.orm.jpa.AbstractEntityManagerFactoryBean.afterPropertiesSet(AbstractEntityManagerFactoryBean.java:400)
	at org.springframework.orm.jpa.LocalContainerEntityManagerFactoryBean.afterPropertiesSet(LocalContainerEntityManagerFactoryBean.java:366)
	at org.springframework.beans.factory.support.AbstractAutowireCapableBeanFactory.invokeInitMethods(AbstractAutowireCapableBeanFactory.java:1859)
	at org.springframework.beans.factory.support.AbstractAutowireCapableBeanFactory.initializeBean(AbstractAutowireCapableBeanFactory.java:1808)
	... 20 common frames omitted
2025-03-24 22:56:25.385 [] [] INFO  [restartedMain] sn.fr.samagp.SamaGpApiApplication - Starting SamaGpApiApplication using Java 17.0.7 with PID 31895 (/Users/mac/Desktop/samaGp/samagp-api-ms/target/classes started by mac in /Users/mac/Desktop/samaGp/samagp-api-ms)
2025-03-24 22:56:25.388 [] [] INFO  [restartedMain] sn.fr.samagp.SamaGpApiApplication - The following 1 profile is active: "dev"
2025-03-24 22:56:25.442 [] [] INFO  [restartedMain] o.s.b.d.e.DevToolsPropertyDefaultsPostProcessor - Devtools property defaults active! Set 'spring.devtools.add-properties' to 'false' to disable
2025-03-24 22:56:25.443 [] [] INFO  [restartedMain] o.s.b.d.e.DevToolsPropertyDefaultsPostProcessor - For additional web related logging consider setting the 'logging.level.web' property to 'DEBUG'
2025-03-24 22:56:26.453 [] [] INFO  [restartedMain] o.s.d.r.c.RepositoryConfigurationDelegate - Bootstrapping Spring Data JPA repositories in DEFAULT mode.
2025-03-24 22:56:26.687 [] [] INFO  [restartedMain] o.s.d.r.c.RepositoryConfigurationDelegate - Finished Spring Data repository scanning in 221 ms. Found 3 JPA repository interfaces.
2025-03-24 22:56:26.832 [] [] INFO  [restartedMain] o.s.i.c.DefaultConfiguringBeanFactoryPostProcessor - No bean named 'errorChannel' has been explicitly defined. Therefore, a default PublishSubscribeChannel will be created.
2025-03-24 22:56:26.848 [] [] INFO  [restartedMain] o.s.i.c.DefaultConfiguringBeanFactoryPostProcessor - No bean named 'integrationHeaderChannelRegistry' has been explicitly defined. Therefore, a default DefaultHeaderChannelRegistry will be created.
2025-03-24 22:56:27.557 [] [] INFO  [restartedMain] o.s.b.w.e.tomcat.TomcatWebServer - Tomcat initialized with port 8084 (http)
2025-03-24 22:56:27.576 [] [] INFO  [restartedMain] o.a.catalina.core.StandardService - Starting service [Tomcat]
2025-03-24 22:56:27.576 [] [] INFO  [restartedMain] o.a.catalina.core.StandardEngine - Starting Servlet engine: [Apache Tomcat/10.1.36]
2025-03-24 22:56:27.637 [] [] INFO  [restartedMain] o.a.c.c.C.[.[localhost].[/samagp] - Initializing Spring embedded WebApplicationContext
2025-03-24 22:56:27.638 [] [] INFO  [restartedMain] o.s.b.w.s.c.ServletWebServerApplicationContext - Root WebApplicationContext: initialization completed in 2194 ms
2025-03-24 22:56:27.857 [] [] INFO  [restartedMain] o.h.jpa.internal.util.LogHelper - HHH000204: Processing PersistenceUnitInfo [name: default]
2025-03-24 22:56:27.934 [] [] INFO  [restartedMain] org.hibernate.Version - HHH000412: Hibernate ORM core version 6.6.8.Final
2025-03-24 22:56:27.968 [] [] INFO  [restartedMain] o.h.c.i.RegionFactoryInitiator - HHH000026: Second-level cache disabled
2025-03-24 22:56:28.441 [] [] INFO  [restartedMain] o.s.o.j.p.SpringPersistenceUnitInfo - No LoadTimeWeaver setup: ignoring JPA class transformer
2025-03-24 22:56:28.477 [] [] INFO  [restartedMain] com.zaxxer.hikari.HikariDataSource - HikariPool-1 - Starting...
2025-03-24 22:56:29.653 [] [] WARN  [restartedMain] o.h.e.jdbc.spi.SqlExceptionHelper - SQL Error: 0, SQLState: 28P01
2025-03-24 22:56:29.653 [] [] ERROR [restartedMain] o.h.e.jdbc.spi.SqlExceptionHelper - FATAL: password authentication failed for user "samagp"
2025-03-24 22:56:29.655 [] [] WARN  [restartedMain] o.h.e.j.e.i.JdbcEnvironmentInitiator - HHH000342: Could not obtain connection to query metadata
org.hibernate.exception.GenericJDBCException: unable to obtain isolated JDBC connection [FATAL: password authentication failed for user "samagp"] [n/a]
	at org.hibernate.exception.internal.StandardSQLExceptionConverter.convert(StandardSQLExceptionConverter.java:63)
	at org.hibernate.engine.jdbc.spi.SqlExceptionHelper.convert(SqlExceptionHelper.java:108)
	at org.hibernate.engine.jdbc.spi.SqlExceptionHelper.convert(SqlExceptionHelper.java:94)
	at org.hibernate.resource.transaction.backend.jdbc.internal.JdbcIsolationDelegate.delegateWork(JdbcIsolationDelegate.java:116)
	at org.hibernate.engine.jdbc.env.internal.JdbcEnvironmentInitiator.getJdbcEnvironmentUsingJdbcMetadata(JdbcEnvironmentInitiator.java:320)
	at org.hibernate.engine.jdbc.env.internal.JdbcEnvironmentInitiator.initiateService(JdbcEnvironmentInitiator.java:129)
	at org.hibernate.engine.jdbc.env.internal.JdbcEnvironmentInitiator.initiateService(JdbcEnvironmentInitiator.java:81)
	at org.hibernate.boot.registry.internal.StandardServiceRegistryImpl.initiateService(StandardServiceRegistryImpl.java:130)
	at org.hibernate.service.internal.AbstractServiceRegistryImpl.createService(AbstractServiceRegistryImpl.java:263)
	at org.hibernate.service.internal.AbstractServiceRegistryImpl.initializeService(AbstractServiceRegistryImpl.java:238)
	at org.hibernate.service.internal.AbstractServiceRegistryImpl.getService(AbstractServiceRegistryImpl.java:215)
	at org.hibernate.boot.model.relational.Database.<init>(Database.java:45)
	at org.hibernate.boot.internal.InFlightMetadataCollectorImpl.getDatabase(InFlightMetadataCollectorImpl.java:226)
	at org.hibernate.boot.internal.InFlightMetadataCollectorImpl.<init>(InFlightMetadataCollectorImpl.java:194)
	at org.hibernate.boot.model.process.spi.MetadataBuildingProcess.complete(MetadataBuildingProcess.java:171)
	at org.hibernate.jpa.boot.internal.EntityManagerFactoryBuilderImpl.metadata(EntityManagerFactoryBuilderImpl.java:1442)
	at org.hibernate.jpa.boot.internal.EntityManagerFactoryBuilderImpl.build(EntityManagerFactoryBuilderImpl.java:1513)
	at org.springframework.orm.jpa.vendor.SpringHibernateJpaPersistenceProvider.createContainerEntityManagerFactory(SpringHibernateJpaPersistenceProvider.java:66)
	at org.springframework.orm.jpa.LocalContainerEntityManagerFactoryBean.createNativeEntityManagerFactory(LocalContainerEntityManagerFactoryBean.java:390)
	at org.springframework.orm.jpa.AbstractEntityManagerFactoryBean.buildNativeEntityManagerFactory(AbstractEntityManagerFactoryBean.java:419)
	at org.springframework.orm.jpa.AbstractEntityManagerFactoryBean.afterPropertiesSet(AbstractEntityManagerFactoryBean.java:400)
	at org.springframework.orm.jpa.LocalContainerEntityManagerFactoryBean.afterPropertiesSet(LocalContainerEntityManagerFactoryBean.java:366)
	at org.springframework.beans.factory.support.AbstractAutowireCapableBeanFactory.invokeInitMethods(AbstractAutowireCapableBeanFactory.java:1859)
	at org.springframework.beans.factory.support.AbstractAutowireCapableBeanFactory.initializeBean(AbstractAutowireCapableBeanFactory.java:1808)
	at org.springframework.beans.factory.support.AbstractAutowireCapableBeanFactory.doCreateBean(AbstractAutowireCapableBeanFactory.java:601)
	at org.springframework.beans.factory.support.AbstractAutowireCapableBeanFactory.createBean(AbstractAutowireCapableBeanFactory.java:523)
	at org.springframework.beans.factory.support.AbstractBeanFactory.lambda$doGetBean$0(AbstractBeanFactory.java:339)
	at org.springframework.beans.factory.support.DefaultSingletonBeanRegistry.getSingleton(DefaultSingletonBeanRegistry.java:346)
	at org.springframework.beans.factory.support.AbstractBeanFactory.doGetBean(AbstractBeanFactory.java:337)
	at org.springframework.beans.factory.support.AbstractBeanFactory.getBean(AbstractBeanFactory.java:207)
	at org.springframework.context.support.AbstractApplicationContext.finishBeanFactoryInitialization(AbstractApplicationContext.java:970)
	at org.springframework.context.support.AbstractApplicationContext.refresh(AbstractApplicationContext.java:627)
	at org.springframework.boot.web.servlet.context.ServletWebServerApplicationContext.refresh(ServletWebServerApplicationContext.java:146)
	at org.springframework.boot.SpringApplication.refresh(SpringApplication.java:752)
	at org.springframework.boot.SpringApplication.refreshContext(SpringApplication.java:439)
	at org.springframework.boot.SpringApplication.run(SpringApplication.java:318)
	at org.springframework.boot.SpringApplication.run(SpringApplication.java:1361)
	at org.springframework.boot.SpringApplication.run(SpringApplication.java:1350)
	at sn.fr.samagp.SamaGpApiApplication.main(SamaGpApiApplication.java:12)
	at java.base/jdk.internal.reflect.NativeMethodAccessorImpl.invoke0(Native Method)
	at java.base/jdk.internal.reflect.NativeMethodAccessorImpl.invoke(NativeMethodAccessorImpl.java:77)
	at java.base/jdk.internal.reflect.DelegatingMethodAccessorImpl.invoke(DelegatingMethodAccessorImpl.java:43)
	at java.base/java.lang.reflect.Method.invoke(Method.java:568)
	at org.springframework.boot.devtools.restart.RestartLauncher.run(RestartLauncher.java:50)
Caused by: org.postgresql.util.PSQLException: FATAL: password authentication failed for user "samagp"
	at org.postgresql.core.v3.ConnectionFactoryImpl.doAuthentication(ConnectionFactoryImpl.java:704)
	at org.postgresql.core.v3.ConnectionFactoryImpl.tryConnect(ConnectionFactoryImpl.java:213)
	at org.postgresql.core.v3.ConnectionFactoryImpl.openConnectionImpl(ConnectionFactoryImpl.java:268)
	at org.postgresql.core.ConnectionFactory.openConnection(ConnectionFactory.java:54)
	at org.postgresql.jdbc.PgConnection.<init>(PgConnection.java:273)
	at org.postgresql.Driver.makeConnection(Driver.java:446)
	at org.postgresql.Driver.connect(Driver.java:298)
	at com.zaxxer.hikari.util.DriverDataSource.getConnection(DriverDataSource.java:137)
	at com.zaxxer.hikari.pool.PoolBase.newConnection(PoolBase.java:360)
	at com.zaxxer.hikari.pool.PoolBase.newPoolEntry(PoolBase.java:202)
	at com.zaxxer.hikari.pool.HikariPool.createPoolEntry(HikariPool.java:461)
	at com.zaxxer.hikari.pool.HikariPool.checkFailFast(HikariPool.java:550)
	at com.zaxxer.hikari.pool.HikariPool.<init>(HikariPool.java:98)
	at com.zaxxer.hikari.HikariDataSource.getConnection(HikariDataSource.java:111)
	at org.hibernate.engine.jdbc.connections.internal.DatasourceConnectionProviderImpl.getConnection(DatasourceConnectionProviderImpl.java:126)
	at org.hibernate.engine.jdbc.env.internal.JdbcEnvironmentInitiator$ConnectionProviderJdbcConnectionAccess.obtainConnection(JdbcEnvironmentInitiator.java:467)
	at org.hibernate.resource.transaction.backend.jdbc.internal.JdbcIsolationDelegate.delegateWork(JdbcIsolationDelegate.java:61)
	... 40 common frames omitted
2025-03-24 22:56:29.676 [] [] WARN  [restartedMain] org.hibernate.orm.deprecation - HHH90000025: PostgreSQLDialect does not need to be specified explicitly using 'hibernate.dialect' (remove the property setting and it will be selected by default)
2025-03-24 22:56:29.690 [] [] INFO  [restartedMain] o.hibernate.orm.connections.pooling - HHH10001005: Database info:
	Database JDBC URL [Connecting through datasource 'HikariDataSource (null)']
	Database driver: undefined/unknown
	Database version: 12.0
	Autocommit mode: undefined/unknown
	Isolation level: undefined/unknown
	Minimum pool size: undefined/unknown
	Maximum pool size: undefined/unknown
2025-03-24 22:56:30.940 [] [] INFO  [restartedMain] o.h.e.t.j.p.i.JtaPlatformInitiator - HHH000489: No JTA platform available (set 'hibernate.transaction.jta.platform' to enable JTA platform integration)
2025-03-24 22:56:30.961 [] [] INFO  [restartedMain] com.zaxxer.hikari.HikariDataSource - HikariPool-1 - Starting...
2025-03-24 22:56:32.017 [] [] WARN  [restartedMain] o.h.e.jdbc.spi.SqlExceptionHelper - SQL Error: 0, SQLState: 28P01
2025-03-24 22:56:32.017 [] [] ERROR [restartedMain] o.h.e.jdbc.spi.SqlExceptionHelper - FATAL: password authentication failed for user "samagp"
2025-03-24 22:56:32.024 [] [] ERROR [restartedMain] o.s.o.j.LocalContainerEntityManagerFactoryBean - Failed to initialize JPA EntityManagerFactory: [PersistenceUnit: default] Unable to build Hibernate SessionFactory; nested exception is org.hibernate.exception.GenericJDBCException: Unable to open JDBC Connection for DDL execution [FATAL: password authentication failed for user "samagp"] [n/a]
2025-03-24 22:56:32.024 [] [] WARN  [restartedMain] o.s.b.w.s.c.AnnotationConfigServletWebServerApplicationContext - Exception encountered during context initialization - cancelling refresh attempt: org.springframework.beans.factory.BeanCreationException: Error creating bean with name 'entityManagerFactory' defined in class path resource [org/springframework/boot/autoconfigure/orm/jpa/HibernateJpaConfiguration.class]: [PersistenceUnit: default] Unable to build Hibernate SessionFactory; nested exception is org.hibernate.exception.GenericJDBCException: Unable to open JDBC Connection for DDL execution [FATAL: password authentication failed for user "samagp"] [n/a]
2025-03-24 22:56:32.028 [] [] INFO  [restartedMain] o.a.catalina.core.StandardService - Stopping service [Tomcat]
2025-03-24 22:56:32.043 [] [] INFO  [restartedMain] o.s.b.a.l.ConditionEvaluationReportLogger - 

Error starting ApplicationContext. To display the condition evaluation report re-run your application with 'debug' enabled.
2025-03-24 22:56:32.066 [] [] ERROR [restartedMain] o.s.boot.SpringApplication - Application run failed
org.springframework.beans.factory.BeanCreationException: Error creating bean with name 'entityManagerFactory' defined in class path resource [org/springframework/boot/autoconfigure/orm/jpa/HibernateJpaConfiguration.class]: [PersistenceUnit: default] Unable to build Hibernate SessionFactory; nested exception is org.hibernate.exception.GenericJDBCException: Unable to open JDBC Connection for DDL execution [FATAL: password authentication failed for user "samagp"] [n/a]
	at org.springframework.beans.factory.support.AbstractAutowireCapableBeanFactory.initializeBean(AbstractAutowireCapableBeanFactory.java:1812)
	at org.springframework.beans.factory.support.AbstractAutowireCapableBeanFactory.doCreateBean(AbstractAutowireCapableBeanFactory.java:601)
	at org.springframework.beans.factory.support.AbstractAutowireCapableBeanFactory.createBean(AbstractAutowireCapableBeanFactory.java:523)
	at org.springframework.beans.factory.support.AbstractBeanFactory.lambda$doGetBean$0(AbstractBeanFactory.java:339)
	at org.springframework.beans.factory.support.DefaultSingletonBeanRegistry.getSingleton(DefaultSingletonBeanRegistry.java:346)
	at org.springframework.beans.factory.support.AbstractBeanFactory.doGetBean(AbstractBeanFactory.java:337)
	at org.springframework.beans.factory.support.AbstractBeanFactory.getBean(AbstractBeanFactory.java:207)
	at org.springframework.context.support.AbstractApplicationContext.finishBeanFactoryInitialization(AbstractApplicationContext.java:970)
	at org.springframework.context.support.AbstractApplicationContext.refresh(AbstractApplicationContext.java:627)
	at org.springframework.boot.web.servlet.context.ServletWebServerApplicationContext.refresh(ServletWebServerApplicationContext.java:146)
	at org.springframework.boot.SpringApplication.refresh(SpringApplication.java:752)
	at org.springframework.boot.SpringApplication.refreshContext(SpringApplication.java:439)
	at org.springframework.boot.SpringApplication.run(SpringApplication.java:318)
	at org.springframework.boot.SpringApplication.run(SpringApplication.java:1361)
	at org.springframework.boot.SpringApplication.run(SpringApplication.java:1350)
	at sn.fr.samagp.SamaGpApiApplication.main(SamaGpApiApplication.java:12)
	at java.base/jdk.internal.reflect.NativeMethodAccessorImpl.invoke0(Native Method)
	at java.base/jdk.internal.reflect.NativeMethodAccessorImpl.invoke(NativeMethodAccessorImpl.java:77)
	at java.base/jdk.internal.reflect.DelegatingMethodAccessorImpl.invoke(DelegatingMethodAccessorImpl.java:43)
	at java.base/java.lang.reflect.Method.invoke(Method.java:568)
	at org.springframework.boot.devtools.restart.RestartLauncher.run(RestartLauncher.java:50)
Caused by: jakarta.persistence.PersistenceException: [PersistenceUnit: default] Unable to build Hibernate SessionFactory; nested exception is org.hibernate.exception.GenericJDBCException: Unable to open JDBC Connection for DDL execution [FATAL: password authentication failed for user "samagp"] [n/a]
	at org.springframework.orm.jpa.AbstractEntityManagerFactoryBean.buildNativeEntityManagerFactory(AbstractEntityManagerFactoryBean.java:431)
	at org.springframework.orm.jpa.AbstractEntityManagerFactoryBean.afterPropertiesSet(AbstractEntityManagerFactoryBean.java:400)
	at org.springframework.orm.jpa.LocalContainerEntityManagerFactoryBean.afterPropertiesSet(LocalContainerEntityManagerFactoryBean.java:366)
	at org.springframework.beans.factory.support.AbstractAutowireCapableBeanFactory.invokeInitMethods(AbstractAutowireCapableBeanFactory.java:1859)
	at org.springframework.beans.factory.support.AbstractAutowireCapableBeanFactory.initializeBean(AbstractAutowireCapableBeanFactory.java:1808)
	... 20 common frames omitted
Caused by: org.hibernate.exception.GenericJDBCException: Unable to open JDBC Connection for DDL execution [FATAL: password authentication failed for user "samagp"] [n/a]
	at org.hibernate.exception.internal.StandardSQLExceptionConverter.convert(StandardSQLExceptionConverter.java:63)
	at org.hibernate.engine.jdbc.spi.SqlExceptionHelper.convert(SqlExceptionHelper.java:108)
	at org.hibernate.engine.jdbc.spi.SqlExceptionHelper.convert(SqlExceptionHelper.java:94)
	at org.hibernate.resource.transaction.backend.jdbc.internal.DdlTransactionIsolatorNonJtaImpl.getIsolatedConnection(DdlTransactionIsolatorNonJtaImpl.java:74)
	at org.hibernate.tool.schema.internal.exec.GenerationTargetToDatabase.getIsolatedConnection(GenerationTargetToDatabase.java:60)
	at org.hibernate.tool.schema.internal.exec.GenerationTargetToDatabase.jdbcStatement(GenerationTargetToDatabase.java:112)
	at org.hibernate.tool.schema.internal.exec.GenerationTargetToDatabase.accept(GenerationTargetToDatabase.java:79)
	at org.hibernate.tool.schema.internal.Helper.applySqlString(Helper.java:233)
	at org.hibernate.tool.schema.internal.SchemaDropperImpl.dropFromMetadata(SchemaDropperImpl.java:213)
	at org.hibernate.tool.schema.internal.SchemaDropperImpl.performDrop(SchemaDropperImpl.java:186)
	at org.hibernate.tool.schema.internal.SchemaDropperImpl.doDrop(SchemaDropperImpl.java:156)
	at org.hibernate.tool.schema.internal.SchemaDropperImpl.doDrop(SchemaDropperImpl.java:116)
	at org.hibernate.tool.schema.spi.SchemaManagementToolCoordinator.performDatabaseAction(SchemaManagementToolCoordinator.java:238)
	at org.hibernate.tool.schema.spi.SchemaManagementToolCoordinator.lambda$process$5(SchemaManagementToolCoordinator.java:144)
	at java.base/java.util.HashMap.forEach(HashMap.java:1421)
	at org.hibernate.tool.schema.spi.SchemaManagementToolCoordinator.process(SchemaManagementToolCoordinator.java:141)
	at org.hibernate.boot.internal.SessionFactoryObserverForSchemaExport.sessionFactoryCreated(SessionFactoryObserverForSchemaExport.java:37)
	at org.hibernate.internal.SessionFactoryObserverChain.sessionFactoryCreated(SessionFactoryObserverChain.java:35)
	at org.hibernate.internal.SessionFactoryImpl.<init>(SessionFactoryImpl.java:324)
	at org.hibernate.boot.internal.SessionFactoryBuilderImpl.build(SessionFactoryBuilderImpl.java:463)
	at org.hibernate.jpa.boot.internal.EntityManagerFactoryBuilderImpl.build(EntityManagerFactoryBuilderImpl.java:1517)
	at org.springframework.orm.jpa.vendor.SpringHibernateJpaPersistenceProvider.createContainerEntityManagerFactory(SpringHibernateJpaPersistenceProvider.java:66)
	at org.springframework.orm.jpa.LocalContainerEntityManagerFactoryBean.createNativeEntityManagerFactory(LocalContainerEntityManagerFactoryBean.java:390)
	at org.springframework.orm.jpa.AbstractEntityManagerFactoryBean.buildNativeEntityManagerFactory(AbstractEntityManagerFactoryBean.java:419)
	... 24 common frames omitted
Caused by: org.postgresql.util.PSQLException: FATAL: password authentication failed for user "samagp"
	at org.postgresql.core.v3.ConnectionFactoryImpl.doAuthentication(ConnectionFactoryImpl.java:704)
	at org.postgresql.core.v3.ConnectionFactoryImpl.tryConnect(ConnectionFactoryImpl.java:213)
	at org.postgresql.core.v3.ConnectionFactoryImpl.openConnectionImpl(ConnectionFactoryImpl.java:268)
	at org.postgresql.core.ConnectionFactory.openConnection(ConnectionFactory.java:54)
	at org.postgresql.jdbc.PgConnection.<init>(PgConnection.java:273)
	at org.postgresql.Driver.makeConnection(Driver.java:446)
	at org.postgresql.Driver.connect(Driver.java:298)
	at com.zaxxer.hikari.util.DriverDataSource.getConnection(DriverDataSource.java:137)
	at com.zaxxer.hikari.pool.PoolBase.newConnection(PoolBase.java:360)
	at com.zaxxer.hikari.pool.PoolBase.newPoolEntry(PoolBase.java:202)
	at com.zaxxer.hikari.pool.HikariPool.createPoolEntry(HikariPool.java:461)
	at com.zaxxer.hikari.pool.HikariPool.checkFailFast(HikariPool.java:550)
	at com.zaxxer.hikari.pool.HikariPool.<init>(HikariPool.java:98)
	at com.zaxxer.hikari.HikariDataSource.getConnection(HikariDataSource.java:111)
	at org.hibernate.engine.jdbc.connections.internal.DatasourceConnectionProviderImpl.getConnection(DatasourceConnectionProviderImpl.java:126)
	at org.hibernate.engine.jdbc.env.internal.JdbcEnvironmentInitiator$ConnectionProviderJdbcConnectionAccess.obtainConnection(JdbcEnvironmentInitiator.java:467)
	at org.hibernate.resource.transaction.backend.jdbc.internal.DdlTransactionIsolatorNonJtaImpl.getIsolatedConnection(DdlTransactionIsolatorNonJtaImpl.java:46)
	... 44 common frames omitted
2025-03-24 22:57:07.056 [] [] INFO  [restartedMain] sn.fr.samagp.SamaGpApiApplication - Starting SamaGpApiApplication using Java 17.0.7 with PID 32257 (/Users/mac/Desktop/samaGp/samagp-api-ms/target/classes started by mac in /Users/mac/Desktop/samaGp/samagp-api-ms)
2025-03-24 22:57:07.057 [] [] INFO  [restartedMain] sn.fr.samagp.SamaGpApiApplication - The following 1 profile is active: "dev"
2025-03-24 22:57:07.099 [] [] INFO  [restartedMain] o.s.b.d.e.DevToolsPropertyDefaultsPostProcessor - Devtools property defaults active! Set 'spring.devtools.add-properties' to 'false' to disable
2025-03-24 22:57:07.099 [] [] INFO  [restartedMain] o.s.b.d.e.DevToolsPropertyDefaultsPostProcessor - For additional web related logging consider setting the 'logging.level.web' property to 'DEBUG'
2025-03-24 22:57:08.006 [] [] INFO  [restartedMain] o.s.d.r.c.RepositoryConfigurationDelegate - Bootstrapping Spring Data JPA repositories in DEFAULT mode.
2025-03-24 22:57:08.195 [] [] INFO  [restartedMain] o.s.d.r.c.RepositoryConfigurationDelegate - Finished Spring Data repository scanning in 178 ms. Found 3 JPA repository interfaces.
2025-03-24 22:57:08.346 [] [] INFO  [restartedMain] o.s.i.c.DefaultConfiguringBeanFactoryPostProcessor - No bean named 'errorChannel' has been explicitly defined. Therefore, a default PublishSubscribeChannel will be created.
2025-03-24 22:57:08.358 [] [] INFO  [restartedMain] o.s.i.c.DefaultConfiguringBeanFactoryPostProcessor - No bean named 'integrationHeaderChannelRegistry' has been explicitly defined. Therefore, a default DefaultHeaderChannelRegistry will be created.
2025-03-24 22:57:08.970 [] [] INFO  [restartedMain] o.s.b.w.e.tomcat.TomcatWebServer - Tomcat initialized with port 8084 (http)
2025-03-24 22:57:08.985 [] [] INFO  [restartedMain] o.a.catalina.core.StandardService - Starting service [Tomcat]
2025-03-24 22:57:08.985 [] [] INFO  [restartedMain] o.a.catalina.core.StandardEngine - Starting Servlet engine: [Apache Tomcat/10.1.36]
2025-03-24 22:57:09.038 [] [] INFO  [restartedMain] o.a.c.c.C.[.[localhost].[/samagp] - Initializing Spring embedded WebApplicationContext
2025-03-24 22:57:09.039 [] [] INFO  [restartedMain] o.s.b.w.s.c.ServletWebServerApplicationContext - Root WebApplicationContext: initialization completed in 1939 ms
2025-03-24 22:57:09.214 [] [] INFO  [restartedMain] o.h.jpa.internal.util.LogHelper - HHH000204: Processing PersistenceUnitInfo [name: default]
2025-03-24 22:57:09.281 [] [] INFO  [restartedMain] org.hibernate.Version - HHH000412: Hibernate ORM core version 6.6.8.Final
2025-03-24 22:57:09.313 [] [] INFO  [restartedMain] o.h.c.i.RegionFactoryInitiator - HHH000026: Second-level cache disabled
2025-03-24 22:57:09.596 [] [] INFO  [restartedMain] o.s.o.j.p.SpringPersistenceUnitInfo - No LoadTimeWeaver setup: ignoring JPA class transformer
2025-03-24 22:57:09.624 [] [] INFO  [restartedMain] com.zaxxer.hikari.HikariDataSource - HikariPool-1 - Starting...
2025-03-24 22:57:09.844 [] [] INFO  [restartedMain] com.zaxxer.hikari.pool.HikariPool - HikariPool-1 - Added connection org.postgresql.jdbc.PgConnection@5ee2c245
2025-03-24 22:57:09.846 [] [] INFO  [restartedMain] com.zaxxer.hikari.HikariDataSource - HikariPool-1 - Start completed.
2025-03-24 22:57:09.897 [] [] WARN  [restartedMain] org.hibernate.orm.deprecation - HHH90000025: PostgreSQLDialect does not need to be specified explicitly using 'hibernate.dialect' (remove the property setting and it will be selected by default)
2025-03-24 22:57:09.919 [] [] INFO  [restartedMain] o.hibernate.orm.connections.pooling - HHH10001005: Database info:
	Database JDBC URL [Connecting through datasource 'HikariDataSource (HikariPool-1)']
	Database driver: undefined/unknown
	Database version: 17.2
	Autocommit mode: undefined/unknown
	Isolation level: undefined/unknown
	Minimum pool size: undefined/unknown
	Maximum pool size: undefined/unknown
2025-03-24 22:57:11.124 [] [] INFO  [restartedMain] o.h.e.t.j.p.i.JtaPlatformInitiator - HHH000489: No JTA platform available (set 'hibernate.transaction.jta.platform' to enable JTA platform integration)
2025-03-24 22:57:11.323 [] [] INFO  [restartedMain] o.s.o.j.LocalContainerEntityManagerFactoryBean - Initialized JPA EntityManagerFactory for persistence unit 'default'
2025-03-24 22:57:11.668 [] [] WARN  [restartedMain] o.s.b.w.s.c.AnnotationConfigServletWebServerApplicationContext - Exception encountered during context initialization - cancelling refresh attempt: org.springframework.beans.factory.UnsatisfiedDependencyException: Error creating bean with name 'annonceController' defined in file [/Users/mac/Desktop/samaGp/samagp-api-ms/target/classes/sn/fr/samagp/apicontroller/AnnonceController.class]: Unsatisfied dependency expressed through constructor parameter 0: Error creating bean with name 'annonceServiceImp' defined in file [/Users/mac/Desktop/samaGp/samagp-api-ms/target/classes/sn/fr/samagp/services/impl/AnnonceServiceImp.class]: Unsatisfied dependency expressed through constructor parameter 1: No qualifying bean of type 'sn.fr.samagp.mapper.AnnonceMapper' available: expected at least 1 bean which qualifies as autowire candidate. Dependency annotations: {}
2025-03-24 22:57:11.669 [] [] INFO  [restartedMain] o.s.o.j.LocalContainerEntityManagerFactoryBean - Closing JPA EntityManagerFactory for persistence unit 'default'
2025-03-24 22:57:11.673 [] [] INFO  [restartedMain] com.zaxxer.hikari.HikariDataSource - HikariPool-1 - Shutdown initiated...
2025-03-24 22:57:11.678 [] [] INFO  [restartedMain] com.zaxxer.hikari.HikariDataSource - HikariPool-1 - Shutdown completed.
2025-03-24 22:57:11.684 [] [] INFO  [restartedMain] o.a.catalina.core.StandardService - Stopping service [Tomcat]
2025-03-24 22:57:11.697 [] [] INFO  [restartedMain] o.s.b.a.l.ConditionEvaluationReportLogger - 

Error starting ApplicationContext. To display the condition evaluation report re-run your application with 'debug' enabled.
2025-03-24 22:57:11.723 [] [] ERROR [restartedMain] o.s.b.d.LoggingFailureAnalysisReporter - 

***************************
APPLICATION FAILED TO START
***************************

Description:

Parameter 1 of constructor in sn.fr.samagp.services.impl.AnnonceServiceImp required a bean of type 'sn.fr.samagp.mapper.AnnonceMapper' that could not be found.


Action:

Consider defining a bean of type 'sn.fr.samagp.mapper.AnnonceMapper' in your configuration.

2025-03-24 22:57:44.376 [] [] INFO  [restartedMain] sn.fr.samagp.SamaGpApiApplication - Starting SamaGpApiApplication using Java 17.0.7 with PID 32641 (/Users/mac/Desktop/samaGp/samagp-api-ms/target/classes started by mac in /Users/mac/Desktop/samaGp/samagp-api-ms)
2025-03-24 22:57:44.378 [] [] INFO  [restartedMain] sn.fr.samagp.SamaGpApiApplication - The following 1 profile is active: "dev"
2025-03-24 22:57:44.421 [] [] INFO  [restartedMain] o.s.b.d.e.DevToolsPropertyDefaultsPostProcessor - Devtools property defaults active! Set 'spring.devtools.add-properties' to 'false' to disable
2025-03-24 22:57:44.422 [] [] INFO  [restartedMain] o.s.b.d.e.DevToolsPropertyDefaultsPostProcessor - For additional web related logging consider setting the 'logging.level.web' property to 'DEBUG'
2025-03-24 22:57:45.315 [] [] INFO  [restartedMain] o.s.d.r.c.RepositoryConfigurationDelegate - Bootstrapping Spring Data JPA repositories in DEFAULT mode.
2025-03-24 22:57:45.503 [] [] INFO  [restartedMain] o.s.d.r.c.RepositoryConfigurationDelegate - Finished Spring Data repository scanning in 177 ms. Found 3 JPA repository interfaces.
2025-03-24 22:57:45.665 [] [] INFO  [restartedMain] o.s.i.c.DefaultConfiguringBeanFactoryPostProcessor - No bean named 'errorChannel' has been explicitly defined. Therefore, a default PublishSubscribeChannel will be created.
2025-03-24 22:57:45.676 [] [] INFO  [restartedMain] o.s.i.c.DefaultConfiguringBeanFactoryPostProcessor - No bean named 'integrationHeaderChannelRegistry' has been explicitly defined. Therefore, a default DefaultHeaderChannelRegistry will be created.
2025-03-24 22:57:46.307 [] [] INFO  [restartedMain] o.s.b.w.e.tomcat.TomcatWebServer - Tomcat initialized with port 8084 (http)
2025-03-24 22:57:46.322 [] [] INFO  [restartedMain] o.a.catalina.core.StandardService - Starting service [Tomcat]
2025-03-24 22:57:46.323 [] [] INFO  [restartedMain] o.a.catalina.core.StandardEngine - Starting Servlet engine: [Apache Tomcat/10.1.36]
2025-03-24 22:57:46.377 [] [] INFO  [restartedMain] o.a.c.c.C.[.[localhost].[/samagp] - Initializing Spring embedded WebApplicationContext
2025-03-24 22:57:46.377 [] [] INFO  [restartedMain] o.s.b.w.s.c.ServletWebServerApplicationContext - Root WebApplicationContext: initialization completed in 1955 ms
2025-03-24 22:57:46.541 [] [] INFO  [restartedMain] o.h.jpa.internal.util.LogHelper - HHH000204: Processing PersistenceUnitInfo [name: default]
2025-03-24 22:57:46.603 [] [] INFO  [restartedMain] org.hibernate.Version - HHH000412: Hibernate ORM core version 6.6.8.Final
2025-03-24 22:57:46.637 [] [] INFO  [restartedMain] o.h.c.i.RegionFactoryInitiator - HHH000026: Second-level cache disabled
2025-03-24 22:57:46.917 [] [] INFO  [restartedMain] o.s.o.j.p.SpringPersistenceUnitInfo - No LoadTimeWeaver setup: ignoring JPA class transformer
2025-03-24 22:57:46.944 [] [] INFO  [restartedMain] com.zaxxer.hikari.HikariDataSource - HikariPool-1 - Starting...
2025-03-24 22:57:47.124 [] [] INFO  [restartedMain] com.zaxxer.hikari.pool.HikariPool - HikariPool-1 - Added connection org.postgresql.jdbc.PgConnection@49f944af
2025-03-24 22:57:47.126 [] [] INFO  [restartedMain] com.zaxxer.hikari.HikariDataSource - HikariPool-1 - Start completed.
2025-03-24 22:57:47.160 [] [] WARN  [restartedMain] org.hibernate.orm.deprecation - HHH90000025: PostgreSQLDialect does not need to be specified explicitly using 'hibernate.dialect' (remove the property setting and it will be selected by default)
2025-03-24 22:57:47.182 [] [] INFO  [restartedMain] o.hibernate.orm.connections.pooling - HHH10001005: Database info:
	Database JDBC URL [Connecting through datasource 'HikariDataSource (HikariPool-1)']
	Database driver: undefined/unknown
	Database version: 17.2
	Autocommit mode: undefined/unknown
	Isolation level: undefined/unknown
	Minimum pool size: undefined/unknown
	Maximum pool size: undefined/unknown
2025-03-24 22:57:48.181 [] [] INFO  [restartedMain] o.h.e.t.j.p.i.JtaPlatformInitiator - HHH000489: No JTA platform available (set 'hibernate.transaction.jta.platform' to enable JTA platform integration)
2025-03-24 22:57:48.239 [] [] INFO  [restartedMain] o.s.o.j.LocalContainerEntityManagerFactoryBean - Initialized JPA EntityManagerFactory for persistence unit 'default'
2025-03-24 22:57:48.561 [] [] WARN  [restartedMain] o.s.b.w.s.c.AnnotationConfigServletWebServerApplicationContext - Exception encountered during context initialization - cancelling refresh attempt: org.springframework.beans.factory.UnsatisfiedDependencyException: Error creating bean with name 'annonceController' defined in file [/Users/mac/Desktop/samaGp/samagp-api-ms/target/classes/sn/fr/samagp/apicontroller/AnnonceController.class]: Unsatisfied dependency expressed through constructor parameter 0: Error creating bean with name 'annonceServiceImp' defined in file [/Users/mac/Desktop/samaGp/samagp-api-ms/target/classes/sn/fr/samagp/services/impl/AnnonceServiceImp.class]: Unsatisfied dependency expressed through constructor parameter 1: No qualifying bean of type 'sn.fr.samagp.mapper.AnnonceMapper' available: expected at least 1 bean which qualifies as autowire candidate. Dependency annotations: {}
2025-03-24 22:57:48.562 [] [] INFO  [restartedMain] o.s.o.j.LocalContainerEntityManagerFactoryBean - Closing JPA EntityManagerFactory for persistence unit 'default'
2025-03-24 22:57:48.566 [] [] INFO  [restartedMain] com.zaxxer.hikari.HikariDataSource - HikariPool-1 - Shutdown initiated...
2025-03-24 22:57:48.570 [] [] INFO  [restartedMain] com.zaxxer.hikari.HikariDataSource - HikariPool-1 - Shutdown completed.
2025-03-24 22:57:48.574 [] [] INFO  [restartedMain] o.a.catalina.core.StandardService - Stopping service [Tomcat]
2025-03-24 22:57:48.587 [] [] INFO  [restartedMain] o.s.b.a.l.ConditionEvaluationReportLogger - 

Error starting ApplicationContext. To display the condition evaluation report re-run your application with 'debug' enabled.
2025-03-24 22:57:48.612 [] [] ERROR [restartedMain] o.s.b.d.LoggingFailureAnalysisReporter - 

***************************
APPLICATION FAILED TO START
***************************

Description:

Parameter 1 of constructor in sn.fr.samagp.services.impl.AnnonceServiceImp required a bean of type 'sn.fr.samagp.mapper.AnnonceMapper' that could not be found.


Action:

Consider defining a bean of type 'sn.fr.samagp.mapper.AnnonceMapper' in your configuration.

2025-03-24 23:05:08.448 [] [] INFO  [restartedMain] sn.fr.samagp.SamaGpApiApplication - Starting SamaGpApiApplication using Java 17.0.7 with PID 36464 (/Users/mac/Desktop/samaGp/samagp-api-ms/target/classes started by mac in /Users/mac/Desktop/samaGp/samagp-api-ms)
2025-03-24 23:05:08.451 [] [] INFO  [restartedMain] sn.fr.samagp.SamaGpApiApplication - The following 1 profile is active: "dev"
2025-03-24 23:05:08.505 [] [] INFO  [restartedMain] o.s.b.d.e.DevToolsPropertyDefaultsPostProcessor - Devtools property defaults active! Set 'spring.devtools.add-properties' to 'false' to disable
2025-03-24 23:05:08.505 [] [] INFO  [restartedMain] o.s.b.d.e.DevToolsPropertyDefaultsPostProcessor - For additional web related logging consider setting the 'logging.level.web' property to 'DEBUG'
2025-03-24 23:05:09.569 [] [] INFO  [restartedMain] o.s.d.r.c.RepositoryConfigurationDelegate - Bootstrapping Spring Data JPA repositories in DEFAULT mode.
2025-03-24 23:05:09.818 [] [] INFO  [restartedMain] o.s.d.r.c.RepositoryConfigurationDelegate - Finished Spring Data repository scanning in 237 ms. Found 3 JPA repository interfaces.
2025-03-24 23:05:09.963 [] [] INFO  [restartedMain] o.s.i.c.DefaultConfiguringBeanFactoryPostProcessor - No bean named 'errorChannel' has been explicitly defined. Therefore, a default PublishSubscribeChannel will be created.
2025-03-24 23:05:09.977 [] [] INFO  [restartedMain] o.s.i.c.DefaultConfiguringBeanFactoryPostProcessor - No bean named 'integrationHeaderChannelRegistry' has been explicitly defined. Therefore, a default DefaultHeaderChannelRegistry will be created.
2025-03-24 23:05:10.756 [] [] INFO  [restartedMain] o.s.b.w.e.tomcat.TomcatWebServer - Tomcat initialized with port 8084 (http)
2025-03-24 23:05:10.775 [] [] INFO  [restartedMain] o.a.catalina.core.StandardService - Starting service [Tomcat]
2025-03-24 23:05:10.776 [] [] INFO  [restartedMain] o.a.catalina.core.StandardEngine - Starting Servlet engine: [Apache Tomcat/10.1.36]
2025-03-24 23:05:10.834 [] [] INFO  [restartedMain] o.a.c.c.C.[.[localhost].[/samagp] - Initializing Spring embedded WebApplicationContext
2025-03-24 23:05:10.834 [] [] INFO  [restartedMain] o.s.b.w.s.c.ServletWebServerApplicationContext - Root WebApplicationContext: initialization completed in 2328 ms
2025-03-24 23:05:11.081 [] [] INFO  [restartedMain] o.h.jpa.internal.util.LogHelper - HHH000204: Processing PersistenceUnitInfo [name: default]
2025-03-24 23:05:11.182 [] [] INFO  [restartedMain] org.hibernate.Version - HHH000412: Hibernate ORM core version 6.6.8.Final
2025-03-24 23:05:11.244 [] [] INFO  [restartedMain] o.h.c.i.RegionFactoryInitiator - HHH000026: Second-level cache disabled
2025-03-24 23:05:11.601 [] [] INFO  [restartedMain] o.s.o.j.p.SpringPersistenceUnitInfo - No LoadTimeWeaver setup: ignoring JPA class transformer
2025-03-24 23:05:11.638 [] [] INFO  [restartedMain] com.zaxxer.hikari.HikariDataSource - HikariPool-1 - Starting...
2025-03-24 23:05:11.846 [] [] INFO  [restartedMain] com.zaxxer.hikari.pool.HikariPool - HikariPool-1 - Added connection org.postgresql.jdbc.PgConnection@5ee2c245
2025-03-24 23:05:11.848 [] [] INFO  [restartedMain] com.zaxxer.hikari.HikariDataSource - HikariPool-1 - Start completed.
2025-03-24 23:05:11.887 [] [] WARN  [restartedMain] org.hibernate.orm.deprecation - HHH90000025: PostgreSQLDialect does not need to be specified explicitly using 'hibernate.dialect' (remove the property setting and it will be selected by default)
2025-03-24 23:05:11.912 [] [] INFO  [restartedMain] o.hibernate.orm.connections.pooling - HHH10001005: Database info:
	Database JDBC URL [Connecting through datasource 'HikariDataSource (HikariPool-1)']
	Database driver: undefined/unknown
	Database version: 17.2
	Autocommit mode: undefined/unknown
	Isolation level: undefined/unknown
	Minimum pool size: undefined/unknown
	Maximum pool size: undefined/unknown
2025-03-24 23:05:13.073 [] [] INFO  [restartedMain] o.h.e.t.j.p.i.JtaPlatformInitiator - HHH000489: No JTA platform available (set 'hibernate.transaction.jta.platform' to enable JTA platform integration)
2025-03-24 23:05:13.132 [] [] INFO  [restartedMain] o.s.o.j.LocalContainerEntityManagerFactoryBean - Initialized JPA EntityManagerFactory for persistence unit 'default'
2025-03-24 23:05:13.966 [] [] WARN  [restartedMain] o.s.b.a.o.j.JpaBaseConfiguration$JpaWebConfiguration - spring.jpa.open-in-view is enabled by default. Therefore, database queries may be performed during view rendering. Explicitly configure spring.jpa.open-in-view to disable this warning
2025-03-24 23:05:14.407 [] [] INFO  [restartedMain] o.s.b.d.a.OptionalLiveReloadServer - LiveReload server is running on port 35729
2025-03-24 23:05:14.526 [] [] INFO  [restartedMain] o.s.i.endpoint.EventDrivenConsumer - Adding {logging-channel-adapter:_org.springframework.integration.errorLogger} as a subscriber to the 'errorChannel' channel
2025-03-24 23:05:14.527 [] [] INFO  [restartedMain] o.s.i.c.PublishSubscribeChannel - Channel 'samagp.errorChannel' has 1 subscriber(s).
2025-03-24 23:05:14.527 [] [] INFO  [restartedMain] o.s.i.endpoint.EventDrivenConsumer - started bean '_org.springframework.integration.errorLogger'
2025-03-24 23:05:14.640 [] [] INFO  [restartedMain] o.s.b.w.e.tomcat.TomcatWebServer - Tomcat started on port 8084 (http) with context path '/samagp'
2025-03-24 23:05:14.660 [] [] INFO  [restartedMain] sn.fr.samagp.SamaGpApiApplication - Started SamaGpApiApplication in 7.065 seconds (process running for 8.172)
2025-03-24 23:05:48.682 [] [] INFO  [http-nio-8084-exec-2] o.a.c.c.C.[.[localhost].[/samagp] - Initializing Spring DispatcherServlet 'dispatcherServlet'
2025-03-24 23:05:48.683 [] [] INFO  [http-nio-8084-exec-2] o.s.web.servlet.DispatcherServlet - Initializing Servlet 'dispatcherServlet'
2025-03-24 23:05:48.685 [] [] INFO  [http-nio-8084-exec-2] o.s.web.servlet.DispatcherServlet - Completed initialization in 2 ms
2025-03-24 23:05:53.567 [] [] ERROR [http-nio-8084-exec-5] o.a.c.c.C.[.[.[.[dispatcherServlet] - Servlet.service() for servlet [dispatcherServlet] in context with path [/samagp] threw exception [Handler dispatch failed: java.lang.NoSuchMethodError: 'void org.springframework.web.method.ControllerAdviceBean.<init>(java.lang.Object)'] with root cause
java.lang.NoSuchMethodError: 'void org.springframework.web.method.ControllerAdviceBean.<init>(java.lang.Object)'
	at org.springdoc.core.service.GenericResponseService.lambda$getGenericMapResponse$8(GenericResponseService.java:690)
	at java.base/java.util.stream.ReferencePipeline$2$1.accept(ReferencePipeline.java:178)
	at java.base/java.util.ArrayList$ArrayListSpliterator.forEachRemaining(ArrayList.java:1625)
	at java.base/java.util.stream.AbstractPipeline.copyInto(AbstractPipeline.java:509)
	at java.base/java.util.stream.AbstractPipeline.wrapAndCopyInto(AbstractPipeline.java:499)
	at java.base/java.util.stream.AbstractPipeline.evaluate(AbstractPipeline.java:575)
	at java.base/java.util.stream.AbstractPipeline.evaluateToArrayNode(AbstractPipeline.java:260)
	at java.base/java.util.stream.ReferencePipeline.toArray(ReferencePipeline.java:616)
	at java.base/java.util.stream.ReferencePipeline.toArray(ReferencePipeline.java:622)
	at java.base/java.util.stream.ReferencePipeline.toList(ReferencePipeline.java:627)
	at org.springdoc.core.service.GenericResponseService.getGenericMapResponse(GenericResponseService.java:692)
	at org.springdoc.core.service.GenericResponseService.build(GenericResponseService.java:235)
	at org.springdoc.api.AbstractOpenApiResource.calculatePath(AbstractOpenApiResource.java:477)
	at org.springdoc.api.AbstractOpenApiResource.calculatePath(AbstractOpenApiResource.java:654)
	at org.springdoc.webmvc.api.OpenApiResource.lambda$calculatePath$11(OpenApiResource.java:219)
	at java.base/java.util.Optional.ifPresent(Optional.java:178)
	at org.springdoc.webmvc.api.OpenApiResource.calculatePath(OpenApiResource.java:200)
	at org.springdoc.webmvc.api.OpenApiResource.lambda$getPaths$2(OpenApiResource.java:170)
	at java.base/java.util.Optional.ifPresent(Optional.java:178)
	at org.springdoc.webmvc.api.OpenApiResource.getPaths(OpenApiResource.java:149)
	at org.springdoc.api.AbstractOpenApiResource.getOpenApi(AbstractOpenApiResource.java:334)
	at org.springdoc.webmvc.api.OpenApiResource.openapiJson(OpenApiResource.java:124)
	at org.springdoc.webmvc.api.OpenApiWebMvcResource.openapiJson(OpenApiWebMvcResource.java:111)
	at java.base/jdk.internal.reflect.NativeMethodAccessorImpl.invoke0(Native Method)
	at java.base/jdk.internal.reflect.NativeMethodAccessorImpl.invoke(NativeMethodAccessorImpl.java:77)
	at java.base/jdk.internal.reflect.DelegatingMethodAccessorImpl.invoke(DelegatingMethodAccessorImpl.java:43)
	at java.base/java.lang.reflect.Method.invoke(Method.java:568)
	at org.springframework.web.method.support.InvocableHandlerMethod.doInvoke(InvocableHandlerMethod.java:257)
	at org.springframework.web.method.support.InvocableHandlerMethod.invokeForRequest(InvocableHandlerMethod.java:190)
	at org.springframework.web.servlet.mvc.method.annotation.ServletInvocableHandlerMethod.invokeAndHandle(ServletInvocableHandlerMethod.java:118)
	at org.springframework.web.servlet.mvc.method.annotation.RequestMappingHandlerAdapter.invokeHandlerMethod(RequestMappingHandlerAdapter.java:986)
	at org.springframework.web.servlet.mvc.method.annotation.RequestMappingHandlerAdapter.handleInternal(RequestMappingHandlerAdapter.java:891)
	at org.springframework.web.servlet.mvc.method.AbstractHandlerMethodAdapter.handle(AbstractHandlerMethodAdapter.java:87)
	at org.springframework.web.servlet.DispatcherServlet.doDispatch(DispatcherServlet.java:1088)
	at org.springframework.web.servlet.DispatcherServlet.doService(DispatcherServlet.java:978)
	at org.springframework.web.servlet.FrameworkServlet.processRequest(FrameworkServlet.java:1014)
	at org.springframework.web.servlet.FrameworkServlet.doGet(FrameworkServlet.java:903)
	at jakarta.servlet.http.HttpServlet.service(HttpServlet.java:564)
	at org.springframework.web.servlet.FrameworkServlet.service(FrameworkServlet.java:885)
	at jakarta.servlet.http.HttpServlet.service(HttpServlet.java:658)
	at org.apache.catalina.core.ApplicationFilterChain.internalDoFilter(ApplicationFilterChain.java:195)
	at org.apache.catalina.core.ApplicationFilterChain.doFilter(ApplicationFilterChain.java:140)
	at org.apache.tomcat.websocket.server.WsFilter.doFilter(WsFilter.java:51)
	at org.apache.catalina.core.ApplicationFilterChain.internalDoFilter(ApplicationFilterChain.java:164)
	at org.apache.catalina.core.ApplicationFilterChain.doFilter(ApplicationFilterChain.java:140)
	at org.springframework.web.filter.RequestContextFilter.doFilterInternal(RequestContextFilter.java:100)
	at org.springframework.web.filter.OncePerRequestFilter.doFilter(OncePerRequestFilter.java:116)
	at org.apache.catalina.core.ApplicationFilterChain.internalDoFilter(ApplicationFilterChain.java:164)
	at org.apache.catalina.core.ApplicationFilterChain.doFilter(ApplicationFilterChain.java:140)
	at org.springframework.web.filter.FormContentFilter.doFilterInternal(FormContentFilter.java:93)
	at org.springframework.web.filter.OncePerRequestFilter.doFilter(OncePerRequestFilter.java:116)
	at org.apache.catalina.core.ApplicationFilterChain.internalDoFilter(ApplicationFilterChain.java:164)
	at org.apache.catalina.core.ApplicationFilterChain.doFilter(ApplicationFilterChain.java:140)
	at org.springframework.web.filter.CharacterEncodingFilter.doFilterInternal(CharacterEncodingFilter.java:201)
	at org.springframework.web.filter.OncePerRequestFilter.doFilter(OncePerRequestFilter.java:116)
	at org.apache.catalina.core.ApplicationFilterChain.internalDoFilter(ApplicationFilterChain.java:164)
	at org.apache.catalina.core.ApplicationFilterChain.doFilter(ApplicationFilterChain.java:140)
	at org.apache.catalina.core.StandardWrapperValve.invoke(StandardWrapperValve.java:167)
	at org.apache.catalina.core.StandardContextValve.invoke(StandardContextValve.java:90)
	at org.apache.catalina.authenticator.AuthenticatorBase.invoke(AuthenticatorBase.java:483)
	at org.apache.catalina.core.StandardHostValve.invoke(StandardHostValve.java:115)
	at org.apache.catalina.valves.ErrorReportValve.invoke(ErrorReportValve.java:93)
	at org.apache.catalina.core.StandardEngineValve.invoke(StandardEngineValve.java:74)
	at org.apache.catalina.connector.CoyoteAdapter.service(CoyoteAdapter.java:344)
	at org.apache.coyote.http11.Http11Processor.service(Http11Processor.java:397)
	at org.apache.coyote.AbstractProcessorLight.process(AbstractProcessorLight.java:63)
	at org.apache.coyote.AbstractProtocol$ConnectionHandler.process(AbstractProtocol.java:905)
	at org.apache.tomcat.util.net.NioEndpoint$SocketProcessor.doRun(NioEndpoint.java:1743)
	at org.apache.tomcat.util.net.SocketProcessorBase.run(SocketProcessorBase.java:52)
	at org.apache.tomcat.util.threads.ThreadPoolExecutor.runWorker(ThreadPoolExecutor.java:1190)
	at org.apache.tomcat.util.threads.ThreadPoolExecutor$Worker.run(ThreadPoolExecutor.java:659)
	at org.apache.tomcat.util.threads.TaskThread$WrappingRunnable.run(TaskThread.java:63)
	at java.base/java.lang.Thread.run(Thread.java:833)
2025-03-24 23:07:17.218 [] [] ERROR [http-nio-8084-exec-10] o.a.c.c.C.[.[.[.[dispatcherServlet] - Servlet.service() for servlet [dispatcherServlet] in context with path [/samagp] threw exception [Handler dispatch failed: java.lang.NoSuchMethodError: 'void org.springframework.web.method.ControllerAdviceBean.<init>(java.lang.Object)'] with root cause
java.lang.NoSuchMethodError: 'void org.springframework.web.method.ControllerAdviceBean.<init>(java.lang.Object)'
	at org.springdoc.core.service.GenericResponseService.lambda$getGenericMapResponse$8(GenericResponseService.java:690)
	at java.base/java.util.stream.ReferencePipeline$2$1.accept(ReferencePipeline.java:178)
	at java.base/java.util.ArrayList$ArrayListSpliterator.forEachRemaining(ArrayList.java:1625)
	at java.base/java.util.stream.AbstractPipeline.copyInto(AbstractPipeline.java:509)
	at java.base/java.util.stream.AbstractPipeline.wrapAndCopyInto(AbstractPipeline.java:499)
	at java.base/java.util.stream.AbstractPipeline.evaluate(AbstractPipeline.java:575)
	at java.base/java.util.stream.AbstractPipeline.evaluateToArrayNode(AbstractPipeline.java:260)
	at java.base/java.util.stream.ReferencePipeline.toArray(ReferencePipeline.java:616)
	at java.base/java.util.stream.ReferencePipeline.toArray(ReferencePipeline.java:622)
	at java.base/java.util.stream.ReferencePipeline.toList(ReferencePipeline.java:627)
	at org.springdoc.core.service.GenericResponseService.getGenericMapResponse(GenericResponseService.java:692)
	at org.springdoc.core.service.GenericResponseService.build(GenericResponseService.java:235)
	at org.springdoc.api.AbstractOpenApiResource.calculatePath(AbstractOpenApiResource.java:477)
	at org.springdoc.api.AbstractOpenApiResource.calculatePath(AbstractOpenApiResource.java:654)
	at org.springdoc.webmvc.api.OpenApiResource.lambda$calculatePath$11(OpenApiResource.java:219)
	at java.base/java.util.Optional.ifPresent(Optional.java:178)
	at org.springdoc.webmvc.api.OpenApiResource.calculatePath(OpenApiResource.java:200)
	at org.springdoc.webmvc.api.OpenApiResource.lambda$getPaths$2(OpenApiResource.java:170)
	at java.base/java.util.Optional.ifPresent(Optional.java:178)
	at org.springdoc.webmvc.api.OpenApiResource.getPaths(OpenApiResource.java:149)
	at org.springdoc.api.AbstractOpenApiResource.getOpenApi(AbstractOpenApiResource.java:334)
	at org.springdoc.webmvc.api.OpenApiResource.openapiJson(OpenApiResource.java:124)
	at org.springdoc.webmvc.api.OpenApiWebMvcResource.openapiJson(OpenApiWebMvcResource.java:111)
	at java.base/jdk.internal.reflect.NativeMethodAccessorImpl.invoke0(Native Method)
	at java.base/jdk.internal.reflect.NativeMethodAccessorImpl.invoke(NativeMethodAccessorImpl.java:77)
	at java.base/jdk.internal.reflect.DelegatingMethodAccessorImpl.invoke(DelegatingMethodAccessorImpl.java:43)
	at java.base/java.lang.reflect.Method.invoke(Method.java:568)
	at org.springframework.web.method.support.InvocableHandlerMethod.doInvoke(InvocableHandlerMethod.java:257)
	at org.springframework.web.method.support.InvocableHandlerMethod.invokeForRequest(InvocableHandlerMethod.java:190)
	at org.springframework.web.servlet.mvc.method.annotation.ServletInvocableHandlerMethod.invokeAndHandle(ServletInvocableHandlerMethod.java:118)
	at org.springframework.web.servlet.mvc.method.annotation.RequestMappingHandlerAdapter.invokeHandlerMethod(RequestMappingHandlerAdapter.java:986)
	at org.springframework.web.servlet.mvc.method.annotation.RequestMappingHandlerAdapter.handleInternal(RequestMappingHandlerAdapter.java:891)
	at org.springframework.web.servlet.mvc.method.AbstractHandlerMethodAdapter.handle(AbstractHandlerMethodAdapter.java:87)
	at org.springframework.web.servlet.DispatcherServlet.doDispatch(DispatcherServlet.java:1088)
	at org.springframework.web.servlet.DispatcherServlet.doService(DispatcherServlet.java:978)
	at org.springframework.web.servlet.FrameworkServlet.processRequest(FrameworkServlet.java:1014)
	at org.springframework.web.servlet.FrameworkServlet.doGet(FrameworkServlet.java:903)
	at jakarta.servlet.http.HttpServlet.service(HttpServlet.java:564)
	at org.springframework.web.servlet.FrameworkServlet.service(FrameworkServlet.java:885)
	at jakarta.servlet.http.HttpServlet.service(HttpServlet.java:658)
	at org.apache.catalina.core.ApplicationFilterChain.internalDoFilter(ApplicationFilterChain.java:195)
	at org.apache.catalina.core.ApplicationFilterChain.doFilter(ApplicationFilterChain.java:140)
	at org.apache.tomcat.websocket.server.WsFilter.doFilter(WsFilter.java:51)
	at org.apache.catalina.core.ApplicationFilterChain.internalDoFilter(ApplicationFilterChain.java:164)
	at org.apache.catalina.core.ApplicationFilterChain.doFilter(ApplicationFilterChain.java:140)
	at org.springframework.web.filter.RequestContextFilter.doFilterInternal(RequestContextFilter.java:100)
	at org.springframework.web.filter.OncePerRequestFilter.doFilter(OncePerRequestFilter.java:116)
	at org.apache.catalina.core.ApplicationFilterChain.internalDoFilter(ApplicationFilterChain.java:164)
	at org.apache.catalina.core.ApplicationFilterChain.doFilter(ApplicationFilterChain.java:140)
	at org.springframework.web.filter.FormContentFilter.doFilterInternal(FormContentFilter.java:93)
	at org.springframework.web.filter.OncePerRequestFilter.doFilter(OncePerRequestFilter.java:116)
	at org.apache.catalina.core.ApplicationFilterChain.internalDoFilter(ApplicationFilterChain.java:164)
	at org.apache.catalina.core.ApplicationFilterChain.doFilter(ApplicationFilterChain.java:140)
	at org.springframework.web.filter.CharacterEncodingFilter.doFilterInternal(CharacterEncodingFilter.java:201)
	at org.springframework.web.filter.OncePerRequestFilter.doFilter(OncePerRequestFilter.java:116)
	at org.apache.catalina.core.ApplicationFilterChain.internalDoFilter(ApplicationFilterChain.java:164)
	at org.apache.catalina.core.ApplicationFilterChain.doFilter(ApplicationFilterChain.java:140)
	at org.apache.catalina.core.StandardWrapperValve.invoke(StandardWrapperValve.java:167)
	at org.apache.catalina.core.StandardContextValve.invoke(StandardContextValve.java:90)
	at org.apache.catalina.authenticator.AuthenticatorBase.invoke(AuthenticatorBase.java:483)
	at org.apache.catalina.core.StandardHostValve.invoke(StandardHostValve.java:115)
	at org.apache.catalina.valves.ErrorReportValve.invoke(ErrorReportValve.java:93)
	at org.apache.catalina.core.StandardEngineValve.invoke(StandardEngineValve.java:74)
	at org.apache.catalina.connector.CoyoteAdapter.service(CoyoteAdapter.java:344)
	at org.apache.coyote.http11.Http11Processor.service(Http11Processor.java:397)
	at org.apache.coyote.AbstractProcessorLight.process(AbstractProcessorLight.java:63)
	at org.apache.coyote.AbstractProtocol$ConnectionHandler.process(AbstractProtocol.java:905)
	at org.apache.tomcat.util.net.NioEndpoint$SocketProcessor.doRun(NioEndpoint.java:1743)
	at org.apache.tomcat.util.net.SocketProcessorBase.run(SocketProcessorBase.java:52)
	at org.apache.tomcat.util.threads.ThreadPoolExecutor.runWorker(ThreadPoolExecutor.java:1190)
	at org.apache.tomcat.util.threads.ThreadPoolExecutor$Worker.run(ThreadPoolExecutor.java:659)
	at org.apache.tomcat.util.threads.TaskThread$WrappingRunnable.run(TaskThread.java:63)
	at java.base/java.lang.Thread.run(Thread.java:833)
2025-03-24 23:09:26.618 [] [] INFO  [SpringApplicationShutdownHook] o.s.b.w.e.tomcat.GracefulShutdown - Commencing graceful shutdown. Waiting for active requests to complete
2025-03-24 23:09:26.635 [] [] INFO  [tomcat-shutdown] o.s.b.w.e.tomcat.GracefulShutdown - Graceful shutdown complete
2025-03-24 23:09:26.707 [] [] INFO  [SpringApplicationShutdownHook] o.s.i.endpoint.EventDrivenConsumer - Removing {logging-channel-adapter:_org.springframework.integration.errorLogger} as a subscriber to the 'errorChannel' channel
2025-03-24 23:09:26.708 [] [] INFO  [SpringApplicationShutdownHook] o.s.i.c.PublishSubscribeChannel - Channel 'samagp.errorChannel' has 0 subscriber(s).
2025-03-24 23:09:26.709 [] [] INFO  [SpringApplicationShutdownHook] o.s.i.endpoint.EventDrivenConsumer - stopped bean '_org.springframework.integration.errorLogger'
2025-03-24 23:09:26.721 [] [] INFO  [SpringApplicationShutdownHook] o.s.o.j.LocalContainerEntityManagerFactoryBean - Closing JPA EntityManagerFactory for persistence unit 'default'
2025-03-24 23:09:26.731 [] [] INFO  [SpringApplicationShutdownHook] com.zaxxer.hikari.HikariDataSource - HikariPool-1 - Shutdown initiated...
2025-03-24 23:09:26.738 [] [] INFO  [SpringApplicationShutdownHook] com.zaxxer.hikari.HikariDataSource - HikariPool-1 - Shutdown completed.
2025-03-24 23:09:37.799 [] [] INFO  [restartedMain] sn.fr.samagp.SamaGpApiApplication - Starting SamaGpApiApplication using Java 17.0.7 with PID 38858 (/Users/mac/Desktop/samaGp/samagp-api-ms/target/classes started by mac in /Users/mac/Desktop/samaGp/samagp-api-ms)
2025-03-24 23:09:37.802 [] [] INFO  [restartedMain] sn.fr.samagp.SamaGpApiApplication - The following 1 profile is active: "dev"
2025-03-24 23:09:37.854 [] [] INFO  [restartedMain] o.s.b.d.e.DevToolsPropertyDefaultsPostProcessor - Devtools property defaults active! Set 'spring.devtools.add-properties' to 'false' to disable
2025-03-24 23:09:37.855 [] [] INFO  [restartedMain] o.s.b.d.e.DevToolsPropertyDefaultsPostProcessor - For additional web related logging consider setting the 'logging.level.web' property to 'DEBUG'
2025-03-24 23:09:38.806 [] [] INFO  [restartedMain] o.s.d.r.c.RepositoryConfigurationDelegate - Bootstrapping Spring Data JPA repositories in DEFAULT mode.
2025-03-24 23:09:39.034 [] [] INFO  [restartedMain] o.s.d.r.c.RepositoryConfigurationDelegate - Finished Spring Data repository scanning in 212 ms. Found 3 JPA repository interfaces.
2025-03-24 23:09:39.241 [] [] INFO  [restartedMain] o.s.i.c.DefaultConfiguringBeanFactoryPostProcessor - No bean named 'errorChannel' has been explicitly defined. Therefore, a default PublishSubscribeChannel will be created.
2025-03-24 23:09:39.257 [] [] INFO  [restartedMain] o.s.i.c.DefaultConfiguringBeanFactoryPostProcessor - No bean named 'integrationHeaderChannelRegistry' has been explicitly defined. Therefore, a default DefaultHeaderChannelRegistry will be created.
2025-03-24 23:09:40.333 [] [] INFO  [restartedMain] o.s.b.w.e.tomcat.TomcatWebServer - Tomcat initialized with port 8084 (http)
2025-03-24 23:09:40.350 [] [] INFO  [restartedMain] o.a.catalina.core.StandardService - Starting service [Tomcat]
2025-03-24 23:09:40.350 [] [] INFO  [restartedMain] o.a.catalina.core.StandardEngine - Starting Servlet engine: [Apache Tomcat/10.1.36]
2025-03-24 23:09:40.412 [] [] INFO  [restartedMain] o.a.c.c.C.[.[localhost].[/samagp] - Initializing Spring embedded WebApplicationContext
2025-03-24 23:09:40.412 [] [] INFO  [restartedMain] o.s.b.w.s.c.ServletWebServerApplicationContext - Root WebApplicationContext: initialization completed in 2557 ms
2025-03-24 23:09:40.602 [] [] INFO  [restartedMain] o.h.jpa.internal.util.LogHelper - HHH000204: Processing PersistenceUnitInfo [name: default]
2025-03-24 23:09:40.716 [] [] INFO  [restartedMain] org.hibernate.Version - HHH000412: Hibernate ORM core version 6.6.8.Final
2025-03-24 23:09:40.785 [] [] INFO  [restartedMain] o.h.c.i.RegionFactoryInitiator - HHH000026: Second-level cache disabled
2025-03-24 23:09:41.408 [] [] INFO  [restartedMain] o.s.o.j.p.SpringPersistenceUnitInfo - No LoadTimeWeaver setup: ignoring JPA class transformer
2025-03-24 23:09:41.449 [] [] INFO  [restartedMain] com.zaxxer.hikari.HikariDataSource - HikariPool-1 - Starting...
2025-03-24 23:09:41.706 [] [] INFO  [restartedMain] com.zaxxer.hikari.pool.HikariPool - HikariPool-1 - Added connection org.postgresql.jdbc.PgConnection@48921952
2025-03-24 23:09:41.707 [] [] INFO  [restartedMain] com.zaxxer.hikari.HikariDataSource - HikariPool-1 - Start completed.
2025-03-24 23:09:41.743 [] [] WARN  [restartedMain] org.hibernate.orm.deprecation - HHH90000025: PostgreSQLDialect does not need to be specified explicitly using 'hibernate.dialect' (remove the property setting and it will be selected by default)
2025-03-24 23:09:41.765 [] [] INFO  [restartedMain] o.hibernate.orm.connections.pooling - HHH10001005: Database info:
	Database JDBC URL [Connecting through datasource 'HikariDataSource (HikariPool-1)']
	Database driver: undefined/unknown
	Database version: 17.2
	Autocommit mode: undefined/unknown
	Isolation level: undefined/unknown
	Minimum pool size: undefined/unknown
	Maximum pool size: undefined/unknown
2025-03-24 23:09:43.030 [] [] INFO  [restartedMain] o.h.e.t.j.p.i.JtaPlatformInitiator - HHH000489: No JTA platform available (set 'hibernate.transaction.jta.platform' to enable JTA platform integration)
2025-03-24 23:09:43.091 [] [] INFO  [restartedMain] o.s.o.j.LocalContainerEntityManagerFactoryBean - Initialized JPA EntityManagerFactory for persistence unit 'default'
2025-03-24 23:09:43.624 [] [] WARN  [restartedMain] o.s.b.a.o.j.JpaBaseConfiguration$JpaWebConfiguration - spring.jpa.open-in-view is enabled by default. Therefore, database queries may be performed during view rendering. Explicitly configure spring.jpa.open-in-view to disable this warning
2025-03-24 23:09:44.085 [] [] INFO  [restartedMain] o.s.b.d.a.OptionalLiveReloadServer - LiveReload server is running on port 35729
2025-03-24 23:09:44.202 [] [] INFO  [restartedMain] o.s.i.endpoint.EventDrivenConsumer - Adding {logging-channel-adapter:_org.springframework.integration.errorLogger} as a subscriber to the 'errorChannel' channel
2025-03-24 23:09:44.203 [] [] INFO  [restartedMain] o.s.i.c.PublishSubscribeChannel - Channel 'samagp.errorChannel' has 1 subscriber(s).
2025-03-24 23:09:44.203 [] [] INFO  [restartedMain] o.s.i.endpoint.EventDrivenConsumer - started bean '_org.springframework.integration.errorLogger'
2025-03-24 23:09:44.271 [] [] INFO  [restartedMain] o.s.b.w.e.tomcat.TomcatWebServer - Tomcat started on port 8084 (http) with context path '/samagp'
2025-03-24 23:09:44.287 [] [] INFO  [restartedMain] sn.fr.samagp.SamaGpApiApplication - Started SamaGpApiApplication in 7.273 seconds (process running for 8.299)
2025-03-24 23:10:08.974 [] [] INFO  [http-nio-8084-exec-1] o.a.c.c.C.[.[localhost].[/samagp] - Initializing Spring DispatcherServlet 'dispatcherServlet'
2025-03-24 23:10:08.976 [] [] INFO  [http-nio-8084-exec-1] o.s.web.servlet.DispatcherServlet - Initializing Servlet 'dispatcherServlet'
2025-03-24 23:10:08.979 [] [] INFO  [http-nio-8084-exec-1] o.s.web.servlet.DispatcherServlet - Completed initialization in 2 ms
2025-03-24 23:10:10.207 [] [] INFO  [http-nio-8084-exec-3] o.s.api.AbstractOpenApiResource - Init duration for springdoc-openapi is: 423 ms
2025-03-24 23:13:59.057 [] [] INFO  [SpringApplicationShutdownHook] o.s.b.w.e.tomcat.GracefulShutdown - Commencing graceful shutdown. Waiting for active requests to complete
2025-03-24 23:13:59.077 [] [] INFO  [tomcat-shutdown] o.s.b.w.e.tomcat.GracefulShutdown - Graceful shutdown complete
2025-03-24 23:13:59.146 [] [] INFO  [SpringApplicationShutdownHook] o.s.i.endpoint.EventDrivenConsumer - Removing {logging-channel-adapter:_org.springframework.integration.errorLogger} as a subscriber to the 'errorChannel' channel
2025-03-24 23:13:59.147 [] [] INFO  [SpringApplicationShutdownHook] o.s.i.c.PublishSubscribeChannel - Channel 'samagp.errorChannel' has 0 subscriber(s).
2025-03-24 23:13:59.148 [] [] INFO  [SpringApplicationShutdownHook] o.s.i.endpoint.EventDrivenConsumer - stopped bean '_org.springframework.integration.errorLogger'
2025-03-24 23:13:59.159 [] [] INFO  [SpringApplicationShutdownHook] o.s.o.j.LocalContainerEntityManagerFactoryBean - Closing JPA EntityManagerFactory for persistence unit 'default'
2025-03-24 23:13:59.168 [] [] INFO  [SpringApplicationShutdownHook] com.zaxxer.hikari.HikariDataSource - HikariPool-1 - Shutdown initiated...
2025-03-24 23:13:59.173 [] [] INFO  [SpringApplicationShutdownHook] com.zaxxer.hikari.HikariDataSource - HikariPool-1 - Shutdown completed.
2025-03-24 23:14:02.775 [] [] INFO  [restartedMain] sn.fr.samagp.SamaGpApiApplication - Starting SamaGpApiApplication using Java 17.0.7 with PID 41160 (/Users/mac/Desktop/samaGp/samagp-api-ms/target/classes started by mac in /Users/mac/Desktop/samaGp/samagp-api-ms)
2025-03-24 23:14:02.777 [] [] INFO  [restartedMain] sn.fr.samagp.SamaGpApiApplication - The following 1 profile is active: "dev"
2025-03-24 23:14:02.824 [] [] INFO  [restartedMain] o.s.b.d.e.DevToolsPropertyDefaultsPostProcessor - Devtools property defaults active! Set 'spring.devtools.add-properties' to 'false' to disable
2025-03-24 23:14:02.825 [] [] INFO  [restartedMain] o.s.b.d.e.DevToolsPropertyDefaultsPostProcessor - For additional web related logging consider setting the 'logging.level.web' property to 'DEBUG'
2025-03-24 23:14:03.982 [] [] INFO  [restartedMain] o.s.d.r.c.RepositoryConfigurationDelegate - Bootstrapping Spring Data JPA repositories in DEFAULT mode.
2025-03-24 23:14:04.220 [] [] INFO  [restartedMain] o.s.d.r.c.RepositoryConfigurationDelegate - Finished Spring Data repository scanning in 226 ms. Found 3 JPA repository interfaces.
2025-03-24 23:14:04.361 [] [] INFO  [restartedMain] o.s.i.c.DefaultConfiguringBeanFactoryPostProcessor - No bean named 'errorChannel' has been explicitly defined. Therefore, a default PublishSubscribeChannel will be created.
2025-03-24 23:14:04.371 [] [] INFO  [restartedMain] o.s.i.c.DefaultConfiguringBeanFactoryPostProcessor - No bean named 'integrationHeaderChannelRegistry' has been explicitly defined. Therefore, a default DefaultHeaderChannelRegistry will be created.
2025-03-24 23:14:05.244 [] [] INFO  [restartedMain] o.s.b.w.e.tomcat.TomcatWebServer - Tomcat initialized with port 8084 (http)
2025-03-24 23:14:05.260 [] [] INFO  [restartedMain] o.a.catalina.core.StandardService - Starting service [Tomcat]
2025-03-24 23:14:05.261 [] [] INFO  [restartedMain] o.a.catalina.core.StandardEngine - Starting Servlet engine: [Apache Tomcat/10.1.36]
2025-03-24 23:14:05.312 [] [] INFO  [restartedMain] o.a.c.c.C.[.[localhost].[/samagp] - Initializing Spring embedded WebApplicationContext
2025-03-24 23:14:05.313 [] [] INFO  [restartedMain] o.s.b.w.s.c.ServletWebServerApplicationContext - Root WebApplicationContext: initialization completed in 2487 ms
2025-03-24 23:14:05.483 [] [] INFO  [restartedMain] o.h.jpa.internal.util.LogHelper - HHH000204: Processing PersistenceUnitInfo [name: default]
2025-03-24 23:14:05.582 [] [] INFO  [restartedMain] org.hibernate.Version - HHH000412: Hibernate ORM core version 6.6.8.Final
2025-03-24 23:14:05.652 [] [] INFO  [restartedMain] o.h.c.i.RegionFactoryInitiator - HHH000026: Second-level cache disabled
2025-03-24 23:14:06.056 [] [] INFO  [restartedMain] o.s.o.j.p.SpringPersistenceUnitInfo - No LoadTimeWeaver setup: ignoring JPA class transformer
2025-03-24 23:14:06.102 [] [] INFO  [restartedMain] com.zaxxer.hikari.HikariDataSource - HikariPool-1 - Starting...
2025-03-24 23:14:06.321 [] [] INFO  [restartedMain] com.zaxxer.hikari.pool.HikariPool - HikariPool-1 - Added connection org.postgresql.jdbc.PgConnection@10d843c4
2025-03-24 23:14:06.323 [] [] INFO  [restartedMain] com.zaxxer.hikari.HikariDataSource - HikariPool-1 - Start completed.
2025-03-24 23:14:06.367 [] [] WARN  [restartedMain] org.hibernate.orm.deprecation - HHH90000025: PostgreSQLDialect does not need to be specified explicitly using 'hibernate.dialect' (remove the property setting and it will be selected by default)
2025-03-24 23:14:06.393 [] [] INFO  [restartedMain] o.hibernate.orm.connections.pooling - HHH10001005: Database info:
	Database JDBC URL [Connecting through datasource 'HikariDataSource (HikariPool-1)']
	Database driver: undefined/unknown
	Database version: 17.2
	Autocommit mode: undefined/unknown
	Isolation level: undefined/unknown
	Minimum pool size: undefined/unknown
	Maximum pool size: undefined/unknown
2025-03-24 23:14:07.675 [] [] INFO  [restartedMain] o.h.e.t.j.p.i.JtaPlatformInitiator - HHH000489: No JTA platform available (set 'hibernate.transaction.jta.platform' to enable JTA platform integration)
2025-03-24 23:14:07.763 [] [] INFO  [restartedMain] o.s.o.j.LocalContainerEntityManagerFactoryBean - Initialized JPA EntityManagerFactory for persistence unit 'default'
2025-03-24 23:14:08.510 [] [] WARN  [restartedMain] o.s.b.a.o.j.JpaBaseConfiguration$JpaWebConfiguration - spring.jpa.open-in-view is enabled by default. Therefore, database queries may be performed during view rendering. Explicitly configure spring.jpa.open-in-view to disable this warning
2025-03-24 23:14:09.096 [] [] INFO  [restartedMain] o.s.b.d.a.OptionalLiveReloadServer - LiveReload server is running on port 35729
2025-03-24 23:14:09.208 [] [] INFO  [restartedMain] o.s.i.endpoint.EventDrivenConsumer - Adding {logging-channel-adapter:_org.springframework.integration.errorLogger} as a subscriber to the 'errorChannel' channel
2025-03-24 23:14:09.209 [] [] INFO  [restartedMain] o.s.i.c.PublishSubscribeChannel - Channel 'samagp.errorChannel' has 1 subscriber(s).
2025-03-24 23:14:09.209 [] [] INFO  [restartedMain] o.s.i.endpoint.EventDrivenConsumer - started bean '_org.springframework.integration.errorLogger'
2025-03-24 23:14:09.298 [] [] INFO  [restartedMain] o.s.b.w.e.tomcat.TomcatWebServer - Tomcat started on port 8084 (http) with context path '/samagp'
2025-03-24 23:14:09.321 [] [] INFO  [restartedMain] sn.fr.samagp.SamaGpApiApplication - Started SamaGpApiApplication in 7.283 seconds (process running for 8.008)
2025-03-24 23:16:09.388 [] [] INFO  [http-nio-8084-exec-1] o.a.c.c.C.[.[localhost].[/samagp] - Initializing Spring DispatcherServlet 'dispatcherServlet'
2025-03-24 23:16:09.395 [] [] INFO  [http-nio-8084-exec-1] o.s.web.servlet.DispatcherServlet - Initializing Servlet 'dispatcherServlet'
2025-03-24 23:16:09.413 [] [] INFO  [http-nio-8084-exec-1] o.s.web.servlet.DispatcherServlet - Completed initialization in 17 ms
2025-03-24 23:16:12.281 [] [] INFO  [http-nio-8084-exec-4] o.s.api.AbstractOpenApiResource - Init duration for springdoc-openapi is: 522 ms
2025-03-24 23:25:47.794 [] [] INFO  [SpringApplicationShutdownHook] o.s.b.w.e.tomcat.GracefulShutdown - Commencing graceful shutdown. Waiting for active requests to complete
2025-03-24 23:25:47.841 [] [] INFO  [tomcat-shutdown] o.s.b.w.e.tomcat.GracefulShutdown - Graceful shutdown complete
2025-03-24 23:25:48.030 [] [] INFO  [SpringApplicationShutdownHook] o.s.i.endpoint.EventDrivenConsumer - Removing {logging-channel-adapter:_org.springframework.integration.errorLogger} as a subscriber to the 'errorChannel' channel
2025-03-24 23:25:48.040 [] [] INFO  [SpringApplicationShutdownHook] o.s.i.c.PublishSubscribeChannel - Channel 'samagp.errorChannel' has 0 subscriber(s).
2025-03-24 23:25:48.047 [] [] INFO  [SpringApplicationShutdownHook] o.s.i.endpoint.EventDrivenConsumer - stopped bean '_org.springframework.integration.errorLogger'
2025-03-24 23:25:48.124 [] [] INFO  [SpringApplicationShutdownHook] o.s.o.j.LocalContainerEntityManagerFactoryBean - Closing JPA EntityManagerFactory for persistence unit 'default'
2025-03-24 23:25:48.271 [] [] INFO  [SpringApplicationShutdownHook] com.zaxxer.hikari.HikariDataSource - HikariPool-1 - Shutdown initiated...
2025-03-24 23:25:48.291 [] [] INFO  [SpringApplicationShutdownHook] com.zaxxer.hikari.HikariDataSource - HikariPool-1 - Shutdown completed.
2025-03-24 23:25:54.874 [] [] INFO  [restartedMain] sn.fr.samagp.SamaGpApiApplication - Starting SamaGpApiApplication using Java 17.0.7 with PID 47315 (/Users/mac/Desktop/samaGp/samagp-api-ms/target/classes started by mac in /Users/mac/Desktop/samaGp/samagp-api-ms)
2025-03-24 23:25:54.877 [] [] INFO  [restartedMain] sn.fr.samagp.SamaGpApiApplication - The following 1 profile is active: "dev"
2025-03-24 23:25:54.925 [] [] INFO  [restartedMain] o.s.b.d.e.DevToolsPropertyDefaultsPostProcessor - Devtools property defaults active! Set 'spring.devtools.add-properties' to 'false' to disable
2025-03-24 23:25:54.926 [] [] INFO  [restartedMain] o.s.b.d.e.DevToolsPropertyDefaultsPostProcessor - For additional web related logging consider setting the 'logging.level.web' property to 'DEBUG'
2025-03-24 23:25:55.837 [] [] INFO  [restartedMain] o.s.d.r.c.RepositoryConfigurationDelegate - Bootstrapping Spring Data JPA repositories in DEFAULT mode.
2025-03-24 23:25:56.055 [] [] INFO  [restartedMain] o.s.d.r.c.RepositoryConfigurationDelegate - Finished Spring Data repository scanning in 205 ms. Found 3 JPA repository interfaces.
2025-03-24 23:25:56.216 [] [] INFO  [restartedMain] o.s.i.c.DefaultConfiguringBeanFactoryPostProcessor - No bean named 'errorChannel' has been explicitly defined. Therefore, a default PublishSubscribeChannel will be created.
2025-03-24 23:25:56.227 [] [] INFO  [restartedMain] o.s.i.c.DefaultConfiguringBeanFactoryPostProcessor - No bean named 'integrationHeaderChannelRegistry' has been explicitly defined. Therefore, a default DefaultHeaderChannelRegistry will be created.
2025-03-24 23:25:56.853 [] [] INFO  [restartedMain] o.s.b.w.e.tomcat.TomcatWebServer - Tomcat initialized with port 8084 (http)
2025-03-24 23:25:56.867 [] [] INFO  [restartedMain] o.a.catalina.core.StandardService - Starting service [Tomcat]
2025-03-24 23:25:56.868 [] [] INFO  [restartedMain] o.a.catalina.core.StandardEngine - Starting Servlet engine: [Apache Tomcat/10.1.36]
2025-03-24 23:25:56.921 [] [] INFO  [restartedMain] o.a.c.c.C.[.[localhost].[/samagp] - Initializing Spring embedded WebApplicationContext
2025-03-24 23:25:56.921 [] [] INFO  [restartedMain] o.s.b.w.s.c.ServletWebServerApplicationContext - Root WebApplicationContext: initialization completed in 1994 ms
2025-03-24 23:25:57.068 [] [] INFO  [restartedMain] o.h.jpa.internal.util.LogHelper - HHH000204: Processing PersistenceUnitInfo [name: default]
2025-03-24 23:25:57.132 [] [] INFO  [restartedMain] org.hibernate.Version - HHH000412: Hibernate ORM core version 6.6.8.Final
2025-03-24 23:25:57.179 [] [] INFO  [restartedMain] o.h.c.i.RegionFactoryInitiator - HHH000026: Second-level cache disabled
2025-03-24 23:25:57.458 [] [] INFO  [restartedMain] o.s.o.j.p.SpringPersistenceUnitInfo - No LoadTimeWeaver setup: ignoring JPA class transformer
2025-03-24 23:25:57.490 [] [] INFO  [restartedMain] com.zaxxer.hikari.HikariDataSource - HikariPool-1 - Starting...
2025-03-24 23:25:57.704 [] [] INFO  [restartedMain] com.zaxxer.hikari.pool.HikariPool - HikariPool-1 - Added connection org.postgresql.jdbc.PgConnection@3772443a
2025-03-24 23:25:57.706 [] [] INFO  [restartedMain] com.zaxxer.hikari.HikariDataSource - HikariPool-1 - Start completed.
2025-03-24 23:25:57.748 [] [] WARN  [restartedMain] org.hibernate.orm.deprecation - HHH90000025: PostgreSQLDialect does not need to be specified explicitly using 'hibernate.dialect' (remove the property setting and it will be selected by default)
2025-03-24 23:25:57.770 [] [] INFO  [restartedMain] o.hibernate.orm.connections.pooling - HHH10001005: Database info:
	Database JDBC URL [Connecting through datasource 'HikariDataSource (HikariPool-1)']
	Database driver: undefined/unknown
	Database version: 17.2
	Autocommit mode: undefined/unknown
	Isolation level: undefined/unknown
	Minimum pool size: undefined/unknown
	Maximum pool size: undefined/unknown
2025-03-24 23:25:58.830 [] [] INFO  [restartedMain] o.h.e.t.j.p.i.JtaPlatformInitiator - HHH000489: No JTA platform available (set 'hibernate.transaction.jta.platform' to enable JTA platform integration)
2025-03-24 23:25:58.891 [] [] INFO  [restartedMain] o.s.o.j.LocalContainerEntityManagerFactoryBean - Initialized JPA EntityManagerFactory for persistence unit 'default'
2025-03-24 23:25:59.372 [] [] WARN  [restartedMain] o.s.b.a.o.j.JpaBaseConfiguration$JpaWebConfiguration - spring.jpa.open-in-view is enabled by default. Therefore, database queries may be performed during view rendering. Explicitly configure spring.jpa.open-in-view to disable this warning
2025-03-24 23:25:59.763 [] [] INFO  [restartedMain] o.s.b.d.a.OptionalLiveReloadServer - LiveReload server is running on port 35729
2025-03-24 23:25:59.896 [] [] INFO  [restartedMain] o.s.i.endpoint.EventDrivenConsumer - Adding {logging-channel-adapter:_org.springframework.integration.errorLogger} as a subscriber to the 'errorChannel' channel
2025-03-24 23:25:59.896 [] [] INFO  [restartedMain] o.s.i.c.PublishSubscribeChannel - Channel 'samagp.errorChannel' has 1 subscriber(s).
2025-03-24 23:25:59.897 [] [] INFO  [restartedMain] o.s.i.endpoint.EventDrivenConsumer - started bean '_org.springframework.integration.errorLogger'
2025-03-24 23:25:59.965 [] [] INFO  [restartedMain] o.s.b.w.e.tomcat.TomcatWebServer - Tomcat started on port 8084 (http) with context path '/samagp'
2025-03-24 23:25:59.982 [] [] INFO  [restartedMain] sn.fr.samagp.SamaGpApiApplication - Started SamaGpApiApplication in 5.875 seconds (process running for 6.696)
2025-03-24 23:26:07.789 [] [] INFO  [http-nio-8084-exec-1] o.a.c.c.C.[.[localhost].[/samagp] - Initializing Spring DispatcherServlet 'dispatcherServlet'
2025-03-24 23:26:07.802 [] [] INFO  [http-nio-8084-exec-1] o.s.web.servlet.DispatcherServlet - Initializing Servlet 'dispatcherServlet'
2025-03-24 23:26:07.812 [] [] INFO  [http-nio-8084-exec-1] o.s.web.servlet.DispatcherServlet - Completed initialization in 9 ms
2025-03-24 23:26:22.046 [] [] INFO  [http-nio-8084-exec-1] o.s.api.AbstractOpenApiResource - Init duration for springdoc-openapi is: 430 ms
2025-03-24 23:26:33.747 [] [] INFO  [SpringApplicationShutdownHook] o.s.b.w.e.tomcat.GracefulShutdown - Commencing graceful shutdown. Waiting for active requests to complete
2025-03-24 23:26:33.759 [] [] INFO  [tomcat-shutdown] o.s.b.w.e.tomcat.GracefulShutdown - Graceful shutdown complete
2025-03-24 23:26:33.793 [] [] INFO  [SpringApplicationShutdownHook] o.s.i.endpoint.EventDrivenConsumer - Removing {logging-channel-adapter:_org.springframework.integration.errorLogger} as a subscriber to the 'errorChannel' channel
2025-03-24 23:26:33.794 [] [] INFO  [SpringApplicationShutdownHook] o.s.i.c.PublishSubscribeChannel - Channel 'samagp.errorChannel' has 0 subscriber(s).
2025-03-24 23:26:33.794 [] [] INFO  [SpringApplicationShutdownHook] o.s.i.endpoint.EventDrivenConsumer - stopped bean '_org.springframework.integration.errorLogger'
2025-03-24 23:26:33.802 [] [] INFO  [SpringApplicationShutdownHook] o.s.o.j.LocalContainerEntityManagerFactoryBean - Closing JPA EntityManagerFactory for persistence unit 'default'
2025-03-24 23:26:33.807 [] [] INFO  [SpringApplicationShutdownHook] com.zaxxer.hikari.HikariDataSource - HikariPool-1 - Shutdown initiated...
2025-03-24 23:26:33.810 [] [] INFO  [SpringApplicationShutdownHook] com.zaxxer.hikari.HikariDataSource - HikariPool-1 - Shutdown completed.
2025-03-24 23:26:36.474 [] [] INFO  [restartedMain] sn.fr.samagp.SamaGpApiApplication - Starting SamaGpApiApplication using Java 17.0.7 with PID 47681 (/Users/mac/Desktop/samaGp/samagp-api-ms/target/classes started by mac in /Users/mac/Desktop/samaGp/samagp-api-ms)
2025-03-24 23:26:36.476 [] [] INFO  [restartedMain] sn.fr.samagp.SamaGpApiApplication - The following 1 profile is active: "dev"
2025-03-24 23:26:36.534 [] [] INFO  [restartedMain] o.s.b.d.e.DevToolsPropertyDefaultsPostProcessor - Devtools property defaults active! Set 'spring.devtools.add-properties' to 'false' to disable
2025-03-24 23:26:36.535 [] [] INFO  [restartedMain] o.s.b.d.e.DevToolsPropertyDefaultsPostProcessor - For additional web related logging consider setting the 'logging.level.web' property to 'DEBUG'
2025-03-24 23:26:37.496 [] [] INFO  [restartedMain] o.s.d.r.c.RepositoryConfigurationDelegate - Bootstrapping Spring Data JPA repositories in DEFAULT mode.
2025-03-24 23:26:37.738 [] [] INFO  [restartedMain] o.s.d.r.c.RepositoryConfigurationDelegate - Finished Spring Data repository scanning in 230 ms. Found 3 JPA repository interfaces.
2025-03-24 23:26:37.875 [] [] INFO  [restartedMain] o.s.i.c.DefaultConfiguringBeanFactoryPostProcessor - No bean named 'errorChannel' has been explicitly defined. Therefore, a default PublishSubscribeChannel will be created.
2025-03-24 23:26:37.886 [] [] INFO  [restartedMain] o.s.i.c.DefaultConfiguringBeanFactoryPostProcessor - No bean named 'integrationHeaderChannelRegistry' has been explicitly defined. Therefore, a default DefaultHeaderChannelRegistry will be created.
2025-03-24 23:26:38.575 [] [] INFO  [restartedMain] o.s.b.w.e.tomcat.TomcatWebServer - Tomcat initialized with port 8084 (http)
2025-03-24 23:26:38.589 [] [] INFO  [restartedMain] o.a.catalina.core.StandardService - Starting service [Tomcat]
2025-03-24 23:26:38.590 [] [] INFO  [restartedMain] o.a.catalina.core.StandardEngine - Starting Servlet engine: [Apache Tomcat/10.1.36]
2025-03-24 23:26:38.642 [] [] INFO  [restartedMain] o.a.c.c.C.[.[localhost].[/samagp] - Initializing Spring embedded WebApplicationContext
2025-03-24 23:26:38.643 [] [] INFO  [restartedMain] o.s.b.w.s.c.ServletWebServerApplicationContext - Root WebApplicationContext: initialization completed in 2107 ms
2025-03-24 23:26:38.801 [] [] INFO  [restartedMain] o.h.jpa.internal.util.LogHelper - HHH000204: Processing PersistenceUnitInfo [name: default]
2025-03-24 23:26:38.866 [] [] INFO  [restartedMain] org.hibernate.Version - HHH000412: Hibernate ORM core version 6.6.8.Final
2025-03-24 23:26:38.905 [] [] INFO  [restartedMain] o.h.c.i.RegionFactoryInitiator - HHH000026: Second-level cache disabled
2025-03-24 23:26:39.189 [] [] INFO  [restartedMain] o.s.o.j.p.SpringPersistenceUnitInfo - No LoadTimeWeaver setup: ignoring JPA class transformer
2025-03-24 23:26:39.219 [] [] INFO  [restartedMain] com.zaxxer.hikari.HikariDataSource - HikariPool-1 - Starting...
2025-03-24 23:26:39.388 [] [] INFO  [restartedMain] com.zaxxer.hikari.pool.HikariPool - HikariPool-1 - Added connection org.postgresql.jdbc.PgConnection@7b08b48d
2025-03-24 23:26:39.389 [] [] INFO  [restartedMain] com.zaxxer.hikari.HikariDataSource - HikariPool-1 - Start completed.
2025-03-24 23:26:39.427 [] [] WARN  [restartedMain] org.hibernate.orm.deprecation - HHH90000025: PostgreSQLDialect does not need to be specified explicitly using 'hibernate.dialect' (remove the property setting and it will be selected by default)
2025-03-24 23:26:39.454 [] [] INFO  [restartedMain] o.hibernate.orm.connections.pooling - HHH10001005: Database info:
	Database JDBC URL [Connecting through datasource 'HikariDataSource (HikariPool-1)']
	Database driver: undefined/unknown
	Database version: 17.2
	Autocommit mode: undefined/unknown
	Isolation level: undefined/unknown
	Minimum pool size: undefined/unknown
	Maximum pool size: undefined/unknown
2025-03-24 23:26:40.430 [] [] INFO  [restartedMain] o.h.e.t.j.p.i.JtaPlatformInitiator - HHH000489: No JTA platform available (set 'hibernate.transaction.jta.platform' to enable JTA platform integration)
2025-03-24 23:26:40.487 [] [] INFO  [restartedMain] o.s.o.j.LocalContainerEntityManagerFactoryBean - Initialized JPA EntityManagerFactory for persistence unit 'default'
2025-03-24 23:26:41.019 [] [] WARN  [restartedMain] o.s.b.a.o.j.JpaBaseConfiguration$JpaWebConfiguration - spring.jpa.open-in-view is enabled by default. Therefore, database queries may be performed during view rendering. Explicitly configure spring.jpa.open-in-view to disable this warning
2025-03-24 23:26:41.414 [] [] INFO  [restartedMain] o.s.b.d.a.OptionalLiveReloadServer - LiveReload server is running on port 35729
2025-03-24 23:26:41.551 [] [] INFO  [restartedMain] o.s.i.endpoint.EventDrivenConsumer - Adding {logging-channel-adapter:_org.springframework.integration.errorLogger} as a subscriber to the 'errorChannel' channel
2025-03-24 23:26:41.552 [] [] INFO  [restartedMain] o.s.i.c.PublishSubscribeChannel - Channel 'samagp.errorChannel' has 1 subscriber(s).
2025-03-24 23:26:41.553 [] [] INFO  [restartedMain] o.s.i.endpoint.EventDrivenConsumer - started bean '_org.springframework.integration.errorLogger'
2025-03-24 23:26:41.633 [] [] INFO  [restartedMain] o.s.b.w.e.tomcat.TomcatWebServer - Tomcat started on port 8084 (http) with context path '/samagp'
2025-03-24 23:26:41.658 [] [] INFO  [restartedMain] sn.fr.samagp.SamaGpApiApplication - Started SamaGpApiApplication in 6.009 seconds (process running for 6.843)
2025-03-24 23:26:50.187 [] [] INFO  [http-nio-8084-exec-1] o.a.c.c.C.[.[localhost].[/samagp] - Initializing Spring DispatcherServlet 'dispatcherServlet'
2025-03-24 23:26:50.187 [] [] INFO  [http-nio-8084-exec-1] o.s.web.servlet.DispatcherServlet - Initializing Servlet 'dispatcherServlet'
2025-03-24 23:26:50.190 [] [] INFO  [http-nio-8084-exec-1] o.s.web.servlet.DispatcherServlet - Completed initialization in 3 ms
2025-03-24 23:26:51.458 [] [] INFO  [http-nio-8084-exec-3] o.s.api.AbstractOpenApiResource - Init duration for springdoc-openapi is: 664 ms
2025-03-24 23:27:31.321 [] [] INFO  [SpringApplicationShutdownHook] o.s.b.w.e.tomcat.GracefulShutdown - Commencing graceful shutdown. Waiting for active requests to complete
2025-03-24 23:27:31.331 [] [] INFO  [tomcat-shutdown] o.s.b.w.e.tomcat.GracefulShutdown - Graceful shutdown complete
2025-03-24 23:27:31.364 [] [] INFO  [SpringApplicationShutdownHook] o.s.i.endpoint.EventDrivenConsumer - Removing {logging-channel-adapter:_org.springframework.integration.errorLogger} as a subscriber to the 'errorChannel' channel
2025-03-24 23:27:31.364 [] [] INFO  [SpringApplicationShutdownHook] o.s.i.c.PublishSubscribeChannel - Channel 'samagp.errorChannel' has 0 subscriber(s).
2025-03-24 23:27:31.365 [] [] INFO  [SpringApplicationShutdownHook] o.s.i.endpoint.EventDrivenConsumer - stopped bean '_org.springframework.integration.errorLogger'
2025-03-24 23:27:31.374 [] [] INFO  [SpringApplicationShutdownHook] o.s.o.j.LocalContainerEntityManagerFactoryBean - Closing JPA EntityManagerFactory for persistence unit 'default'
2025-03-24 23:27:31.378 [] [] INFO  [SpringApplicationShutdownHook] com.zaxxer.hikari.HikariDataSource - HikariPool-1 - Shutdown initiated...
2025-03-24 23:27:31.380 [] [] INFO  [SpringApplicationShutdownHook] com.zaxxer.hikari.HikariDataSource - HikariPool-1 - Shutdown completed.
2025-03-24 23:27:33.957 [] [] INFO  [restartedMain] sn.fr.samagp.SamaGpApiApplication - Starting SamaGpApiApplication using Java 17.0.7 with PID 48147 (/Users/mac/Desktop/samaGp/samagp-api-ms/target/classes started by mac in /Users/mac/Desktop/samaGp/samagp-api-ms)
2025-03-24 23:27:33.960 [] [] INFO  [restartedMain] sn.fr.samagp.SamaGpApiApplication - The following 1 profile is active: "dev"
2025-03-24 23:27:34.013 [] [] INFO  [restartedMain] o.s.b.d.e.DevToolsPropertyDefaultsPostProcessor - Devtools property defaults active! Set 'spring.devtools.add-properties' to 'false' to disable
2025-03-24 23:27:34.014 [] [] INFO  [restartedMain] o.s.b.d.e.DevToolsPropertyDefaultsPostProcessor - For additional web related logging consider setting the 'logging.level.web' property to 'DEBUG'
2025-03-24 23:27:35.201 [] [] INFO  [restartedMain] o.s.d.r.c.RepositoryConfigurationDelegate - Bootstrapping Spring Data JPA repositories in DEFAULT mode.
2025-03-24 23:27:35.434 [] [] INFO  [restartedMain] o.s.d.r.c.RepositoryConfigurationDelegate - Finished Spring Data repository scanning in 221 ms. Found 3 JPA repository interfaces.
2025-03-24 23:27:35.763 [] [] INFO  [restartedMain] o.s.i.c.DefaultConfiguringBeanFactoryPostProcessor - No bean named 'errorChannel' has been explicitly defined. Therefore, a default PublishSubscribeChannel will be created.
2025-03-24 23:27:35.779 [] [] INFO  [restartedMain] o.s.i.c.DefaultConfiguringBeanFactoryPostProcessor - No bean named 'integrationHeaderChannelRegistry' has been explicitly defined. Therefore, a default DefaultHeaderChannelRegistry will be created.
2025-03-24 23:27:36.574 [] [] INFO  [restartedMain] o.s.b.w.e.tomcat.TomcatWebServer - Tomcat initialized with port 8084 (http)
2025-03-24 23:27:36.591 [] [] INFO  [restartedMain] o.a.catalina.core.StandardService - Starting service [Tomcat]
2025-03-24 23:27:36.592 [] [] INFO  [restartedMain] o.a.catalina.core.StandardEngine - Starting Servlet engine: [Apache Tomcat/10.1.36]
2025-03-24 23:27:36.650 [] [] INFO  [restartedMain] o.a.c.c.C.[.[localhost].[/samagp] - Initializing Spring embedded WebApplicationContext
2025-03-24 23:27:36.651 [] [] INFO  [restartedMain] o.s.b.w.s.c.ServletWebServerApplicationContext - Root WebApplicationContext: initialization completed in 2635 ms
2025-03-24 23:27:36.977 [] [] INFO  [restartedMain] o.h.jpa.internal.util.LogHelper - HHH000204: Processing PersistenceUnitInfo [name: default]
2025-03-24 23:27:37.066 [] [] INFO  [restartedMain] org.hibernate.Version - HHH000412: Hibernate ORM core version 6.6.8.Final
2025-03-24 23:27:37.117 [] [] INFO  [restartedMain] o.h.c.i.RegionFactoryInitiator - HHH000026: Second-level cache disabled
2025-03-24 23:27:37.497 [] [] INFO  [restartedMain] o.s.o.j.p.SpringPersistenceUnitInfo - No LoadTimeWeaver setup: ignoring JPA class transformer
2025-03-24 23:27:37.544 [] [] INFO  [restartedMain] com.zaxxer.hikari.HikariDataSource - HikariPool-1 - Starting...
2025-03-24 23:27:37.976 [] [] INFO  [restartedMain] com.zaxxer.hikari.pool.HikariPool - HikariPool-1 - Added connection org.postgresql.jdbc.PgConnection@6eae0309
2025-03-24 23:27:37.978 [] [] INFO  [restartedMain] com.zaxxer.hikari.HikariDataSource - HikariPool-1 - Start completed.
2025-03-24 23:27:38.012 [] [] WARN  [restartedMain] org.hibernate.orm.deprecation - HHH90000025: PostgreSQLDialect does not need to be specified explicitly using 'hibernate.dialect' (remove the property setting and it will be selected by default)
2025-03-24 23:27:38.037 [] [] INFO  [restartedMain] o.hibernate.orm.connections.pooling - HHH10001005: Database info:
	Database JDBC URL [Connecting through datasource 'HikariDataSource (HikariPool-1)']
	Database driver: undefined/unknown
	Database version: 17.2
	Autocommit mode: undefined/unknown
	Isolation level: undefined/unknown
	Minimum pool size: undefined/unknown
	Maximum pool size: undefined/unknown
2025-03-24 23:27:39.205 [] [] INFO  [restartedMain] o.h.e.t.j.p.i.JtaPlatformInitiator - HHH000489: No JTA platform available (set 'hibernate.transaction.jta.platform' to enable JTA platform integration)
2025-03-24 23:27:39.264 [] [] INFO  [restartedMain] o.s.o.j.LocalContainerEntityManagerFactoryBean - Initialized JPA EntityManagerFactory for persistence unit 'default'
2025-03-24 23:27:39.800 [] [] WARN  [restartedMain] o.s.b.a.o.j.JpaBaseConfiguration$JpaWebConfiguration - spring.jpa.open-in-view is enabled by default. Therefore, database queries may be performed during view rendering. Explicitly configure spring.jpa.open-in-view to disable this warning
2025-03-24 23:27:40.229 [] [] INFO  [restartedMain] o.s.b.d.a.OptionalLiveReloadServer - LiveReload server is running on port 35729
2025-03-24 23:27:40.335 [] [] INFO  [restartedMain] o.s.i.endpoint.EventDrivenConsumer - Adding {logging-channel-adapter:_org.springframework.integration.errorLogger} as a subscriber to the 'errorChannel' channel
2025-03-24 23:27:40.335 [] [] INFO  [restartedMain] o.s.i.c.PublishSubscribeChannel - Channel 'samagp.errorChannel' has 1 subscriber(s).
2025-03-24 23:27:40.336 [] [] INFO  [restartedMain] o.s.i.endpoint.EventDrivenConsumer - started bean '_org.springframework.integration.errorLogger'
2025-03-24 23:27:40.403 [] [] INFO  [restartedMain] o.s.b.w.e.tomcat.TomcatWebServer - Tomcat started on port 8084 (http) with context path '/samagp'
2025-03-24 23:27:40.417 [] [] INFO  [restartedMain] sn.fr.samagp.SamaGpApiApplication - Started SamaGpApiApplication in 7.241 seconds (process running for 7.966)
2025-03-24 23:28:03.241 [] [] INFO  [http-nio-8084-exec-1] o.a.c.c.C.[.[localhost].[/samagp] - Initializing Spring DispatcherServlet 'dispatcherServlet'
2025-03-24 23:28:03.245 [] [] INFO  [http-nio-8084-exec-1] o.s.web.servlet.DispatcherServlet - Initializing Servlet 'dispatcherServlet'
2025-03-24 23:28:03.248 [] [] INFO  [http-nio-8084-exec-1] o.s.web.servlet.DispatcherServlet - Completed initialization in 2 ms
2025-03-24 23:28:04.733 [] [] INFO  [http-nio-8084-exec-10] o.s.api.AbstractOpenApiResource - Init duration for springdoc-openapi is: 546 ms
2025-03-24 23:34:45.534 [] [] INFO  [SpringApplicationShutdownHook] o.s.b.w.e.tomcat.GracefulShutdown - Commencing graceful shutdown. Waiting for active requests to complete
2025-03-24 23:34:45.546 [] [] INFO  [tomcat-shutdown] o.s.b.w.e.tomcat.GracefulShutdown - Graceful shutdown complete
2025-03-24 23:34:45.587 [] [] INFO  [SpringApplicationShutdownHook] o.s.i.endpoint.EventDrivenConsumer - Removing {logging-channel-adapter:_org.springframework.integration.errorLogger} as a subscriber to the 'errorChannel' channel
2025-03-24 23:34:45.588 [] [] INFO  [SpringApplicationShutdownHook] o.s.i.c.PublishSubscribeChannel - Channel 'samagp.errorChannel' has 0 subscriber(s).
2025-03-24 23:34:45.588 [] [] INFO  [SpringApplicationShutdownHook] o.s.i.endpoint.EventDrivenConsumer - stopped bean '_org.springframework.integration.errorLogger'
2025-03-24 23:34:45.598 [] [] INFO  [SpringApplicationShutdownHook] o.s.o.j.LocalContainerEntityManagerFactoryBean - Closing JPA EntityManagerFactory for persistence unit 'default'
2025-03-24 23:34:45.605 [] [] INFO  [SpringApplicationShutdownHook] com.zaxxer.hikari.HikariDataSource - HikariPool-1 - Shutdown initiated...
2025-03-24 23:34:45.609 [] [] INFO  [SpringApplicationShutdownHook] com.zaxxer.hikari.HikariDataSource - HikariPool-1 - Shutdown completed.
2025-03-24 23:34:51.818 [] [] INFO  [restartedMain] sn.fr.samagp.SamaGpApiApplication - Starting SamaGpApiApplication using Java 17.0.7 with PID 51976 (/Users/mac/Desktop/samaGp/samagp-api-ms/target/classes started by mac in /Users/mac/Desktop/samaGp/samagp-api-ms)
2025-03-24 23:34:51.822 [] [] INFO  [restartedMain] sn.fr.samagp.SamaGpApiApplication - The following 1 profile is active: "dev"
2025-03-24 23:34:51.907 [] [] INFO  [restartedMain] o.s.b.d.e.DevToolsPropertyDefaultsPostProcessor - Devtools property defaults active! Set 'spring.devtools.add-properties' to 'false' to disable
2025-03-24 23:34:51.908 [] [] INFO  [restartedMain] o.s.b.d.e.DevToolsPropertyDefaultsPostProcessor - For additional web related logging consider setting the 'logging.level.web' property to 'DEBUG'
2025-03-24 23:34:53.535 [] [] INFO  [restartedMain] o.s.d.r.c.RepositoryConfigurationDelegate - Bootstrapping Spring Data JPA repositories in DEFAULT mode.
2025-03-24 23:34:53.716 [] [] INFO  [restartedMain] o.s.d.r.c.RepositoryConfigurationDelegate - Finished Spring Data repository scanning in 170 ms. Found 3 JPA repository interfaces.
2025-03-24 23:34:53.808 [] [] INFO  [restartedMain] o.s.i.c.DefaultConfiguringBeanFactoryPostProcessor - No bean named 'errorChannel' has been explicitly defined. Therefore, a default PublishSubscribeChannel will be created.
2025-03-24 23:34:53.818 [] [] INFO  [restartedMain] o.s.i.c.DefaultConfiguringBeanFactoryPostProcessor - No bean named 'integrationHeaderChannelRegistry' has been explicitly defined. Therefore, a default DefaultHeaderChannelRegistry will be created.
2025-03-24 23:34:55.045 [] [] INFO  [restartedMain] o.s.b.w.e.tomcat.TomcatWebServer - Tomcat initialized with port 8084 (http)
2025-03-24 23:34:55.069 [] [] INFO  [restartedMain] o.a.catalina.core.StandardService - Starting service [Tomcat]
2025-03-24 23:34:55.070 [] [] INFO  [restartedMain] o.a.catalina.core.StandardEngine - Starting Servlet engine: [Apache Tomcat/10.1.36]
2025-03-24 23:34:55.159 [] [] INFO  [restartedMain] o.a.c.c.C.[.[localhost].[/samagp] - Initializing Spring embedded WebApplicationContext
2025-03-24 23:34:55.161 [] [] INFO  [restartedMain] o.s.b.w.s.c.ServletWebServerApplicationContext - Root WebApplicationContext: initialization completed in 3251 ms
2025-03-24 23:34:55.563 [] [] INFO  [restartedMain] o.h.jpa.internal.util.LogHelper - HHH000204: Processing PersistenceUnitInfo [name: default]
2025-03-24 23:34:55.622 [] [] INFO  [restartedMain] org.hibernate.Version - HHH000412: Hibernate ORM core version 6.6.8.Final
2025-03-24 23:34:55.664 [] [] INFO  [restartedMain] o.h.c.i.RegionFactoryInitiator - HHH000026: Second-level cache disabled
2025-03-24 23:34:55.968 [] [] INFO  [restartedMain] o.s.o.j.p.SpringPersistenceUnitInfo - No LoadTimeWeaver setup: ignoring JPA class transformer
2025-03-24 23:34:55.999 [] [] INFO  [restartedMain] com.zaxxer.hikari.HikariDataSource - HikariPool-1 - Starting...
2025-03-24 23:34:56.179 [] [] INFO  [restartedMain] com.zaxxer.hikari.pool.HikariPool - HikariPool-1 - Added connection org.postgresql.jdbc.PgConnection@2f0beaf7
2025-03-24 23:34:56.181 [] [] INFO  [restartedMain] com.zaxxer.hikari.HikariDataSource - HikariPool-1 - Start completed.
2025-03-24 23:34:56.224 [] [] WARN  [restartedMain] org.hibernate.orm.deprecation - HHH90000025: PostgreSQLDialect does not need to be specified explicitly using 'hibernate.dialect' (remove the property setting and it will be selected by default)
2025-03-24 23:34:56.246 [] [] INFO  [restartedMain] o.hibernate.orm.connections.pooling - HHH10001005: Database info:
	Database JDBC URL [Connecting through datasource 'HikariDataSource (HikariPool-1)']
	Database driver: undefined/unknown
	Database version: 17.2
	Autocommit mode: undefined/unknown
	Isolation level: undefined/unknown
	Minimum pool size: undefined/unknown
	Maximum pool size: undefined/unknown
2025-03-24 23:34:57.286 [] [] INFO  [restartedMain] o.h.e.t.j.p.i.JtaPlatformInitiator - HHH000489: No JTA platform available (set 'hibernate.transaction.jta.platform' to enable JTA platform integration)
2025-03-24 23:34:57.346 [] [] INFO  [restartedMain] o.s.o.j.LocalContainerEntityManagerFactoryBean - Initialized JPA EntityManagerFactory for persistence unit 'default'
2025-03-24 23:34:58.010 [] [] WARN  [restartedMain] o.s.b.a.o.j.JpaBaseConfiguration$JpaWebConfiguration - spring.jpa.open-in-view is enabled by default. Therefore, database queries may be performed during view rendering. Explicitly configure spring.jpa.open-in-view to disable this warning
2025-03-24 23:34:58.804 [] [] INFO  [restartedMain] o.s.b.d.a.OptionalLiveReloadServer - LiveReload server is running on port 35729
2025-03-24 23:34:58.815 [] [] INFO  [restartedMain] o.s.b.a.e.web.EndpointLinksResolver - Exposing 1 endpoint beneath base path '/actuator'
2025-03-24 23:34:59.003 [] [] INFO  [restartedMain] o.s.i.endpoint.EventDrivenConsumer - Adding {logging-channel-adapter:_org.springframework.integration.errorLogger} as a subscriber to the 'errorChannel' channel
2025-03-24 23:34:59.004 [] [] INFO  [restartedMain] o.s.i.c.PublishSubscribeChannel - Channel 'samagp.errorChannel' has 1 subscriber(s).
2025-03-24 23:34:59.004 [] [] INFO  [restartedMain] o.s.i.endpoint.EventDrivenConsumer - started bean '_org.springframework.integration.errorLogger'
2025-03-24 23:34:59.086 [] [] INFO  [restartedMain] o.s.b.w.e.tomcat.TomcatWebServer - Tomcat started on port 8084 (http) with context path '/samagp'
2025-03-24 23:34:59.113 [] [] INFO  [restartedMain] sn.fr.samagp.SamaGpApiApplication - Started SamaGpApiApplication in 8.097 seconds (process running for 9.01)
2025-03-24 23:35:13.436 [] [] INFO  [http-nio-8084-exec-1] o.a.c.c.C.[.[localhost].[/samagp] - Initializing Spring DispatcherServlet 'dispatcherServlet'
2025-03-24 23:35:13.437 [] [] INFO  [http-nio-8084-exec-1] o.s.web.servlet.DispatcherServlet - Initializing Servlet 'dispatcherServlet'
2025-03-24 23:35:13.439 [] [] INFO  [http-nio-8084-exec-1] o.s.web.servlet.DispatcherServlet - Completed initialization in 2 ms
2025-03-24 23:36:46.951 [] [] INFO  [SpringApplicationShutdownHook] o.s.b.w.e.tomcat.GracefulShutdown - Commencing graceful shutdown. Waiting for active requests to complete
2025-03-24 23:36:46.963 [] [] INFO  [tomcat-shutdown] o.s.b.w.e.tomcat.GracefulShutdown - Graceful shutdown complete
2025-03-24 23:36:46.998 [] [] INFO  [SpringApplicationShutdownHook] o.s.i.endpoint.EventDrivenConsumer - Removing {logging-channel-adapter:_org.springframework.integration.errorLogger} as a subscriber to the 'errorChannel' channel
2025-03-24 23:36:46.998 [] [] INFO  [SpringApplicationShutdownHook] o.s.i.c.PublishSubscribeChannel - Channel 'samagp.errorChannel' has 0 subscriber(s).
2025-03-24 23:36:46.999 [] [] INFO  [SpringApplicationShutdownHook] o.s.i.endpoint.EventDrivenConsumer - stopped bean '_org.springframework.integration.errorLogger'
2025-03-24 23:36:47.020 [] [] INFO  [SpringApplicationShutdownHook] o.s.o.j.LocalContainerEntityManagerFactoryBean - Closing JPA EntityManagerFactory for persistence unit 'default'
2025-03-24 23:36:47.024 [] [] INFO  [SpringApplicationShutdownHook] com.zaxxer.hikari.HikariDataSource - HikariPool-1 - Shutdown initiated...
2025-03-24 23:36:47.026 [] [] INFO  [SpringApplicationShutdownHook] com.zaxxer.hikari.HikariDataSource - HikariPool-1 - Shutdown completed.
2025-03-24 23:36:49.432 [] [] INFO  [restartedMain] sn.fr.samagp.SamaGpApiApplication - Starting SamaGpApiApplication using Java 17.0.7 with PID 52967 (/Users/mac/Desktop/samaGp/samagp-api-ms/target/classes started by mac in /Users/mac/Desktop/samaGp/samagp-api-ms)
2025-03-24 23:36:49.434 [] [] INFO  [restartedMain] sn.fr.samagp.SamaGpApiApplication - The following 1 profile is active: "dev"
2025-03-24 23:36:49.477 [] [] INFO  [restartedMain] o.s.b.d.e.DevToolsPropertyDefaultsPostProcessor - Devtools property defaults active! Set 'spring.devtools.add-properties' to 'false' to disable
2025-03-24 23:36:49.477 [] [] INFO  [restartedMain] o.s.b.d.e.DevToolsPropertyDefaultsPostProcessor - For additional web related logging consider setting the 'logging.level.web' property to 'DEBUG'
2025-03-24 23:36:50.760 [] [] INFO  [restartedMain] o.s.d.r.c.RepositoryConfigurationDelegate - Bootstrapping Spring Data JPA repositories in DEFAULT mode.
2025-03-24 23:36:50.950 [] [] INFO  [restartedMain] o.s.d.r.c.RepositoryConfigurationDelegate - Finished Spring Data repository scanning in 178 ms. Found 3 JPA repository interfaces.
2025-03-24 23:36:51.048 [] [] INFO  [restartedMain] o.s.i.c.DefaultConfiguringBeanFactoryPostProcessor - No bean named 'errorChannel' has been explicitly defined. Therefore, a default PublishSubscribeChannel will be created.
2025-03-24 23:36:51.057 [] [] INFO  [restartedMain] o.s.i.c.DefaultConfiguringBeanFactoryPostProcessor - No bean named 'integrationHeaderChannelRegistry' has been explicitly defined. Therefore, a default DefaultHeaderChannelRegistry will be created.
2025-03-24 23:36:51.938 [] [] INFO  [restartedMain] o.s.b.w.e.tomcat.TomcatWebServer - Tomcat initialized with port 8084 (http)
2025-03-24 23:36:51.952 [] [] INFO  [restartedMain] o.a.catalina.core.StandardService - Starting service [Tomcat]
2025-03-24 23:36:51.952 [] [] INFO  [restartedMain] o.a.catalina.core.StandardEngine - Starting Servlet engine: [Apache Tomcat/10.1.36]
2025-03-24 23:36:52.009 [] [] INFO  [restartedMain] o.a.c.c.C.[.[localhost].[/samagp] - Initializing Spring embedded WebApplicationContext
2025-03-24 23:36:52.009 [] [] INFO  [restartedMain] o.s.b.w.s.c.ServletWebServerApplicationContext - Root WebApplicationContext: initialization completed in 2531 ms
2025-03-24 23:36:52.350 [] [] INFO  [restartedMain] o.h.jpa.internal.util.LogHelper - HHH000204: Processing PersistenceUnitInfo [name: default]
2025-03-24 23:36:52.407 [] [] INFO  [restartedMain] org.hibernate.Version - HHH000412: Hibernate ORM core version 6.6.8.Final
2025-03-24 23:36:52.445 [] [] INFO  [restartedMain] o.h.c.i.RegionFactoryInitiator - HHH000026: Second-level cache disabled
2025-03-24 23:36:52.750 [] [] INFO  [restartedMain] o.s.o.j.p.SpringPersistenceUnitInfo - No LoadTimeWeaver setup: ignoring JPA class transformer
2025-03-24 23:36:52.783 [] [] INFO  [restartedMain] com.zaxxer.hikari.HikariDataSource - HikariPool-1 - Starting...
2025-03-24 23:36:53.051 [] [] INFO  [restartedMain] com.zaxxer.hikari.pool.HikariPool - HikariPool-1 - Added connection org.postgresql.jdbc.PgConnection@43e8fdb0
2025-03-24 23:36:53.056 [] [] INFO  [restartedMain] com.zaxxer.hikari.HikariDataSource - HikariPool-1 - Start completed.
2025-03-24 23:36:53.114 [] [] WARN  [restartedMain] org.hibernate.orm.deprecation - HHH90000025: PostgreSQLDialect does not need to be specified explicitly using 'hibernate.dialect' (remove the property setting and it will be selected by default)
2025-03-24 23:36:53.135 [] [] INFO  [restartedMain] o.hibernate.orm.connections.pooling - HHH10001005: Database info:
	Database JDBC URL [Connecting through datasource 'HikariDataSource (HikariPool-1)']
	Database driver: undefined/unknown
	Database version: 17.2
	Autocommit mode: undefined/unknown
	Isolation level: undefined/unknown
	Minimum pool size: undefined/unknown
	Maximum pool size: undefined/unknown
2025-03-24 23:36:54.185 [] [] INFO  [restartedMain] o.h.e.t.j.p.i.JtaPlatformInitiator - HHH000489: No JTA platform available (set 'hibernate.transaction.jta.platform' to enable JTA platform integration)
2025-03-24 23:36:54.244 [] [] INFO  [restartedMain] o.s.o.j.LocalContainerEntityManagerFactoryBean - Initialized JPA EntityManagerFactory for persistence unit 'default'
2025-03-24 23:36:54.894 [] [] WARN  [restartedMain] o.s.b.a.o.j.JpaBaseConfiguration$JpaWebConfiguration - spring.jpa.open-in-view is enabled by default. Therefore, database queries may be performed during view rendering. Explicitly configure spring.jpa.open-in-view to disable this warning
2025-03-24 23:36:55.713 [] [] INFO  [restartedMain] o.s.b.d.a.OptionalLiveReloadServer - LiveReload server is running on port 35729
2025-03-24 23:36:55.724 [] [] INFO  [restartedMain] o.s.b.a.e.web.EndpointLinksResolver - Exposing 3 endpoints beneath base path '/actuator'
2025-03-24 23:36:55.952 [] [] INFO  [restartedMain] o.s.i.endpoint.EventDrivenConsumer - Adding {logging-channel-adapter:_org.springframework.integration.errorLogger} as a subscriber to the 'errorChannel' channel
2025-03-24 23:36:55.953 [] [] INFO  [restartedMain] o.s.i.c.PublishSubscribeChannel - Channel 'samagp.errorChannel' has 1 subscriber(s).
2025-03-24 23:36:55.954 [] [] INFO  [restartedMain] o.s.i.endpoint.EventDrivenConsumer - started bean '_org.springframework.integration.errorLogger'
2025-03-24 23:36:56.024 [] [] INFO  [restartedMain] o.s.b.w.e.tomcat.TomcatWebServer - Tomcat started on port 8084 (http) with context path '/samagp'
2025-03-24 23:36:56.046 [] [] INFO  [restartedMain] sn.fr.samagp.SamaGpApiApplication - Started SamaGpApiApplication in 7.356 seconds (process running for 8.047)
2025-03-24 23:37:08.705 [] [] INFO  [http-nio-8084-exec-1] o.a.c.c.C.[.[localhost].[/samagp] - Initializing Spring DispatcherServlet 'dispatcherServlet'
2025-03-24 23:37:08.706 [] [] INFO  [http-nio-8084-exec-1] o.s.web.servlet.DispatcherServlet - Initializing Servlet 'dispatcherServlet'
2025-03-24 23:37:08.709 [] [] INFO  [http-nio-8084-exec-1] o.s.web.servlet.DispatcherServlet - Completed initialization in 1 ms
2025-03-24 23:43:01.326 [] [] INFO  [SpringApplicationShutdownHook] o.s.b.w.e.tomcat.GracefulShutdown - Commencing graceful shutdown. Waiting for active requests to complete
2025-03-24 23:43:01.333 [] [] INFO  [tomcat-shutdown] o.s.b.w.e.tomcat.GracefulShutdown - Graceful shutdown complete
2025-03-24 23:43:01.364 [] [] INFO  [SpringApplicationShutdownHook] o.s.i.endpoint.EventDrivenConsumer - Removing {logging-channel-adapter:_org.springframework.integration.errorLogger} as a subscriber to the 'errorChannel' channel
2025-03-24 23:43:01.364 [] [] INFO  [SpringApplicationShutdownHook] o.s.i.c.PublishSubscribeChannel - Channel 'samagp.errorChannel' has 0 subscriber(s).
2025-03-24 23:43:01.365 [] [] INFO  [SpringApplicationShutdownHook] o.s.i.endpoint.EventDrivenConsumer - stopped bean '_org.springframework.integration.errorLogger'
2025-03-24 23:43:01.378 [] [] INFO  [SpringApplicationShutdownHook] o.s.o.j.LocalContainerEntityManagerFactoryBean - Closing JPA EntityManagerFactory for persistence unit 'default'
2025-03-24 23:43:01.383 [] [] INFO  [SpringApplicationShutdownHook] com.zaxxer.hikari.HikariDataSource - HikariPool-1 - Shutdown initiated...
2025-03-24 23:43:01.386 [] [] INFO  [SpringApplicationShutdownHook] com.zaxxer.hikari.HikariDataSource - HikariPool-1 - Shutdown completed.
